square_id,total_internet_traffic
1,92992.66659100028
2,93368.38837972865
3,93768.32936969958
4,91904.38154897094
5,83630.69734398462
6,93768.32936969958
7,93768.32936969958
8,93768.32936969958
9,93768.32936969958
10,56177.7231972022
11,29643.678361820057
12,21867.7863350166
13,13538.531292461848
14,21478.096614937298
15,22429.400896575302
16,26981.520285974257
17,32421.145423659815
18,32421.169930165284
19,32423.481369561516
20,32424.47858217545
21,32434.81731610326
22,32448.544099677354
23,34524.624544289894
24,49538.2430757588
25,49966.58261876181
26,49966.58261876181
27,53278.19224016555
28,59318.434767297935
29,65193.88366671372
30,67584.75101646036
31,68077.99855752941
32,75161.88676909171
33,82038.77692240593
34,75300.4086667801
35,65535.65477693826
36,65535.65477693826
37,65535.65477693826
38,65535.65477693826
39,70391.54729378875
40,69457.31458422105
41,82846.81358718977
42,88116.61877516471
43,139849.33372362703
44,201322.3988342099
45,201322.3988342099
46,201322.3988342099
47,852823.365174324
48,1252877.086004584
49,434177.71085270494
50,123587.91508271918
51,104067.577492801
52,107600.56080748374
53,103821.21342341718
54,115980.53345826268
55,126017.17485342175
56,107975.48956006469
57,88677.85134700988
58,90094.81643077557
59,85229.41975977179
60,76316.50213231519
61,54153.69335807115
62,54153.69335807115
63,55828.89664017642
64,82645.96937677031
65,124087.59089486673
66,125731.45237622783
67,136705.94784097746
68,172437.26229384122
69,141099.3322426034
70,98104.18355482491
71,92244.23289931925
72,105715.5264901224
73,121999.03343025423
74,122575.51639834978
75,122623.41236228496
76,122623.41236228496
77,122623.41236228496
78,122623.41236228496
79,122623.41236228496
80,110143.0647707507
81,65974.45447718538
82,28057.11544389045
83,27362.048915719613
84,27362.048915719613
85,27362.048915719613
86,31754.86667400878
87,43951.054102012946
88,45314.14548347751
89,45314.14548347751
90,45314.14548347751
91,47715.43800966116
92,51098.34419104271
93,72861.6558777811
94,120997.58177625295
95,120997.58177625295
96,120997.58177625295
97,120997.58177625295
98,121044.4477693853
99,120997.58177625295
100,120992.97133432887
101,93173.61753423727
102,83665.57514488048
103,93768.32936969958
104,93768.32936969958
105,93768.32936969958
106,93768.32936969958
107,93768.32936969958
108,93768.32936969958
109,93768.32936969958
110,55906.4653775068
111,32752.319024548167
112,3479.2422441538656
113,13242.852424719284
114,22780.673448439222
115,24853.622188583948
116,31961.402453747287
117,32421.103096250445
118,32421.103096250445
119,32421.103096250445
120,32421.103096250445
121,32421.75912067463
122,32444.964153120294
123,39813.185956340516
124,49739.81399626797
125,54138.56346273236
126,57988.36657540314
127,62847.04503196481
128,67910.25806315872
129,68077.99855752941
130,68077.99855752941
131,72710.31603945978
132,70479.49543899321
133,64948.196744519635
134,63137.816222065594
135,66291.024608345
136,65538.15527275084
137,65523.62217616197
138,65534.02280292567
139,65535.65477693826
140,72029.43874016653
141,87677.59876705159
142,90580.62320905179
143,91121.351531856
144,117841.88106140494
145,138582.1038612798
146,553446.3904684614
147,1597286.236962637
148,611662.2851645947
149,252692.47449174523
150,243290.31734539953
151,189784.30147292162
152,187455.08473214973
153,191997.2352764341
154,205163.56591805443
155,203773.30937003915
156,153961.82155674812
157,81521.64124177676
158,88349.44955968624
159,77989.99452322163
160,77908.55203357339
161,60495.349901653826
162,54153.69335807115
163,54153.69335807115
164,71030.20045797544
165,129546.12039005733
166,135243.64568927017
167,151085.02758493274
168,176172.697996757
169,176139.31786537397
170,162827.83535879292
171,124112.03714432893
172,122514.80846736627
173,122558.11483433098
174,123731.93013424426
175,122623.41236228496
176,122623.41236228496
177,122623.41236228496
178,122623.41236228496
179,122623.41236228496
180,117326.81545014719
181,59723.737491080305
182,27269.200072791427
183,27362.048915719613
184,27362.048915719613
185,27362.048915719613
186,36841.529513094574
187,43972.99433657746
188,50544.6554692199
189,38392.61230948474
190,38527.873410940636
191,51076.1930121287
192,51098.34419104271
193,51439.64717319433
194,92898.40261631273
195,120997.58177625295
196,120997.58177625295
197,120997.58177625295
198,120997.58177625295
199,120997.58177625295
200,120998.43200497449
201,93525.56368555452
202,90037.26381822902
203,93769.03880624869
204,93768.32936969958
205,93772.85161739503
206,93768.32936969958
207,93768.32936969958
208,93768.32936969958
209,93768.32936969958
210,70283.24100273848
211,33486.57266730396
212,26864.464730678126
213,25173.739447357155
214,23109.93481441046
215,31172.878911815933
216,32421.103096250445
217,32421.103096250445
218,32421.103096250445
219,32421.103096250445
220,32421.103096250445
221,33559.4696247417
222,38081.07968188438
223,55010.62523708213
224,58213.69345314987
225,59697.42575836368
226,61117.30459817732
227,67416.04221221246
228,68077.99855752941
229,68077.99855752941
230,68077.99855752941
231,68097.6591643733
232,73529.15783416247
233,68052.3344829079
234,68056.55422708858
235,68060.99672462128
236,67145.43257456087
237,65735.57283452235
238,72223.89131508011
239,103378.31443275511
240,141394.20566774346
241,151325.15527304658
242,108265.09735788024
243,86085.58520889767
244,90580.62320905179
245,94368.64707062766
246,694912.3523162464
247,1002532.3231398612
248,222357.36140815914
249,297631.781958706
250,300835.49926550686
251,260828.59013362683
252,193240.34422045853
253,221806.702001974
254,216997.2827803567
255,205147.8924992308
256,164211.61658678763
257,79720.69841220323
258,82021.57899864018
259,77774.00207712594
260,77994.83366080583
261,76724.08958787099
262,57804.70796918031
263,54153.69335807115
264,97163.68678993732
265,135166.84732172638
266,135166.84732172638
267,150744.42438071966
268,177117.9013562966
269,185784.26007597614
270,191017.77238519222
271,159308.8786575835
272,123653.90109159239
273,122623.35629119352
274,122623.41236228496
275,122623.41236228496
276,122623.41236228496
277,121114.8710311912
278,122623.41236228496
279,122623.41236228496
280,104790.00584422052
281,49899.98397072079
282,27362.048915719613
283,27362.048915719613
284,27362.048915719613
285,38154.17723390437
286,67317.32062020825
287,32413.15316599328
288,30886.91593051725
289,41465.941773431376
290,28885.281216539912
291,37646.6465363889
292,51013.33557658398
293,51098.34419104271
294,57063.600633134134
295,110975.00551415375
296,120997.58177625295
297,120997.58177625295
298,120997.58177625295
299,121005.52267776977
300,121089.813405425
301,82411.2492805951
302,89286.46105078398
303,91941.41101740603
304,94462.94564866899
305,94904.64162133436
306,94357.66511565942
307,93933.88198898593
308,93790.79799418896
309,93768.32936969958
310,87819.0012438827
311,42488.11908373895
312,35290.99378492404
313,35567.84894893045
314,33114.06486256677
315,33837.26003384264
316,32548.01694087498
317,32421.103096250445
318,33148.42084936821
319,35103.91833741125
320,37936.51366170868
321,41555.6440486497
322,51542.97077328793
323,59679.235389606096
324,59739.812688480306
325,62982.08013778925
326,67959.69483905565
327,68077.99855752941
328,68077.99855752941
329,68077.99855752941
330,68077.99855752941
331,68073.780560405
332,68062.32139435783
333,68050.55756310094
334,68055.38432333851
335,68069.40671624616
336,68064.54514886066
337,104710.20921301004
338,169629.52170113474
339,175978.06235509366
340,164743.88023897633
341,176182.6635034801
342,161847.69845577236
343,109578.63024655511
344,99300.25687612058
345,140371.13315255684
346,526703.7514706994
347,893693.2037594599
348,288666.20577226486
349,299920.9369161725
350,296787.6372570763
351,254283.17962681502
352,211875.5986623969
353,218250.38186778128
354,206793.00765846716
355,205147.8924992308
356,182037.1494749263
357,145753.8644318804
358,86571.14192832261
359,81299.22521694843
360,88360.02577391244
361,85443.02663567662
362,78980.86972748023
363,56694.43819295196
364,113412.94897802547
365,135166.84732172638
366,137591.53832570463
367,155684.535042644
368,191542.30029635667
369,197251.99102813005
370,197251.99102813005
371,165246.3592457343
372,132453.70423383964
373,122609.50376799516
374,122623.41236228496
375,122623.41236228496
376,122617.00282293
377,70281.08597393893
378,122623.41236228496
379,122012.10939523461
380,98102.37959881371
381,33408.749565957114
382,27362.048915719613
383,30312.84631977172
384,50982.654598550405
385,77183.22800448118
386,38378.71688991785
387,29844.467104256153
388,33136.638561704196
389,56842.09718370781
390,29564.120084345224
391,29152.974105231464
392,38245.5837229765
393,50516.90693268401
394,50639.936319587054
395,56024.283720598556
396,118944.12209182174
397,119192.06788369967
398,115769.17274593537
399,101625.05678032734
400,85372.73747041076
401,37741.590792855655
402,52960.44013128523
403,67289.52954032831
404,67975.51687079528
405,63158.625061420724
406,80425.59429291752
407,76868.34547971236
408,71952.54049455747
409,57478.936208907515
410,41513.24758186951
411,37401.95924602216
412,35417.42769261263
413,35417.42769261263
414,35416.43444309299
415,34647.43205248279
416,33691.02349898472
417,36007.20704028383
418,40816.964405437
419,42151.94628152251
420,42151.94628152251
421,47895.91311438102
422,59554.77013718421
423,60132.51195124972
424,65643.57300420199
425,68077.99855752941
426,68077.99855752941
427,68077.99855752941
428,68077.99855752941
429,68077.99855752941
430,68077.99855752941
431,68077.51849445608
432,63299.50255287008
433,68736.8471173644
434,68054.6157236707
435,68076.41216669139
436,73025.91047885953
437,159659.083331713
438,175963.80506127793
439,175965.40905763488
440,175963.14718315005
441,176402.41439984646
442,179374.33189335
443,141513.75195246976
444,115564.78532032634
445,145774.7085951846
446,205773.75958284177
447,305751.34061644407
448,437564.5303942375
449,290951.71262878506
450,250564.84337909147
451,209389.16801304556
452,223013.65664343536
453,210691.26776551083
454,205147.8924992308
455,205147.8924992308
456,173294.13368215784
457,167047.12800998893
458,152367.1324149035
459,95851.28893603757
460,94422.6312833149
461,94729.39483733487
462,86980.28859856725
463,83346.11361935665
464,127002.09031812893
465,134728.80499950657
466,158230.3401794653
467,158387.98416811787
468,129865.87121730857
469,153073.63311298192
470,161797.18572808363
471,131363.1802601724
472,104685.8631929066
473,109015.3153832705
474,116192.99052230315
475,114368.44587163627
476,108972.25355346873
477,101016.72722941823
478,103620.05531834066
479,109626.68995983899
480,81724.00836805056
481,27360.59087630175
482,27362.048915719613
483,56316.42749977589
484,78399.99135354016
485,63340.27165623754
486,29893.113110775128
487,29893.113110775128
488,29893.113110775128
489,29893.113110775128
490,29893.113110775128
491,29891.494702829652
492,28217.94965462666
493,34475.497756424826
494,46655.259304219624
495,47602.1226211926
496,71755.30338400183
497,71701.81203076057
498,62254.55712966644
499,58845.47086570226
500,58854.11218237621
501,36997.49864994362
502,36997.49864994362
503,36997.49864994362
504,36997.49864994362
505,36997.49864994362
506,36997.49864994362
507,36791.53802926745
508,35742.140457240865
509,35662.1931365449
510,35662.1931365449
511,35598.78140055202
512,37018.57830864191
513,35839.336844998645
514,35374.04528579861
515,35087.355692787096
516,34449.86465457408
517,41746.700398202636
518,42151.94628152251
519,42151.94628152251
520,42811.30447854777
521,54432.129426362604
522,61796.97352659423
523,66909.38539367355
524,68052.56594895828
525,68065.43921154365
526,68071.86469247378
527,68077.92617966607
528,68077.99855752941
529,68077.99855752941
530,68077.99855752941
531,68076.96011208836
532,68050.55756310094
533,71804.8851415467
534,74423.45794148176
535,59755.89864664595
536,110368.46800524677
537,173891.98164073378
538,175955.17269139853
539,175953.17226467282
540,175954.5686784701
541,176162.74242929602
542,175547.705862578
543,158967.75152404347
544,173997.94447770756
545,150776.0948857451
546,213439.2491529599
547,289095.007042069
548,291971.9717386868
549,221876.9949012613
550,217446.38596457057
551,222439.99579703808
552,209597.58580977842
553,205147.8924992308
554,205147.8924992308
555,198849.0757357208
556,169346.4126835815
557,168569.89044382703
558,186814.2363688904
559,231887.12600669824
560,169811.34709522314
561,115754.63729331456
562,83269.58551005274
563,88760.56387535384
564,134485.69508093596
565,155858.51232545613
566,169060.017539897
567,134658.52669858932
568,120681.62293203175
569,119715.90068724006
570,123206.8205561972
571,104557.12910681547
572,93909.58692245185
573,85697.93203044077
574,83240.62518630794
575,87763.09226393886
576,97297.53114036191
577,97663.55041317083
578,98030.27018567873
579,96923.37500283436
580,193521.67270641122
581,27784.14301579073
582,50139.47825310007
583,76935.07520040357
584,80037.13920641184
585,37451.073675468564
586,29893.113110775128
587,29893.113110775128
588,29893.113110775128
589,29893.113110775128
590,29893.113110775128
591,29403.78344302671
592,26034.832403234905
593,25084.994906258304
594,31593.673178426805
595,43853.89238693939
596,45112.53819246637
597,51929.40585677419
598,58794.804627254605
599,58798.99797483429
600,58820.70802820288
601,36997.49864994362
602,36997.49864994362
603,36997.49864994362
604,36997.49864994362
605,36997.49864994362
606,36997.49864994362
607,37193.76549122954
608,35944.80282804102
609,35662.1931365449
610,35662.1931365449
611,35626.69322634395
612,52589.302527490974
613,35776.56069448579
614,35107.31316677295
615,35032.6705070287
616,34606.402386032045
617,40813.61141982069
618,42151.94628152251
619,42151.94628152251
620,54703.50829702243
621,63704.95330380136
622,68050.55756310094
623,68050.55756310094
624,68050.55756310094
625,68050.55756310094
626,68050.55756310094
627,68062.5620160983
628,68076.22185090277
629,68077.99855752941
630,68074.78157045599
631,68069.16332683805
632,68056.27544180164
633,68051.12212312702
634,74948.59479587447
635,74132.83957615535
636,146067.49579735595
637,164155.38856099546
638,176037.73626262182
639,175953.17226467282
640,175953.17226467282
641,177419.90002668859
642,166372.70949480683
643,136394.71627992205
644,193054.44070391048
645,195643.2586942534
646,264632.0749030425
647,302674.90730373934
648,288730.4183052555
649,263397.3327030353
650,405137.89269934595
651,278781.14988314686
652,205550.29337453842
653,205427.25483132154
654,205356.75760458782
655,207037.95751912356
656,176156.80162560008
657,176021.8557713963
658,189109.8515822068
659,247185.07834961824
660,248223.65675842576
661,195832.51326578856
662,84939.74868478253
663,87655.38471560925
664,172314.24317111447
665,184235.90212326497
666,207387.19740224723
667,126886.10381237604
668,123126.32576555014
669,107330.44856349775
670,101606.15920628048
671,93666.13387760893
672,83456.90733964369
673,83456.90733964369
674,83456.90733964369
675,83456.90733964369
676,88190.59800833836
677,98399.82330104336
678,95586.5785870105
679,71685.59138706326
680,63862.73249557195
681,86160.97991893068
682,77820.27061617794
683,80528.1570734838
684,73967.84647594765
685,30128.332843478885
686,29893.113110775128
687,29893.113110775128
688,29893.113110775128
689,29893.113110775128
690,29893.113110775128
691,27528.072836466134
692,24956.75318823941
693,24956.75318823941
694,40269.07003338821
695,55207.37929795991
696,29790.12351865531
697,48437.99954186473
698,58794.804627254605
699,58794.804627254605
700,58771.70994639024
701,36997.49864994362
702,37357.464675957686
703,36997.49864994362
704,36997.49864994362
705,36997.49864994362
706,36997.49864994362
707,37028.59716574277
708,36269.25318555703
709,35637.60841753078
710,35477.904357176274
711,35307.87532055797
712,119111.86660697559
713,63551.988476808765
714,35298.59073500906
715,35560.56319794501
716,35046.36621252162
717,38106.914913117886
718,42177.11297552375
719,47389.72330116015
720,65531.01948542107
721,68050.55756310094
722,68050.55756310094
723,68050.55756310094
724,68050.55756310094
725,68053.6710176774
726,68053.11265533813
727,68050.55756310094
728,68053.66623214295
729,68063.3522597067
730,68052.40772184532
731,68052.43632019334
732,68053.17972382449
733,68050.55756310094
734,68345.1520887705
735,124281.92963468935
736,175338.06672798097
737,175953.17226467282
738,175953.17226467282
739,175953.17226467282
740,175953.17226467282
741,176077.87916528643
742,189250.54969109828
743,198176.87003903138
744,243535.18707360094
745,246201.49452423118
746,254592.28323553514
747,296524.38698847964
748,297048.5370628089
749,320809.4225920625
750,634273.4996457892
751,700211.2551754847
752,596784.105030179
753,392626.0085860174
754,409393.35723588243
755,485106.91809776385
756,297839.2242545439
757,243358.54707704484
758,284375.3471751604
759,206751.89740987867
760,236599.57361489907
761,262101.86066153436
762,113313.93617569655
763,107561.41560029611
764,190551.11280343312
765,355982.99960425496
766,594277.0867612938
767,526012.39337439
768,274440.2421032991
769,237305.8549325997
770,324488.71507381834
771,178782.29211874673
772,83456.90733964369
773,83456.90733964369
774,83456.90733964369
775,83456.90733964369
776,91815.61844520085
777,81228.88312640041
778,65921.76185312681
779,64531.15839171223
780,73615.20165929105
781,113339.34963273071
782,112169.89746824955
783,89386.09609555895
784,63818.80340341851
785,29893.113110775128
786,29893.113110775128
787,29828.914902519435
788,29847.717229453847
789,29893.113110775128
790,29882.207075887534
791,26574.8155930629
792,24956.75318823941
793,24364.049254499376
794,68706.3207530044
795,81250.8087237957
796,33893.96813191683
797,54602.57499091793
798,70067.50902568921
799,58794.804627254605
800,58745.722900271416
801,37504.23290581093
802,36809.048792595684
803,37021.69951702194
804,37017.85623745315
805,36997.49864994362
806,37195.43606822885
807,37454.60490011936
808,38042.39642134146
809,35353.55797118414
810,35277.435935109854
811,35277.435935109854
812,35277.435935109854
813,35507.1650559376
814,28982.50925418525
815,22453.289310112596
816,35074.387874924
817,37104.50525877881
818,43494.545652506175
819,59578.97250575604
820,68001.61891433867
821,68050.55756310094
822,68050.55756310094
823,68050.55756310094
824,68051.16159690637
825,68080.8170195194
826,68069.72094509023
827,68061.30400111899
828,68052.24230563786
829,68050.55756310094
830,68265.99062842247
831,76255.71690889786
832,68050.55756310094
833,68050.55756310094
834,83677.40223630081
835,161842.58520360477
836,175621.96105527133
837,175953.17226467282
838,175953.17226467282
839,175953.17226467282
840,175953.17226467282
841,179886.26594863087
842,190119.69034986477
843,186013.08865721337
844,199553.08279883722
845,269661.16959495656
846,290209.2427524291
847,381430.8656793656
848,351665.66692703636
849,514426.178604536
850,728939.016426191
851,975096.3328128061
852,847162.9944385998
853,682778.8121822895
854,524011.1772151962
855,501607.3851329908
856,472974.65579392144
857,356213.4880685434
858,296280.82898169477
859,112623.41396152973
860,116737.77508907407
861,149937.62093588524
862,140574.03457104787
863,129094.49203394214
864,297996.17467248277
865,622418.6902305558
866,624053.8751233593
867,507947.2215515226
868,409810.7871722926
869,354696.40206081234
870,354696.40206081234
871,150895.00126582198
872,83456.90733964369
873,83456.90733964369
874,83456.90733964369
875,83456.90733964369
876,196597.4680862669
877,64671.66249932302
878,64531.15839171223
879,68584.29538791813
880,74105.75755077502
881,87340.38915787078
882,108533.25235655709
883,108234.86035162443
884,52195.48488430213
885,29893.113110775128
886,29893.113110775128
887,29550.022222437896
888,29567.461703417823
889,29893.113110775128
890,29436.474999209633
891,25359.373710555956
892,24956.75318823941
893,41664.59706086945
894,66587.48312976095
895,81249.52273970749
896,95674.03661408462
897,170202.40794610605
898,181356.68537969934
899,128635.32417622954
900,80881.49660587008
901,36997.49864994362
902,36997.49864994362
903,37065.23858915207
904,37386.8166252285
905,37320.56075136422
906,38134.67010118137
907,39549.643879635725
908,38923.28297377989
909,35277.435935109854
910,35301.45933513495
911,35289.447644674976
912,36825.47994517768
913,36822.072564994916
914,39775.49294327153
915,39554.1008720682
916,35094.599704901746
917,35201.585952058
918,41571.70879507257
919,57001.350899803685
920,67361.0927025954
921,68050.55756310094
922,68050.55756310094
923,68011.94698422497
924,67656.94839171733
925,67714.78698928136
926,67698.8884428874
927,67870.35861124922
928,68097.83864007471
929,67539.78238118315
930,68050.55756310094
931,87951.56617508922
932,68050.55756310094
933,86460.31997672189
934,145084.60397150833
935,174890.58083635825
936,175953.17226467282
937,175953.17226467282
938,175953.17226467282
939,175953.17226467282
940,163995.75735059194
941,191881.4495243386
942,192703.86623242497
943,191751.92411282426
944,192954.6171879312
945,211895.49384298734
946,301303.76627455535
947,317030.66314153234
948,341008.75412736123
949,379825.61957439035
950,621235.9810394398
951,1097205.6976278871
952,992458.1723550519
953,756261.7809563726
954,655268.9113817178
955,632686.1445244588
956,583367.4816500917
957,394671.84652417386
958,324348.4064836716
959,109083.88048021891
960,121439.40886272345
961,139078.66113618272
962,147264.91033875197
963,252946.90296871215
964,434339.3886045888
965,467829.50656798016
966,433716.39668317884
967,419953.4497358644
968,402970.2200731258
969,354395.1130575078
970,356998.5120208096
971,144804.3230627384
972,83436.30220193975
973,83456.90733964369
974,83456.90733964369
975,94436.22257580116
976,145468.0582728478
977,64531.15839171223
978,66779.78218647838
979,73838.23624152094
980,74341.92668220587
981,74864.49064847082
982,76108.239678015
983,88340.19237156957
984,53320.52358703688
985,29799.399233205244
986,29893.113110775128
987,29893.113110775128
988,29893.113110775128
989,29893.113110775128
990,28613.293780406937
991,24956.75318823941
992,24471.6920340918
993,21863.000735179055
994,21566.377882048488
995,26627.94033387024
996,116906.61047605146
997,204861.89324615314
998,213433.7639872767
999,213203.52270292118
1000,204672.85524226073
1001,36997.49864994362
1002,36722.089019125095
1003,36089.27328366414
1004,38537.733747327235
1005,30135.230952539656
1006,31656.18731655687
1007,25110.360863507958
1008,51928.85286910695
1009,39743.630305600236
1010,41001.08884520619
1011,41641.036368754925
1012,43357.180609222036
1013,42672.015100423596
1014,40591.18093544594
1015,40259.87811824662
1016,34883.22541229741
1017,35249.377086218214
1018,37199.86899511423
1019,36775.90390580241
1020,39911.6813814973
1021,45192.97643091739
1022,43126.85135312099
1023,36251.46483214293
1024,201758.4164718573
1025,28599.733404305764
1026,28599.733404305764
1027,32393.892625523767
1028,40541.04244335543
1029,46162.0115447538
1030,45000.84175555216
1031,61783.53513466101
1032,64383.8984804675
1033,89764.53828866663
1034,169466.9475173019
1035,175953.17226467282
1036,175953.17226467282
1037,175953.17226467282
1038,175953.17226467282
1039,175953.17226467282
1040,187674.69798985124
1041,192703.86623242497
1042,192703.86623242497
1043,189746.2332089562
1044,178674.58720479906
1045,228003.5444049528
1046,312851.5405382896
1047,417359.87695679767
1048,349997.14799392223
1049,350052.69583553076
1050,471796.44995769486
1051,1146964.7490625978
1052,1081899.7830435187
1053,880734.1275215168
1054,565264.1255773809
1055,597369.7055800036
1056,520967.5502871424
1057,405189.289399229
1058,411673.80978547037
1059,210376.17285798304
1060,134929.78552548494
1061,144194.0952222841
1062,146552.69424901158
1063,297467.5321819857
1064,429772.56447800994
1065,402855.72341745533
1066,402743.07025801716
1067,332471.1387242675
1068,290404.0366301073
1069,316737.4807720203
1070,447140.46646671556
1071,433093.5779389012
1072,108081.93875608966
1073,92776.22846207581
1074,94897.97587304935
1075,308764.6986621185
1076,102204.34161673789
1077,65287.029583192896
1078,72869.53668407258
1079,74815.91939031554
1080,74864.08448217282
1081,74864.49064847082
1082,74965.13095779344
1083,76340.92459895089
1084,69385.42123311292
1085,30071.696415183833
1086,29894.36854037363
1087,29893.113110775128
1088,29893.113110775128
1089,29909.991874891624
1090,27641.27052818099
1091,24956.75318823941
1092,39504.89876394719
1093,21571.14399982989
1094,21562.732243545353
1095,21571.14399982989
1096,85169.55344194174
1097,204861.89324615314
1098,213427.1641393155
1099,199796.61028150655
1100,213433.7639872767
1101,37156.541723656235
1102,37529.281746671244
1103,37200.17430839507
1104,39351.59134796591
1105,36323.44133063266
1106,23282.993118710758
1107,12964.48442800017
1108,38905.263638603035
1109,44337.225136530586
1110,44951.47374417074
1111,45067.97902767686
1112,45592.667964300024
1113,45658.96225485206
1114,44355.156833977904
1115,41003.04901261162
1116,40274.78439116769
1117,37519.429522297345
1118,32303.635597214918
1119,36775.90390580241
1120,36780.83159155492
1121,33393.62858742825
1122,28512.694500152953
1123,28512.694500152953
1124,28513.017115803174
1125,28530.52774723526
1126,28554.338847768493
1127,28633.489847918972
1128,27446.077587574255
1129,21446.425609222555
1130,32531.394851353718
1131,202062.55865916295
1132,29393.553347052075
1133,57617.24133911799
1134,173252.72253583462
1135,170010.38349399378
1136,175953.17226467282
1137,175953.17226467282
1138,175953.17226467282
1139,177605.09509663563
1140,192354.52259106835
1141,192703.86623242497
1142,188087.99115483626
1143,167927.6349400269
1144,145257.33095877978
1145,148873.399912918
1146,502043.3406673223
1147,941199.5314139411
1148,351985.5982245947
1149,350052.69583553076
1150,836077.9459348826
1151,1374929.3371820794
1152,1038993.6738623879
1153,502822.65104274824
1154,339619.50323573686
1155,331417.5558195263
1156,333429.5282375729
1157,387916.56595057994
1158,406300.39187413827
1159,349315.4602276329
1160,170774.6063201446
1161,147264.91033875197
1162,147264.91033875197
1163,222105.1042812094
1164,423299.06482669106
1165,417244.99456541985
1166,294684.7342572857
1167,290522.84474641085
1168,290522.84474641085
1169,297793.3994735088
1170,450333.4696427857
1171,390521.5905671315
1172,100926.0632902782
1173,101943.24714835174
1174,101284.69337015133
1175,97796.38134366833
1176,73173.02935695322
1177,71583.18314613309
1178,74840.50023683635
1179,74864.49064847082
1180,74864.49064847082
1181,74899.6068066433
1182,77603.84569901694
1183,78840.2124177292
1184,78334.97103416256
1185,66194.87198187225
1186,36679.41871839424
1187,30535.602793358266
1188,29893.113110775128
1189,30289.770554842427
1190,27168.561892901547
1191,62429.573744805646
1192,75067.04997608792
1193,24206.416071023326
1194,21569.477593496442
1195,21571.14399982989
1196,81010.8131361492
1197,212977.81265423348
1198,213433.7639872767
1199,213413.9879849162
1200,213785.80596146197
1201,36997.49864994362
1202,37621.51005494618
1203,38392.343688633526
1204,42780.107081440976
1205,46209.43765134085
1206,19986.58399779143
1207,5362.053772660198
1208,35897.709044268355
1209,45658.96225485206
1210,44886.79307597689
1211,48695.364682327025
1212,63534.57931762026
1213,45658.96225485206
1214,45658.96225485206
1215,44005.4036097019
1216,40022.589950453155
1217,34831.11552598048
1218,33378.78151025344
1219,36524.784314962744
1220,36859.7892930517
1221,36360.226764568826
1222,28567.464109200228
1223,28517.80549932178
1224,28513.306522011582
1225,28512.694500152953
1226,28512.694500152953
1227,28682.438924567774
1228,29950.38429734821
1229,28297.868773677386
1230,65580.10898617562
1231,28512.694500152953
1232,28512.694500152953
1233,46111.982974992134
1234,116806.81984569319
1235,175204.10596299107
1236,175953.17226467282
1237,175953.17226467282
1238,175953.17226467282
1239,177652.9773522485
1240,187677.96561929636
1241,159134.37474571168
1242,146266.24199997657
1243,140957.73402628303
1244,140946.90708479285
1245,140992.91047279
1246,740017.4864096846
1247,1008318.2889570706
1248,449594.17050950974
1249,382565.0933871716
1250,1404636.2868661769
1251,1798129.2221462377
1252,414247.0926832445
1253,410476.4796400368
1254,529273.652842233
1255,332836.8979019809
1256,324452.26007307414
1257,342421.7485284731
1258,377595.2862775037
1259,465691.07151656924
1260,601275.5181765434
1261,111843.8044815734
1262,106014.16724750388
1263,124493.26190132136
1264,258711.5374677966
1265,296438.71012769826
1266,288805.60029590875
1267,290522.84474641085
1268,290522.84474641085
1269,290522.84474641085
1270,330198.24143758044
1271,150116.73130365333
1272,121020.49616493471
1273,103488.81059316586
1274,97810.47956130328
1275,97990.70279745432
1276,84654.78755980032
1277,74864.49064847082
1278,74864.49064847082
1279,74864.49064847082
1280,78197.32728062477
1281,76200.46374539007
1282,82071.77757379413
1283,86476.76644881628
1284,92719.71223683003
1285,201549.5178081377
1286,193357.28675777046
1287,122587.01045105909
1288,44169.27212684415
1289,30097.941420487943
1290,46885.523982086685
1291,85668.21260797046
1292,84927.19508671388
1293,52018.699527561665
1294,21571.14399982989
1295,21571.14399982989
1296,42527.398190120206
1297,213433.7639872767
1298,213433.7639872767
1299,213422.2354724314
1300,223517.9563464895
1301,36997.49864994362
1302,37188.249946517404
1303,42474.9960706468
1304,45586.51195055446
1305,45658.96225485206
1306,34262.38281242817
1307,15616.036172430031
1308,41275.5119741261
1309,45658.96225485206
1310,29859.325800546445
1311,56894.95893386565
1312,45658.96225485206
1313,45658.96225485206
1314,45658.96225485206
1315,45658.96225485206
1316,37341.277134405915
1317,33863.26936423965
1318,34130.76421095058
1319,37342.63896195521
1320,36862.94282414112
1321,36829.42229721451
1322,29258.93109247228
1323,28599.733404305764
1324,28590.49586935807
1325,28556.210082170554
1326,28522.111360879615
1327,29013.065230360255
1328,29158.92633850391
1329,30283.48030862247
1330,28512.694500152953
1331,28512.694500152953
1332,28395.40084383823
1333,54758.533537980984
1334,60230.506467181076
1335,102227.00591471524
1336,175148.80329151452
1337,175953.17226467282
1338,183138.54302537534
1339,233291.6893421188
1340,248051.7444181235
1341,174057.4502412416
1342,140957.73402628303
1343,140957.73402628303
1344,141992.28143092943
1345,194877.49710290506
1346,834576.9350879192
1347,775741.4262918867
1348,463031.97468318045
1349,485828.3980280608
1350,493613.92820001394
1351,530532.1498815343
1352,310376.3928694874
1353,344275.4195428323
1354,401262.4221790284
1355,262145.48663930595
1356,250443.59681603056
1357,230099.41042717732
1358,207287.53115614504
1359,190278.55929135482
1360,90410.46661135489
1361,52396.81232908741
1362,70245.90065797465
1363,85874.29695343785
1364,242286.75234622555
1365,292255.6652065455
1366,280744.9718432203
1367,290522.84474641085
1368,290522.84474641085
1369,290522.84474641085
1370,283384.591961164
1371,132939.17717653327
1372,123592.66169324517
1373,122432.42530808935
1374,117794.14139777236
1375,103026.8439500425
1376,117489.37680232851
1377,102741.05691402778
1378,72796.12611101568
1379,71423.71758621559
1380,71171.75932865962
1381,71835.70780251175
1382,110098.90149485215
1383,119474.88888905942
1384,145482.2324377317
1385,201800.06976474728
1386,211674.46421062015
1387,212010.17280493677
1388,201988.12540732592
1389,96276.65546064731
1390,85399.47352414514
1391,86638.54120519134
1392,85718.93837624788
1393,82708.68407610018
1394,52450.36756577343
1395,113955.41906186874
1396,244256.6473716913
1397,259171.22217226215
1398,226829.3271447681
1399,241866.43015823886
1400,295355.29326251894
1401,37777.25767370494
1402,44221.44388342928
1403,38911.60357792117
1404,44579.33265363329
1405,45658.96225485206
1406,40787.09163046302
1407,37644.36004784331
1408,45658.96225485206
1409,45658.96225485206
1410,45658.96225485206
1411,60116.8276584507
1412,45658.96225485206
1413,45658.96225485206
1414,45637.9270947692
1415,46564.76082076458
1416,34286.30250497779
1417,40250.89514155127
1418,49323.08014272631
1419,45970.036398113705
1420,35038.12356385775
1421,37233.292427907014
1422,31575.24607386114
1423,28881.255549089983
1424,28888.880795480683
1425,28972.86363204522
1426,28852.00089910254
1427,29149.80262602103
1428,29074.79639954609
1429,28845.739613957237
1430,28885.82471454097
1431,28483.79841069132
1432,26876.15686195169
1433,26754.94980598055
1434,84659.19277719455
1435,60316.37447236106
1436,120327.6643768407
1437,158380.00969692692
1438,162941.09090588894
1439,273852.4777291417
1440,323026.0586055601
1441,234372.6790291483
1442,168350.78120566532
1443,230437.31935142237
1444,302423.8507443741
1445,345415.40179511905
1446,347979.14543448016
1447,409458.81415716535
1448,336754.89847663976
1449,368764.41926609166
1450,372436.7811790658
1451,379427.5977515613
1452,531916.015444342
1453,451777.23318203725
1454,420228.21898845397
1455,305997.99348522956
1456,248874.91295819357
1457,231745.37322214246
1458,224848.33870694414
1459,209115.76056205435
1460,92120.4720423054
1461,42970.91272785645
1462,52656.775145661086
1463,65612.140475085
1464,112362.5866468288
1465,285553.4494269311
1466,290469.5348984271
1467,290470.2140343739
1468,290470.2140343739
1469,290470.2140343739
1470,290470.2140343739
1471,178212.9306897372
1472,123257.2970613949
1473,124703.85517017171
1474,133289.4731956157
1475,113041.10682745092
1476,133736.78723533265
1477,136369.5024402514
1478,125762.78031265177
1479,88090.97997332737
1480,70853.42498290166
1481,80517.54074903019
1482,96553.02351586334
1483,116944.69721457231
1484,128380.15423148777
1485,190817.67661367357
1486,208781.59141560877
1487,211797.24465937912
1488,212406.79016734636
1489,214458.31503512803
1490,101658.64341916842
1491,172340.1032418739
1492,220935.5473531112
1493,203928.14614783134
1494,244804.16273364308
1495,325245.5042928234
1496,327396.7012242228
1497,327396.7012242228
1498,320388.8375116844
1499,298991.82102839893
1500,298562.64136109385
1501,42566.466551679885
1502,45658.96225485206
1503,41424.865735080195
1504,44107.13051519776
1505,45658.96225485206
1506,63062.970127629116
1507,58293.92015831359
1508,45658.96225485206
1509,45658.96225485206
1510,45658.96225485206
1511,56840.56677844946
1512,45658.96225485206
1513,45658.96225485206
1514,47677.245368653676
1515,48071.98376433877
1516,47030.57310809664
1517,49990.238991079736
1518,50153.28135742247
1519,47679.192454377655
1520,39858.35204529924
1521,37508.23229423538
1522,32707.18045945093
1523,29246.200654301792
1524,29246.200654301792
1525,29246.200654301792
1526,29246.200654301792
1527,29238.067757170647
1528,29175.87234652415
1529,29159.161741208285
1530,29159.161741208285
1531,27902.629446784034
1532,26754.94980598055
1533,36091.51608013408
1534,13067.917857072316
1535,73636.35565204918
1536,61758.847411221825
1537,141356.4285692717
1538,152195.1517341137
1539,95844.4727534689
1540,234081.34695391497
1541,223909.20366135798
1542,132897.83121575415
1543,134403.8272907671
1544,244635.4192147234
1545,343395.67964424624
1546,347920.4300934579
1547,389460.58802744
1548,359788.6842100322
1549,338235.9078172166
1550,332548.7653540545
1551,410137.14827968366
1552,624165.8162157144
1553,548406.4216779172
1554,473215.5974015333
1555,584296.1802015249
1556,331692.6322895661
1557,234468.10280232877
1558,233377.087723203
1559,216786.3128213482
1560,51985.85298143141
1561,42949.720026720315
1562,43123.90051946044
1563,43511.29804739304
1564,55077.32050348981
1565,144446.51406659465
1566,262525.6600415226
1567,237734.02351857722
1568,211978.21652277466
1569,210950.2461728016
1570,198733.428980086
1571,179182.65196717577
1572,133445.00628368743
1573,135664.7132150447
1574,130781.55178336333
1575,130349.26143736113
1576,136369.5024402514
1577,136369.5024402514
1578,136369.5024402514
1579,131112.0413265014
1580,96597.38994083297
1581,87481.21006994508
1582,84782.7467616878
1583,334226.7037017613
1584,551699.006558166
1585,362689.1354239895
1586,252789.72055561468
1587,239535.20885045826
1588,252861.99773324165
1589,328773.0072357729
1590,314605.3651420517
1591,333725.0789121591
1592,333412.6615233759
1593,333537.1283272207
1594,317681.3294640379
1595,317340.19204143435
1596,327396.7012242228
1597,327021.87394952355
1598,263248.4811882749
1599,267925.4162295655
1600,244881.12440665672
1601,44891.581314121024
1602,45658.96225485206
1603,45658.96225485206
1604,45658.96225485206
1605,45014.231004904956
1606,42746.50329557154
1607,44035.69129846245
1608,45658.96225485206
1609,45658.96225485206
1610,57760.92219402362
1611,61445.89641840523
1612,68739.54895060044
1613,58110.021165563725
1614,49674.80332470266
1615,196869.66917206382
1616,50153.28135742247
1617,50115.31685949484
1618,50060.5889366928
1619,50153.28135742247
1620,43579.85739848018
1621,37069.45241887402
1622,38307.04150405209
1623,29246.200654301792
1624,29246.200654301792
1625,29246.200654301792
1626,29675.091829246143
1627,92673.16914382449
1628,28129.702897004856
1629,33382.395250201225
1630,30521.89967435153
1631,26880.841065713204
1632,26754.94980598055
1633,62925.76543570752
1634,27989.996555864345
1635,26754.94980598055
1636,83426.81969561707
1637,211911.62813229882
1638,218485.0439416468
1639,185795.0539035648
1640,139850.65672327485
1641,494130.94697736483
1642,198197.75234838203
1643,132727.6688771397
1644,132703.39774647355
1645,168481.09836876392
1646,419557.4287263155
1647,487157.337670207
1648,434288.3562581092
1649,343480.5663790703
1650,271924.8893776387
1651,327278.700601168
1652,634802.7699150443
1653,616385.2082682848
1654,707397.1675755903
1655,754366.2059720606
1656,715287.7351746019
1657,359393.12320667505
1658,234058.72890182585
1659,199170.51229165867
1660,53698.37127103098
1661,43066.274324804544
1662,43140.493939608335
1663,43140.493939608335
1664,43140.493939608335
1665,43496.15450627555
1666,124869.96722541132
1667,129853.66976174712
1668,125757.64108369127
1669,139914.3965088604
1670,134437.43320937036
1671,133440.5817650631
1672,138768.2425240688
1673,139387.99884105596
1674,139544.7696407577
1675,138255.13390214462
1676,136369.5024402514
1677,136369.5024402514
1678,136369.5024402514
1679,134464.59889915958
1680,116899.87754003797
1681,86509.65027579002
1682,84377.66523072752
1683,344792.30352608487
1684,580568.5227621943
1685,382622.8593564406
1686,260635.5896389559
1687,278002.0445246957
1688,343559.5778968916
1689,357603.7879186161
1690,355175.04909703974
1691,333578.6673889011
1692,333888.77616285905
1693,333576.9426894672
1694,404149.80375116016
1695,416896.6400333792
1696,479325.90047186613
1697,469778.4213463478
1698,194340.675889045
1699,176862.1503079608
1700,187317.50232842937
1701,40142.27502064174
1702,44960.1552340987
1703,43536.401674434775
1704,45357.368933558755
1705,44163.79959478602
1706,45556.335622090846
1707,45614.27042698674
1708,45658.96225485206
1709,58474.26103527006
1710,80001.69387084457
1711,69323.73791943517
1712,80030.36738888547
1713,82836.12094767997
1714,101013.84517173609
1715,157505.404271467
1716,63712.98395738844
1717,48161.56294602784
1718,53867.95424832031
1719,50153.28135742247
1720,42315.39604791533
1721,37282.152977112215
1722,33408.30169569969
1723,29246.200654301792
1724,27996.72682560794
1725,41526.942764281644
1726,32520.86187968403
1727,51040.65849834215
1728,37780.220686633955
1729,37152.65754347667
1730,36315.523267298006
1731,32109.245555192232
1732,26766.927385764197
1733,26754.94980598055
1734,26754.94980598055
1735,51551.55060969759
1736,166377.49495959375
1737,218485.0439416468
1738,218485.0439416468
1739,218485.0439416468
1740,147216.87016957998
1741,357504.99612931535
1742,463755.77714914456
1743,155989.3572950065
1744,132693.11239996552
1745,132700.92299363017
1746,254692.16339039803
1747,487157.337670207
1748,501356.7189103365
1749,343480.5663790703
1750,268324.97106428444
1751,253194.46293260384
1752,536762.1357668042
1753,541173.7483523488
1754,638532.0641481802
1755,754166.7397688031
1756,753085.4624664497
1757,669664.907898182
1758,279074.2940499219
1759,138903.7589757219
1760,42970.87348264456
1761,43134.826950877905
1762,43140.493939608335
1763,43140.493939608335
1764,43140.493939608335
1765,43135.4519649446
1766,125013.86855550273
1767,129925.80707319826
1768,129726.42647817731
1769,129904.53497568518
1770,131065.55275513232
1771,137439.8292277828
1772,142324.9035145007
1773,137885.95906091202
1774,135143.49217306217
1775,138255.13390214462
1776,136369.5024402514
1777,136336.11905225366
1778,135996.03821874782
1779,136070.7016897183
1780,135961.95361196803
1781,123756.00233154371
1782,150671.18601229042
1783,380892.7359002419
1784,414747.4570631166
1785,383130.80422421946
1786,286371.35838859575
1787,337284.1781165153
1788,359423.5838709711
1789,357603.7879186161
1790,357603.7879186161
1791,356082.14612675644
1792,335306.30167519907
1793,332974.626379068
1794,464925.70425360836
1795,491917.78660370596
1796,495132.1554747848
1797,509551.6691678318
1798,237669.7937249057
1799,63017.60664399143
1800,19961.755137840722
1801,26914.284905884415
1802,43511.80902909636
1803,43134.96709482469
1804,41947.905781820475
1805,43142.2882741699
1806,45347.35032846965
1807,42867.844851821894
1808,48748.44759536907
1809,75578.55997140054
1810,80030.36738888547
1811,85697.97460976336
1812,101704.04917353112
1813,107755.78945891076
1814,116983.79713053419
1815,126657.96897380985
1816,101729.77267059311
1817,50153.28135742247
1818,50153.28135742247
1819,50153.28135742247
1820,43544.79065920459
1821,35397.11732764615
1822,32509.12792400224
1823,28027.821044076234
1824,28132.044020885194
1825,56490.482990918215
1826,36074.550432377495
1827,37152.65754347667
1828,37152.65754347667
1829,37152.65754347667
1830,35560.839397819946
1831,31216.83648524061
1832,27198.7107704957
1833,26786.812151705846
1834,26754.94980598055
1835,56307.4205430923
1836,194838.51533823647
1837,218485.0439416468
1838,218485.0439416468
1839,218485.0439416468
1840,216443.48337873816
1841,291903.5839499533
1842,507852.2642801404
1843,356394.75014962256
1844,136128.34090311476
1845,132693.11239996552
1846,245277.5667739692
1847,751618.3479563165
1848,890686.4196333019
1849,712708.0336497426
1850,321406.44663722813
1851,296542.38508214056
1852,456023.5593469739
1853,475569.79047751427
1854,495130.84250608645
1855,716109.5571559634
1856,745404.75161618
1857,642432.4072829485
1858,212782.21355378535
1859,102464.69642743841
1860,43023.72360602021
1861,43140.493939608335
1862,43140.493939608335
1863,43140.493939608335
1864,43140.493939608335
1865,43136.5839112699
1866,125013.86855550273
1867,129912.87375511974
1868,129934.14574620873
1869,129934.14574620873
1870,132187.8512398377
1871,140501.53002381325
1872,140875.9584451504
1873,120632.30606080219
1874,121368.75687735481
1875,142333.64537187386
1876,138798.20773581415
1877,139998.3762065973
1878,141564.83971809596
1879,144221.9732429618
1880,149900.05120437779
1881,190782.94279210805
1882,221791.90783372894
1883,431553.51332111005
1884,451320.31473466754
1885,426855.50257154275
1886,189292.41611672076
1887,218218.6163105322
1888,352041.5241426043
1889,357603.7879186161
1890,357603.7879186161
1891,357643.1055519003
1892,296805.6872872114
1893,303427.6235397812
1894,424697.374892178
1895,365648.2876961692
1896,384633.81676594354
1897,458000.3414084789
1898,112234.76161684035
1899,53996.37616737466
1900,20565.06839669065
1901,22129.050992464647
1902,27645.197167242877
1903,41607.92912477674
1904,41996.86882081535
1905,40740.1196641319
1906,40339.48073772527
1907,61773.41064496152
1908,63372.088346734876
1909,85112.33529774321
1910,97702.65638852213
1911,116532.76845352491
1912,120026.19018357433
1913,110032.41403887793
1914,170011.48543055286
1915,126657.96897380985
1916,154772.06046165898
1917,74882.77348350687
1918,54499.82407187065
1919,50153.28135742247
1920,43905.525224105455
1921,36315.47695161356
1922,34779.032606975525
1923,27666.455694397446
1924,28824.493090992793
1925,34636.17018092424
1926,37152.65754347667
1927,37152.65754347667
1928,37152.65754347667
1929,36978.066803657915
1930,31971.848886822816
1931,26846.100892728195
1932,26846.100892728195
1933,27100.28890070785
1934,59024.04455414461
1935,80344.12648695125
1936,214726.35534672742
1937,218485.0439416468
1938,218485.0439416468
1939,218485.0439416468
1940,217794.09340316057
1941,211078.0650770329
1942,507852.2642801404
1943,507852.2642801404
1944,370645.9717673063
1945,197406.97212558612
1946,705065.2396634908
1947,836068.8098909259
1948,892762.3182503222
1949,808188.5771394596
1950,410794.36777647724
1951,354525.83772026165
1952,433187.2892643735
1953,456665.66808280745
1954,423847.0934842861
1955,434552.111283279
1956,491175.45718312357
1957,426069.870785404
1958,180179.5611310061
1959,85803.70652652532
1960,43326.49600597611
1961,43140.493939608335
1962,43140.493939608335
1963,43140.493939608335
1964,43140.493939608335
1965,43140.493939608335
1966,125013.86855550273
1967,129934.14574620873
1968,129934.14574620873
1969,129934.14574620873
1970,132215.6923209112
1971,138431.18428526074
1972,128846.97472228855
1973,168642.2715408149
1974,200900.77416747622
1975,156661.21655630227
1976,131497.01484589837
1977,145762.99199207034
1978,150418.03241118044
1979,149995.97890524566
1980,168999.82608352974
1981,230277.07801947067
1982,192992.72283827886
1983,287228.248562634
1984,387824.99378186464
1985,261071.1949427696
1986,155083.74722710252
1987,155083.74722710252
1988,344782.50644700974
1989,494914.96401661634
1990,376636.2207157137
1991,342528.8596872082
1992,276069.8014450616
1993,273348.0577363726
1994,242171.0247353334
1995,227521.06697240658
1996,233203.12977508456
1997,219811.95252353046
1998,39411.59663660079
1999,27646.368752186187
2000,21181.865966347978
2001,22177.034902573563
2002,22298.331688474398
2003,31939.15645081282
2004,41483.925480962964
2005,41289.95979869517
2006,37007.5243214611
2007,53737.86749281362
2008,99610.8074925763
2009,118875.1475911364
2010,120026.19018357433
2011,118662.43254017457
2012,120026.19018357433
2013,119884.9121620642
2014,122000.90409130114
2015,114001.80327903759
2016,160489.10368885542
2017,99216.08438608423
2018,97250.75046385592
2019,76026.7340458734
2020,50587.364368633134
2021,37594.571139886975
2022,64132.13648159243
2023,43310.096292958595
2024,30122.308345329948
2025,36925.12546805407
2026,32659.615208245756
2027,37152.65754347667
2028,37152.65754347667
2029,35978.84556965111
2030,27356.889672891935
2031,26846.100892728195
2032,26846.100892728195
2033,47870.61786725372
2034,120459.91097403644
2035,140310.0212399494
2036,219073.492942065
2037,218810.68533772416
2038,218485.0439416468
2039,218485.0439416468
2040,183571.79340857593
2041,260769.72490279865
2042,424407.6242990494
2043,504599.2465998214
2044,507852.2642801404
2045,829266.1672808453
2046,909260.8505907059
2047,837877.9967134893
2048,531623.9289239794
2049,422614.4443259835
2050,374254.266852811
2051,354375.3971966803
2052,367161.58117040014
2053,377148.5089620361
2054,376876.8247845508
2055,313499.11629106104
2056,332886.9896679735
2057,561139.357359786
2058,126230.37926611054
2059,75060.2336153686
2060,76028.66058703046
2061,58407.85657604784
2062,46969.8861502856
2063,43140.493939608335
2064,44818.61553159205
2065,80799.25675729662
2066,139721.7509040914
2067,130552.95274867024
2068,129934.14574620873
2069,129541.65391966328
2070,129583.00397606753
2071,127642.95711664949
2072,190295.70286747627
2073,209610.90590411425
2074,221432.1852348931
2075,137096.2455352731
2076,82980.4540957585
2077,120527.26831147214
2078,141348.19526358135
2079,142050.4643100053
2080,197850.52736472152
2081,282527.4702808035
2082,244225.3192678541
2083,281361.8028775719
2084,287009.04222770035
2085,199989.3039802909
2086,155083.74722710252
2087,155083.74722710252
2088,505901.9719952261
2089,631493.9462194126
2090,611614.9845815953
2091,362548.1067048386
2092,273566.1011740761
2093,273705.8791471049
2094,243010.41634331644
2095,227628.3653791286
2096,227628.3653791286
2097,217823.42272767192
2098,30198.38638797216
2099,28958.32688721735
2100,21290.54923063726
2101,21773.206318723038
2102,22129.050992464647
2103,23594.098180221103
2104,38666.87425206159
2105,52605.50288203708
2106,96719.82442741997
2107,141027.8815455347
2108,124288.12975373352
2109,118045.83291933127
2110,120026.19018357433
2111,119429.00577323884
2112,119579.0373529438
2113,115517.51910157176
2114,99094.43768598826
2115,99216.08438608423
2116,99216.08438608423
2117,89653.72646679904
2118,96853.01288659265
2119,98266.32000458427
2120,63559.429492211784
2121,125237.46459661238
2122,57337.29613106762
2123,39684.2906398247
2124,35514.22538386774
2125,36672.95713056438
2126,34166.03013263084
2127,37299.87980948016
2128,37152.65754347667
2129,33939.14795636758
2130,26706.664757160062
2131,26873.89240213763
2132,47095.710151195526
2133,107612.78977723839
2134,141535.4051122917
2135,147013.69645563792
2136,231432.54685741197
2137,219451.69964560773
2138,218485.0439416468
2139,218485.0439416468
2140,196455.00152963772
2141,337246.7401123564
2142,356377.1188786626
2143,380624.3089086786
2144,786908.6261268295
2145,1474639.0219820687
2146,960852.1003388464
2147,833245.7362266555
2148,472848.15955700725
2149,422653.53000599146
2150,358004.1559559908
2151,339072.68677434325
2152,370485.15962377563
2153,377629.4681340009
2154,331630.98119208217
2155,305799.9331288934
2156,305753.8854739368
2157,154108.83561763726
2158,41854.524858434044
2159,42669.23475493258
2160,72368.79083844274
2161,87205.01433012821
2162,108171.55727371108
2163,112103.07718580961
2164,132580.14760779776
2165,157982.92478790693
2166,157981.8224117756
2167,154127.0368125392
2168,110145.17278930917
2169,82458.02844699565
2170,81044.565421056
2171,130762.70355051942
2172,217319.76926110685
2173,217319.76926110685
2174,218835.1750844163
2175,130657.48121240549
2176,85903.23338802159
2177,88309.17121492326
2178,93671.91925905645
2179,93608.27707642945
2180,116899.59806370293
2181,244415.7557025738
2182,187017.94742550328
2183,202019.1633739192
2184,393740.9016702026
2185,394014.1989354545
2186,237519.581362674
2187,284951.2999193929
2188,461435.9889523515
2189,624371.1325379771
2190,631493.9462194126
2191,526750.7299807034
2192,273718.8828399237
2193,273718.8828399237
2194,240758.14294804446
2195,227105.89366118796
2196,227385.75123323768
2197,222974.19175639725
2198,47027.44855096936
2199,30063.575958764937
2200,23101.70103365928
2201,22005.47972376831
2202,21552.94572283514
2203,22864.141645013355
2204,54657.81349051499
2205,145924.1568149776
2206,148464.43642706785
2207,145069.82496554544
2208,130448.49946024641
2209,114974.0032953209
2210,116363.26302386262
2211,119222.21856743842
2212,120026.19018357433
2213,109137.44016408082
2214,99216.08438608423
2215,99216.08438608423
2216,99216.08438608423
2217,98755.24678002298
2218,99237.98663421831
2219,96473.34788512439
2220,86316.56579438504
2221,60536.76539619174
2222,39160.935473009944
2223,40507.583388685714
2224,39771.90269721206
2225,38208.66159184091
2226,38208.66159184091
2227,38191.44051632547
2228,36487.070606623776
2229,32491.64337187633
2230,27594.773537982255
2231,55359.68919680454
2232,70235.35049939156
2233,101886.83677630126
2234,139504.71601503342
2235,147059.60392103624
2236,253388.63590628305
2237,610388.924496077
2238,589987.9263894409
2239,644531.293355152
2240,431267.20893679187
2241,337068.56686106557
2242,356377.1188786626
2243,356377.1188786626
2244,633665.3864893317
2245,1541621.3275575638
2246,1008644.7549434751
2247,719608.5360857099
2248,673930.9776185825
2249,450495.3545550369
2250,215183.78605943546
2251,197282.22686669498
2252,234930.03921399266
2253,309649.845666931
2254,305869.1531765759
2255,305924.8844727278
2256,281070.732063747
2257,72941.26510642096
2258,41889.31028547883
2259,41889.31028547883
2260,45412.26131236181
2261,87224.36730033904
2262,165663.57040873135
2263,165975.02223287895
2264,162533.17413531244
2265,193339.8153993301
2266,903841.8751583435
2267,125679.53136948962
2268,59705.71932898834
2269,67380.40450990759
2270,70351.45116776973
2271,102604.50008221343
2272,217319.76926110685
2273,217319.76926110685
2274,217319.76926110685
2275,129882.0423328043
2276,79226.38495250419
2277,89034.1323459862
2278,93763.1050971949
2279,93666.42373101786
2280,93791.25856913626
2281,140989.7221500203
2282,182229.88122005644
2283,239048.91474148585
2284,484454.33480465127
2285,510542.86415269226
2286,412672.75279946625
2287,379312.88574536145
2288,379312.88574536145
2289,468249.17434573406
2290,629678.9674590859
2291,615252.8650271468
2292,326792.6731040394
2293,269971.2217054814
2294,249992.13620050997
2295,227628.3653791286
2296,227575.5812369343
2297,227628.3653791286
2298,62482.714932534844
2299,30198.38638797216
2300,28615.888990891166
2301,21948.13323826529
2302,22029.21077123098
2303,22129.050992464647
2304,87317.33836844869
2305,146690.76887155604
2306,146996.13826888334
2307,145044.29823721945
2308,132577.2127631232
2309,114706.7086147815
2310,115434.04711292218
2311,115048.14019304363
2312,117369.00387264858
2313,101669.98290805891
2314,99216.08438608423
2315,99216.08438608423
2316,99216.08438608423
2317,99216.08438608423
2318,99216.08438608423
2319,110097.82467226777
2320,147780.9450811795
2321,106830.75217008311
2322,66852.36754141375
2323,62771.10025570169
2324,65037.32587578986
2325,38208.66159184091
2326,38208.66159184091
2327,36142.743821186945
2328,30582.824353751726
2329,29913.12327708397
2330,44737.48016283268
2331,70235.35049939156
2332,70235.35049939156
2333,84621.63777436595
2334,142307.88189936103
2335,154308.62802180275
2336,269814.3808254885
2337,803440.3590964824
2338,862176.5138337016
2339,850994.5872218302
2340,543148.867785885
2341,364130.41973927245
2342,356377.1188786626
2343,356377.1188786626
2344,364228.36584618315
2345,717923.2276785374
2346,436863.4956123242
2347,648164.3156706579
2348,698860.0344473124
2349,480965.3926885277
2350,193132.12241622806
2351,207395.1587780118
2352,234660.36172709614
2353,301786.54776441585
2354,305924.8844727278
2355,305924.8844727278
2356,155764.31402333826
2357,41889.31028547883
2358,41889.31028547883
2359,41889.31028547883
2360,41918.726263820776
2361,66073.00179930776
2362,148916.7348603569
2363,166164.7069798857
2364,166164.7069798857
2365,214206.02486661077
2366,559706.8101372574
2367,68235.61320518143
2368,57669.77045059949
2369,65071.35590625554
2370,70351.45116776973
2371,76602.83246291801
2372,205398.42660882324
2373,217319.76926110685
2374,188581.471989159
2375,94807.62063487573
2376,68550.2333385332
2377,82666.77478123363
2378,92434.56752728624
2379,93791.25856913626
2380,93890.16542831482
2381,183780.41558742803
2382,246702.72314937715
2383,325859.29219766357
2384,482369.5118647418
2385,593944.4167221487
2386,552424.1380423959
2387,384038.1511715553
2388,379312.88574536145
2389,379936.8933240436
2390,506748.1151025952
2391,619062.2386919076
2392,322098.37941294094
2393,248036.87550021592
2394,232782.80389427207
2395,227628.3653791286
2396,227628.3653791286
2397,227628.3653791286
2398,116107.87900431827
2399,30198.38638797216
2400,30198.38638797216
2401,22129.050992464647
2402,22129.050992464647
2403,24603.06376671139
2404,116409.29506312776
2405,146624.36911267042
2406,146535.2942152759
2407,137820.0617152555
2408,134139.60993665922
2409,116849.66892597865
2410,109651.03146761283
2411,121267.78391571343
2412,109951.56256886024
2413,94017.5902460668
2414,99673.58175008994
2415,97580.79704748467
2416,99216.08438608423
2417,99104.53609400243
2418,104011.65917344205
2419,152473.6216948675
2420,162900.86427428573
2421,162700.44862046742
2422,115027.75165585522
2423,138401.91690723412
2424,144569.8216001388
2425,96894.02064174041
2426,44853.603576596826
2427,34462.45242151432
2428,30364.31008306332
2429,51811.736780574545
2430,88859.15204776451
2431,70235.35049939156
2432,70235.35049939156
2433,88137.85291875713
2434,183726.9125736542
2435,179056.36716807447
2436,323118.8811088903
2437,681392.2884010207
2438,694621.5367118567
2439,656697.8835577136
2440,517063.4283572994
2441,420582.31673799455
2442,356377.1188786626
2443,356376.73330432177
2444,309827.92652275413
2445,262627.75090013444
2446,262627.75090013444
2447,294584.97492884286
2448,289166.20569342375
2449,208324.4170086719
2450,190938.1205662405
2451,194525.49918031693
2452,225365.5605469318
2453,282854.67231179774
2454,305924.8844727278
2455,257025.7171447035
2456,46174.8332075174
2457,41889.31028547883
2458,41889.31028547883
2459,41889.31028547883
2460,41889.31028547883
2461,47804.98519618809
2462,136096.97341935267
2463,167812.4901182931
2464,166842.24759970978
2465,166164.7069798857
2466,170237.11299818102
2467,60442.61140999815
2468,57669.77045059949
2469,62509.05808257498
2470,70351.45116776973
2471,70351.45116776973
2472,126806.75720637292
2473,131191.61369293707
2474,46431.454814323224
2475,39294.69847851619
2476,39844.211746001965
2477,56124.659946431406
2478,93850.26742377272
2479,104295.88577939384
2480,144463.32153809385
2481,287774.74895248003
2482,307461.3761935658
2483,359169.5988433827
2484,496487.67151349783
2485,679554.3394324481
2486,675328.3297810368
2487,480152.0275213048
2488,403788.6232475266
2489,420586.7406369671
2490,426967.6246882808
2491,497116.3155166992
2492,446979.3364983052
2493,269818.6822366463
2494,262024.3386355266
2495,239598.78746888041
2496,227628.3653791286
2497,244848.27608844638
2498,214124.55492997362
2499,59253.680368496105
2500,60365.78776633134
2501,22129.050992464647
2502,22129.050992464647
2503,42515.29036619153
2504,144453.78829997778
2505,146603.85750867426
2506,146624.36911267042
2507,145276.86258674855
2508,139669.42983325804
2509,128182.86832877363
2510,115463.88248376956
2511,117942.4725441921
2512,104446.6378772906
2513,98234.23786140606
2514,94923.9094429242
2515,97901.04666739007
2516,99202.38863272965
2517,99086.82322008535
2518,118739.97267764248
2519,165543.85469369683
2520,162900.86427428573
2521,162900.86427428573
2522,161045.56280722748
2523,122735.29302385822
2524,117287.94488672912
2525,143575.0717907939
2526,118052.22888659406
2527,39094.09963561222
2528,30348.980834932998
2529,95786.8830063194
2530,372096.32396787405
2531,481693.8794461731
2532,239790.1747013256
2533,222793.01304338814
2534,263051.3458799571
2535,260586.2493984457
2536,346075.12759277504
2537,639621.2751677469
2538,651371.8637360036
2539,639263.6456881082
2540,500018.4821396973
2541,488727.53165795095
2542,377873.5256386548
2543,342224.0139628146
2544,263713.45482689096
2545,262627.75090013444
2546,262627.75090013444
2547,211169.45284833014
2548,130263.61057007313
2549,130263.61057007313
2550,164835.34718634933
2551,193078.50809451938
2552,221746.07514891867
2553,437410.57082866505
2554,704359.1454201788
2555,673142.1991907845
2556,133388.48447773687
2557,46249.26111164875
2558,43361.958165984135
2559,41889.31028547883
2560,41889.31028547883
2561,46702.01846880466
2562,102831.12950666994
2563,205923.41570215696
2564,242894.93246480823
2565,287532.2799562309
2566,310504.5965589402
2567,199419.22358363844
2568,75248.46560624431
2569,63788.556813446805
2570,69969.26435282337
2571,92876.44378080685
2572,62872.633191496134
2573,40027.33012182794
2574,39294.69847851619
2575,39294.69847851619
2576,39597.60390458701
2577,50965.99733864982
2578,101969.21015365631
2579,168559.52282750932
2580,198302.71232334618
2581,303720.6317970976
2582,376081.3836952895
2583,398361.22981030867
2584,628646.607328617
2585,679098.0465465961
2586,683435.3212636486
2587,620292.0942420866
2588,450757.122909311
2589,450821.9526964724
2590,450821.9526964724
2591,438270.3876931916
2592,268219.1244639051
2593,251827.8896585831
2594,229101.11622289568
2595,227628.3653791286
2596,233384.21045755222
2597,273278.9444580921
2598,273718.8828399237
2599,275340.3773235771
2600,261304.8736869027
2601,22129.050992464647
2602,22129.050992464647
2603,79940.71562954166
2604,147458.02187018283
2605,147395.50189161114
2606,146624.36911267042
2607,146624.36911267042
2608,134925.6029117494
2609,125716.14289785747
2610,106530.84667294915
2611,102136.34186883923
2612,103101.55742917012
2613,96570.79615113139
2614,94075.87961560301
2615,99336.26133479062
2616,98335.66751741571
2617,99946.41443879483
2618,157205.0482568182
2619,163663.1473553814
2620,162900.86427428573
2621,162900.86427428573
2622,162900.86427428573
2623,105809.45946750604
2624,105275.88137165084
2625,124389.72661209106
2626,145574.47070737183
2627,118516.54891304579
2628,42925.54246090539
2629,111806.40789252892
2630,521887.3158969544
2631,677329.0254854262
2632,676401.8370102458
2633,502248.2528469416
2634,333823.8545186706
2635,262585.97181629704
2636,314488.4867808819
2637,537820.4639603477
2638,575161.71947686
2639,563775.9908818156
2640,502840.5420183167
2641,408891.0585171357
2642,294185.0988377854
2643,265086.90952558443
2644,262627.75090013444
2645,262627.75090013444
2646,262627.75090013444
2647,199784.57420312613
2648,130263.61057007313
2649,130263.61057007313
2650,150901.75514236838
2651,193078.50809451938
2652,324751.00778513215
2653,608193.978063263
2654,773335.9510905445
2655,772551.207701331
2656,553278.6422343729
2657,335506.31467879564
2658,236155.7635289468
2659,80169.10377378587
2660,45986.05058973096
2661,52966.19823736604
2662,157909.98641852103
2663,320121.24994883453
2664,322159.14860880375
2665,321481.6078334749
2666,319836.1376235336
2667,318925.9798256606
2668,260389.40736526065
2669,88968.25422465743
2670,67238.09448918048
2671,60540.36370707724
2672,64238.051295898855
2673,40406.17838521494
2674,59022.65458834544
2675,80588.91395895556
2676,118848.45385434851
2677,151833.64370124787
2678,159290.07288285717
2679,202021.6274263911
2680,203030.9102735035
2681,249366.2021051012
2682,479580.86205248535
2683,479716.1800657958
2684,529656.3485691743
2685,592164.8853465728
2686,586527.7861922681
2687,572554.571523681
2688,512217.3961401507
2689,445528.50550977373
2690,449767.9669342486
2691,328970.62837902305
2692,271473.4391736388
2693,261406.8921782667
2694,242372.05570735224
2695,228338.46682389826
2696,254474.5723121483
2697,273860.0087449178
2698,274102.5394905433
2699,274159.00638592825
2700,275722.0934663415
2701,21201.54794507823
2702,30476.12022315804
2703,114760.27995069185
2704,147339.05627834005
2705,134213.87805092032
2706,146624.36911267042
2707,144039.82620751858
2708,129954.64895132091
2709,127644.29665741394
2710,114180.4530949113
2711,102069.2424624823
2712,118111.82424535464
2713,157366.32155189873
2714,163323.80104858242
2715,162583.5592831766
2716,325932.99715565075
2717,301991.49913197197
2718,200706.33293647598
2719,163044.76343842997
2720,162900.86427428573
2721,162900.86427428573
2722,162900.86427428573
2723,113045.24299256783
2724,104231.96748072049
2725,108513.48909526877
2726,145215.63212881843
2727,145916.1045579051
2728,267883.85598515795
2729,302565.24857261236
2730,466435.08758797497
2731,657088.5280014537
2732,665459.4408527222
2733,649413.4837439954
2734,578582.2513669264
2735,425878.2462192774
2736,490985.0731125586
2737,533741.8125219345
2738,536688.7841822989
2739,392438.62768997136
2740,181186.8509175724
2741,179147.67034228146
2742,176881.1391901411
2743,155710.6296742279
2744,247682.30892810225
2745,262627.75090013444
2746,319158.42379973084
2747,178789.63205765933
2748,130747.69498275593
2749,132739.84847984044
2750,193149.98714692844
2751,276692.13877218816
2752,298443.8029872677
2753,409973.0476068733
2754,563199.2597196465
2755,589637.3456978854
2756,479286.03147343337
2757,479182.4046793282
2758,476605.0216293931
2759,246973.86380647495
2760,44872.13469328522
2761,77084.08097670879
2762,211483.70475585666
2763,312140.5918023344
2764,322272.2179982364
2765,321833.6032642871
2766,320366.9998616278
2767,322272.2179982364
2768,321679.9324360341
2769,275482.4378636675
2770,107714.38237645011
2771,110748.43589922786
2772,118727.41621919489
2773,127563.65038833302
2774,169895.7180289803
2775,148553.42049044278
2776,152905.5371417289
2777,154045.17087515816
2778,156867.4827466458
2779,194853.53867750615
2780,198776.40747117996
2781,231915.62516854715
2782,525536.8538827077
2783,480790.1933014882
2784,536372.9340384305
2785,583191.0339479782
2786,587499.3268909752
2787,581348.2780235521
2788,529913.0689761182
2789,470121.03372856695
2790,370274.08703969605
2791,340545.79203586624
2792,321391.71697708964
2793,322421.9782142341
2794,322415.5563712502
2795,273477.33171349205
2796,184914.27566058876
2797,330156.25504110375
2798,335120.79358336143
2799,343222.2718741521
2800,311602.22990781616
2801,2704.127470141975
2802,33587.41538793361
2803,72083.90980676655
2804,141503.69439503667
2805,153602.74816594226
2806,139079.45861036144
2807,130386.59028146788
2808,128103.91542628413
2809,113550.37378090015
2810,104897.68121073674
2811,119710.10009535635
2812,170277.8506511338
2813,187855.8055302482
2814,187878.1393908579
2815,185401.6945524264
2816,369378.5272573312
2817,293838.8736480557
2818,242433.24183386785
2819,169318.13910124265
2820,162900.86427428573
2821,162900.86427428573
2822,166419.0578565877
2823,142283.11871710105
2824,101131.55620284856
2825,104116.04347997159
2826,139595.50523551553
2827,181374.56657674536
2828,309068.04829802737
2829,311635.657448994
2830,386767.03060049063
2831,438294.0641906294
2832,579719.0399847999
2833,634507.2988385379
2834,619091.9269640464
2835,640501.4134182073
2836,511012.2417358971
2837,496023.26097557694
2838,434190.3504329249
2839,179665.74004645814
2840,179258.02346010506
2841,179258.02346010506
2842,178899.0214547515
2843,165255.03962998092
2844,155191.30473871902
2845,182438.61784584075
2846,141062.11590227485
2847,134634.21632543206
2848,134567.24714986887
2849,160504.62215551548
2850,256098.15604926227
2851,301227.3504713103
2852,360503.73642891645
2853,364815.04649344087
2854,365800.5890852213
2855,380302.1724803429
2856,467934.6879670657
2857,479182.4046793282
2858,471810.259562809
2859,244174.3718629703
2860,71942.23042903934
2861,108958.04380478617
2862,209581.66847043578
2863,222513.31448237505
2864,253708.80293827876
2865,300202.10785745084
2866,321975.0942744771
2867,321106.5806019036
2868,316759.55680390727
2869,284946.35949954885
2870,169896.87611584878
2871,167386.1522550479
2872,184527.62112246745
2873,171692.54744023457
2874,155655.820465405
2875,151994.97647287417
2876,151953.94625730114
2877,149981.8386900574
2878,156609.93536748772
2879,202778.65074294806
2880,202811.0633931891
2881,441999.47183393687
2882,608083.4351781383
2883,591062.2418864295
2884,595192.7885730844
2885,581348.9296716601
2886,586415.6268636212
2887,586328.7448371276
2888,564898.1316825207
2889,524659.0266584791
2890,372389.4770745523
2891,260666.8373353989
2892,267658.3942656629
2893,322356.7469315976
2894,322421.9782142341
2895,329354.323919603
2896,408487.53554930736
2897,430823.6228336096
2898,430823.6228336096
2899,412850.24811907014
2900,342176.39498409524
2901,11664.610447294737
2902,21958.019583732006
2903,19529.39477595396
2904,96438.76778623112
2905,138909.24613777385
2906,122284.68455894804
2907,125434.81589597277
2908,88581.63688138424
2909,99945.63811442442
2910,91458.9228123189
2911,89056.4456136387
2912,121783.04484937247
2913,166348.73921727855
2914,187641.44387810433
2915,187999.24590586126
2916,289859.3489280194
2917,295142.184883025
2918,332712.61191320326
2919,470248.14229595754
2920,306908.9120504465
2921,233846.48256013403
2922,227922.49733163696
2923,222474.74342180416
2924,158789.80036285726
2925,106765.75389492128
2926,126878.83535195084
2927,230897.71853465264
2928,319771.4773840271
2929,320298.97949859174
2930,380278.90639917087
2931,399446.0911992192
2932,412574.1234975718
2933,681216.9313512966
2934,771762.7317753974
2935,792020.8881245293
2936,869065.0822856883
2937,596299.9485123456
2938,420815.2407531214
2939,179394.94226124548
2940,179258.02346010506
2941,179258.02346010506
2942,179133.3906519264
2943,170774.8498105756
2944,118588.05698950216
2945,134640.8680063784
2946,134640.8680063784
2947,134640.8680063784
2948,134640.8680063784
2949,151305.181360811
2950,259942.54490704043
2951,351344.73592983186
2952,365833.2153997513
2953,365800.5890852213
2954,365800.5890852213
2955,372183.96260206355
2956,440768.6095071323
2957,453381.1266098134
2958,430866.95322239306
2959,169831.07398063038
2960,99317.26767888293
2961,110141.41619240865
2962,183044.62043233216
2963,211017.97657810152
2964,211017.97657810152
2965,211017.97657810152
2966,233565.3757491447
2967,250075.32600137964
2968,227225.7492987197
2969,206603.6066294951
2970,187796.92974665773
2971,186767.84650698164
2972,185881.9333931096
2973,185881.9333931096
2974,175173.9353478141
2975,157016.96349387337
2976,155016.2171276342
2977,154822.94374100212
2978,213194.87551653758
2979,260723.79039756954
2980,263338.2492731409
2981,608083.4351781383
2982,608083.4351781383
2983,608083.4351781383
2984,623639.5467927363
2985,612785.7909667834
2986,584026.7012618082
2987,571776.8049471774
2988,416591.1956895045
2989,396058.5542599908
2990,339637.1476004012
2991,323962.71384189045
2992,263038.1694490947
2993,322395.40405128896
2994,322421.9782142341
2995,326041.6492483057
2996,368130.44386005035
2997,430823.6228336096
2998,430823.6228336096
2999,401626.6799602965
3000,322306.4018277461
3001,18477.018024511577
3002,18514.871055325493
3003,18514.871055325493
3004,18514.871055325493
3005,58038.30928134313
3006,95430.52052041871
3007,93683.41168870032
3008,106197.40729918214
3009,88555.2455724962
3010,88555.2455724962
3011,88555.2455724962
3012,88326.0967478021
3013,87486.36379914568
3014,156772.4596307762
3015,265779.6734506134
3016,289268.12777435966
3017,547456.1480665989
3018,725007.4653187357
3019,475855.9350729883
3020,522304.194023711
3021,564989.7434949428
3022,569221.0581555516
3023,283301.552906601
3024,214664.67409865255
3025,96423.3688192349
3026,72132.38547546603
3027,237985.42034075956
3028,266280.2038638722
3029,293526.88369943015
3030,318458.1861120865
3031,378069.57323990203
3032,411257.38129358087
3033,494247.89184805006
3034,704297.6090009045
3035,710256.7674492002
3036,933871.3713265518
3037,860067.021517219
3038,511842.15707017854
3039,400612.7663262151
3040,212628.66024180455
3041,179173.31145808863
3042,142164.94437088072
3043,91345.81269967556
3044,70880.9651771374
3045,124595.22461858392
3046,134640.8680063784
3047,134640.8680063784
3048,134640.8680063784
3049,193554.5562930256
3050,258343.6810803935
3051,325112.04665626585
3052,364988.3786895871
3053,366117.2194529674
3054,371728.4183434136
3055,427769.5237483494
3056,449491.85817851126
3057,449491.85817851126
3058,437413.12544736266
3059,235886.33718242683
3060,103581.62881902742
3061,105956.8752005304
3062,154110.21246365365
3063,211017.97657810152
3064,211017.97657810152
3065,211017.97657810152
3066,211017.97657810152
3067,211017.97657810152
3068,221123.5207013227
3069,245181.1790352543
3070,202120.9654554464
3071,186767.84650698164
3072,185881.9333931096
3073,185881.9333931096
3074,185881.9333931096
3075,184547.6751126484
3076,175019.72468318045
3077,189773.44458364323
3078,235610.43886166532
3079,239559.10845383792
3080,236459.54234694503
3081,580017.2149093859
3082,665958.1447519772
3083,701304.7187640965
3084,725307.8225519545
3085,706301.2920816834
3086,454283.77321207774
3087,362502.17397286743
3088,364672.90816502273
3089,364192.3222174421
3090,323502.2482597269
3091,322421.9782142341
3092,322421.9782142341
3093,322421.9782142341
3094,324128.3913561964
3095,392781.95772491395
3096,418361.2642973587
3097,430823.6228336096
3098,430818.85293842107
3099,421590.5934361629
3100,328761.3864588483
3101,18514.871055325493
3102,18514.871055325493
3103,18514.871055325493
3104,24354.574266315496
3105,36135.06768491841
3106,76080.60187766094
3107,88555.2455724962
3108,88555.2455724962
3109,88555.2455724962
3110,88555.2455724962
3111,88551.52705457993
3112,88269.68706185278
3113,87622.5531406398
3114,110552.93527546315
3115,233333.96652611485
3116,360648.97291660146
3117,771468.4224119865
3118,1051902.59900714
3119,721253.918074593
3120,602010.3412300805
3121,567192.1335351178
3122,455664.9952726513
3123,220341.9994253784
3124,125524.220202775
3125,120163.91372166201
3126,119632.9763257727
3127,217636.02102481585
3128,219673.01599167802
3129,217578.37798929773
3130,474229.61129145045
3131,464968.140881835
3132,378243.2511179121
3133,434348.16377175925
3134,700669.8657134443
3135,813504.4028989181
3136,807846.8579982147
3137,710346.0958603639
3138,499092.28457787633
3139,499092.28457787633
3140,475201.2950421657
3141,217753.3951917719
3142,69346.58241456747
3143,63981.42695695162
3144,63981.42695695162
3145,97277.3125307411
3146,134640.93828073144
3147,134640.8680063784
3148,134640.8680063784
3149,190517.13377678394
3150,274913.89637230337
3151,284346.6785285546
3152,374377.0517485868
3153,587334.9728311794
3154,550571.8314596899
3155,463549.6986240521
3156,449491.85817851126
3157,449491.85817851126
3158,433193.9885090925
3159,153038.93574398756
3160,103575.3893187195
3161,103575.3893187195
3162,135614.21599153057
3163,258451.49867040664
3164,269419.4836790571
3165,267141.753406005
3166,252402.01709826104
3167,259906.06099734455
3168,277931.19402437063
3169,237445.86969004944
3170,208374.73275012523
3171,186039.03947415343
3172,184767.3559415508
3173,184256.96165662166
3174,183812.8769563851
3175,183724.62390560715
3176,183665.25059779733
3177,183796.51047867374
3178,202981.0128743071
3179,196181.22296657466
3180,192439.8561000228
3181,560292.9180886149
3182,823777.1904956549
3183,823758.1609224677
3184,831623.6452871182
3185,856333.6263610143
3186,454947.1029512249
3187,363990.59915473685
3188,364481.1889663972
3189,364780.9720097557
3190,324662.3481849432
3191,322421.9782142341
3192,322421.9782142341
3193,322421.9782142341
3194,349442.69419470243
3195,430444.7379699417
3196,430823.6228336096
3197,420703.0341543704
3198,425788.429692843
3199,404800.2661887184
3200,334587.6986594517
3201,18515.0621773232
3202,18514.871055325493
3203,18514.871055325493
3204,19887.643265380408
3205,22710.201230679173
3206,51732.028943526966
3207,87064.12778899493
3208,88555.2455724962
3209,88555.2455724962
3210,88555.2455724962
3211,90828.52670891752
3212,87514.84439748991
3213,88028.11116468813
3214,88295.11131480895
3215,88862.3610269241
3216,385831.0877729403
3217,702957.19849708
3218,997583.9780408405
3219,812056.2602743893
3220,639055.4973698994
3221,553945.1626612712
3222,443480.46806412085
3223,223856.6819996098
3224,115445.67416422069
3225,213411.29460592195
3226,384032.36190124415
3227,218458.85602185875
3228,219841.22898824513
3229,270812.85595702706
3230,610827.233350599
3231,617100.7006179343
3232,578922.4559395686
3233,650590.3242595873
3234,867321.1908926126
3235,865687.6363941124
3236,835608.0246174634
3237,624390.7409474459
3238,438188.9108777493
3239,431470.2628415376
3240,371611.2966658827
3241,178746.5435271226
3242,63981.42695695162
3243,63981.42695695162
3244,63981.42695695162
3245,65445.73081619013
3246,126172.08923640754
3247,141786.88354826532
3248,141786.88354826532
3249,210922.02558071865
3250,263652.87001381326
3251,322319.3115164086
3252,455408.52598564327
3253,958935.5363629702
3254,772931.7889699725
3255,657142.7705743462
3256,564639.9927282641
3257,477635.1622633785
3258,490513.95375077426
3259,171985.44401068892
3260,103575.3893187195
3261,103575.3893187195
3262,126264.84074552427
3263,267428.3177461502
3264,284243.3567947522
3265,275317.76817577146
3266,265760.9591612667
3267,253320.40879454277
3268,275864.58460301906
3269,226289.47453008813
3270,210861.89342127368
3271,192804.091468703
3272,185402.9354402693
3273,184625.6641572304
3274,183627.7708296146
3275,183665.25059779733
3276,183665.25059779733
3277,183665.25059779733
3278,183529.00058842078
3279,271395.3084608796
3280,234934.29586682096
3281,588137.2373142093
3282,823777.1904956549
3283,809672.9241913585
3284,849173.2962107211
3285,953696.7668040097
3286,698170.9940512031
3287,363758.49722672533
3288,364776.7656292692
3289,364874.3016512394
3290,339875.4075311441
3291,322421.9782142341
3292,322421.9782142341
3293,322960.5882831104
3294,404431.74687212706
3295,430823.6228336096
3296,430823.6228336096
3297,406760.4839906357
3298,373335.78386536054
3299,342185.8394661597
3300,339898.86570591107
3301,18601.30280440417
3302,18527.215369732585
3303,18514.871055325493
3304,18514.871055325493
3305,18514.871055325493
3306,20736.07823491562
3307,65738.87330323318
3308,88555.2455724962
3309,88560.27096131186
3310,89452.13340603514
3311,71576.32351299853
3312,59483.368123268294
3313,78533.13630952989
3314,91665.45989185083
3315,141625.84591357724
3316,179307.72997542308
3317,268360.5736227557
3318,695821.015110042
3319,691243.1501920149
3320,618505.1987927034
3321,618062.6688357077
3322,506446.26607537596
3323,458889.3564799733
3324,328695.4742967021
3325,502000.95888317935
3326,589336.7468829621
3327,323769.58677349985
3328,219869.8400214346
3329,264223.5463543534
3330,583611.9430564195
3331,680028.8377988655
3332,774289.4896626174
3333,881960.2719263509
3334,976507.8503507674
3335,937391.9775831699
3336,1032459.7148492066
3337,938630.1276895814
3338,351332.17491963506
3339,351332.17491963506
3340,347006.088238433
3341,170319.8322154805
3342,63981.42695695162
3343,63981.42695695162
3344,63981.42695695162
3345,73403.49622026086
3346,316765.1692733881
3347,358727.01168608665
3348,358727.01168608665
3349,335830.51039683074
3350,484991.2482290156
3351,455688.2577883734
3352,861007.9077098519
3353,1031438.5569832474
3354,823270.4785043497
3355,547960.2418409884
3356,526848.0613860302
3357,557944.4069968811
3358,501595.46867170045
3359,405008.83389534056
3360,135339.3137856424
3361,128129.84596757591
3362,177495.80086921714
3363,436425.39063875657
3364,457369.0620595068
3365,457369.0620595068
3366,457369.0620595068
3367,615534.5613185083
3368,590688.9189936419
3369,377479.07886438444
3370,272405.0387934176
3371,198060.9430259004
3372,197622.55167436786
3373,225119.78558241413
3374,183636.34019825608
3375,183665.25059779733
3376,183665.25059779733
3377,183665.25059779733
3378,183665.25059779733
3379,666518.6973169735
3380,818891.5548984557
3381,821979.0632704478
3382,767014.2611554936
3383,673507.9334689952
3384,709008.6723473966
3385,953703.6008263379
3386,913432.1098232125
3387,387244.7776210373
3388,365766.39112502337
3389,365766.39112502337
3390,343950.998671351
3391,276694.0982262343
3392,276694.0982262343
3393,313744.3268982265
3394,429974.7687146984
3395,430823.6228336096
3396,430823.6228336096
3397,430727.04524438083
3398,341961.31710869446
3399,222437.56844822317
3400,190140.42244802602
3401,18563.48482262157
3402,18621.12205561396
3403,18550.956838510465
3404,18518.53434939307
3405,18514.871055325493
3406,18514.871055325493
3407,31236.618981404696
3408,88289.34532172859
3409,92114.90979305911
3410,95094.95755080105
3411,79361.04846678048
3412,74745.39999561198
3413,149404.42001194134
3414,187119.98062272603
3415,179906.4370338656
3416,179923.3734881226
3417,255539.60191072524
3418,695821.015110042
3419,484154.37305480335
3420,283840.19779456407
3421,410482.41052494943
3422,479803.0132668698
3423,483161.1852319307
3424,421189.9657546431
3425,386837.7893271893
3426,547367.6523118583
3427,593725.6498318161
3428,480899.85306776874
3429,461998.32623076066
3430,289259.7189271534
3431,652992.068255021
3432,1339782.6306251585
3433,1047381.6429914162
3434,976507.8503507674
3435,985464.9810301773
3436,1401158.631554786
3437,1350400.3936572871
3438,770062.1667328402
3439,351179.38172990084
3440,349347.0799720092
3441,141392.08624108322
3442,63981.42695695162
3443,63981.42695695162
3444,64630.18210131017
3445,152894.7466273494
3446,358729.85803801473
3447,358727.01168608665
3448,358770.41641357634
3449,410499.7389839068
3450,441040.1466034488
3451,710699.7828184199
3452,846759.1600509956
3453,1108565.8652727716
3454,901378.1065657139
3455,619622.2361458018
3456,474398.54184180405
3457,439620.20013844967
3458,645679.7236352675
3459,441920.7672813814
3460,215827.95816080738
3461,198170.062712539
3462,462580.7475710027
3463,828875.3347594738
3464,616608.5330171064
3465,494281.9255261794
3466,569533.6095438674
3467,752853.2930169981
3468,408092.7211709786
3469,458502.0873979761
3470,525400.5485561433
3471,476775.99320868123
3472,482309.0302503705
3473,200318.32228549384
3474,183668.83797530457
3475,183665.25059779733
3476,183665.25059779733
3477,183665.25059779733
3478,183665.25059779733
3479,666503.10732737
3480,818849.5191446543
3481,818844.8142923117
3482,735332.7920599133
3483,676454.2226988487
3484,633961.6131642982
3485,627992.6637337231
3486,650662.6726762578
3487,364542.75259770826
3488,378989.015976624
3489,383898.3188019544
3490,251823.0033452371
3491,209729.9640739411
3492,209729.9640739411
3493,211444.30712912208
3494,366378.16767428815
3495,431826.2379947826
3496,443754.3046138289
3497,385538.46897373535
3498,243334.18770023528
3499,210694.58720150217
3500,173655.05053884163
3501,18398.24950587377
3502,18634.78126114793
3503,18634.78126114793
3504,28010.387708398513
3505,18528.572077958146
3506,18516.693470863334
3507,19725.116227582446
3508,53352.13444271032
3509,70043.502847014
3510,66982.20908393513
3511,69208.36692350754
3512,87557.34025893846
3513,140814.13170146407
3514,185836.58364093583
3515,181071.29655042663
3516,180156.75433089584
3517,187760.89164751768
3518,352842.23730370076
3519,149505.89666913325
3520,107780.81899860501
3521,108397.3240326693
3522,375668.9254483413
3523,449436.5013427618
3524,382750.4038430883
3525,402070.4452363476
3526,455776.69939952646
3527,465281.5881120176
3528,541670.834269857
3529,526321.0968096852
3530,309795.5105585074
3531,305177.4756978296
3532,1235242.4098992683
3533,1323971.9140976742
3534,1239908.3786143214
3535,1201196.7407273613
3536,1362170.3868233059
3537,1273799.0698540397
3538,814232.4615739249
3539,462086.59332706034
3540,280529.7147631906
3541,78082.64287701063
3542,86087.9524840936
3543,175664.08668620884
3544,266112.8102668673
3545,325509.8731881771
3546,338708.1054350361
3547,583799.9720344301
3548,763578.2293372303
3549,827643.9404858777
3550,795086.3988047997
3551,848710.8475626179
3552,737802.6265407652
3553,1037987.7918657474
3554,938469.2064496614
3555,882049.1930135861
3556,592677.7148298981
3557,113502.99683929048
3558,1946270.6184445736
3559,1360952.6704001054
3560,374103.6556370221
3561,198107.62439526618
3562,516768.57336889394
3563,1070063.07570983
3564,1013592.5075745606
3565,782848.3199337656
3566,778740.8047384974
3567,442845.7469961392
3568,423514.2939341869
3569,516188.60992953554
3570,536926.7099081185
3571,522649.4831662923
3572,662997.8989165742
3573,530449.4811984631
3574,270219.1720540654
3575,208980.18519032933
3576,183665.25059779733
3577,226872.67968742643
3578,464922.05152618885
3579,692396.2642747501
3580,793736.6534830481
3581,818553.7072781144
3582,501622.9127260484
3583,398302.5918365577
3584,374453.3766478803
3585,323195.64824782265
3586,264610.2867614776
3587,250423.58339782222
3588,286886.46890771016
3589,338078.7127307914
3590,209729.9640739411
3591,209700.59678766876
3592,209554.14754047245
3593,209729.9640739411
3594,250282.7579026015
3595,378935.10049575847
3596,418791.86798784125
3597,253667.66857574508
3598,238945.39023513347
3599,203276.81240095943
3600,182068.29454302823
3601,18634.78126114793
3602,18634.78126114793
3603,18634.78126114793
3604,19395.097092872486
3605,18634.78126114793
3606,47985.74983423937
3607,81686.17609923962
3608,91482.5757847174
3609,64030.82322806073
3610,62363.001749193296
3611,62351.84882561676
3612,60334.60156198684
3613,57315.12096494483
3614,135304.8134881612
3615,179953.29979778494
3616,180172.246932277
3617,228030.00610486045
3618,159417.89793269592
3619,112286.57291295752
3620,107780.81899860501
3621,107833.0108358839
3622,292087.3897483349
3623,425516.6105837133
3624,437315.64173770463
3625,654351.3686370484
3626,654907.6530101815
3627,568940.0830387585
3628,587269.8958917223
3629,536300.1518710707
3630,412905.19446841255
3631,413341.30532452837
3632,731255.6601784006
3633,1437437.1847351268
3634,1434226.3558028555
3635,1256755.6967208982
3636,1196889.504838109
3637,794168.5409538159
3638,643863.2188147672
3639,556399.6082898714
3640,306415.4771266044
3641,109370.24817464524
3642,285375.54497942515
3643,328895.0559179932
3644,333846.25951077044
3645,333846.25951077044
3646,333846.25951077044
3647,856022.8171218876
3648,928756.5906027257
3649,1134433.906280227
3650,1363317.195446432
3651,1248724.9906400573
3652,1009309.0768112112
3653,1018258.293816343
3654,1023048.7742359191
3655,1309647.8683783785
3656,1794842.9414588902
3657,1011236.2339081354
3658,2022753.3527785502
3659,1838432.546443048
3660,994969.3386697774
3661,584241.7108267099
3662,723970.4188471264
3663,925639.5584182143
3664,923560.3411029838
3665,855829.3647504151
3666,595338.0612083636
3667,521283.50583701953
3668,743164.3990052551
3669,556495.6845796132
3670,546987.3320537759
3671,790112.58595256
3672,909788.9666020721
3673,1147965.6414621174
3674,1126267.3762916392
3675,892251.1881509558
3676,625270.1637890402
3677,636662.9501007295
3678,674679.2943322659
3679,674679.2943322659
3680,681718.0590101166
3681,605126.5911690192
3682,363768.42927645915
3683,228436.2332345075
3684,236329.4549934715
3685,435855.1111338064
3686,302566.52624730975
3687,258573.26978512201
3688,257192.95732592605
3689,285217.1994269858
3690,209729.9640739411
3691,209729.9640739411
3692,209347.66132085025
3693,209096.90923366882
3694,287461.25807336904
3695,387520.81611104123
3696,412250.1586654952
3697,260523.5347472094
3698,238945.39023513347
3699,217717.728319861
3700,168449.44953959808
3701,18634.78126114793
3702,18634.78126114793
3703,18634.78126114793
3704,18841.581984451987
3705,56472.704201314016
3706,94434.54825693463
3707,98895.0885794647
3708,98791.7267720364
3709,74421.29710971774
3710,66169.12212494342
3711,72448.2901968481
3712,115064.31804684363
3713,61357.20336066652
3714,69515.90991312824
3715,138978.8416337818
3716,179368.44842075458
3717,183259.69014452305
3718,142690.47926465422
3719,107780.81899860501
3720,107796.41621608223
3721,115170.07783713937
3722,132842.91442801058
3723,262366.0687988014
3724,474637.57053840416
3725,578372.5540731475
3726,641038.9404527005
3727,665519.4913936183
3728,683560.876507671
3729,738522.1260746559
3730,561500.8361458413
3731,460210.5713613811
3732,632087.6546057537
3733,990414.2480308767
3734,940308.9039706877
3735,1191255.3142694607
3736,1197008.9085557908
3737,868117.83442536
3738,475947.3243587557
3739,268665.5422784835
3740,192605.75679464045
3741,200680.21009834576
3742,275934.59365927055
3743,364734.8833496198
3744,336463.78598751687
3745,333846.25951077044
3746,448521.35128537565
3747,1083325.955798206
3748,1496697.2841840324
3749,1332253.715931043
3750,1406484.373264745
3751,1480138.9674098748
3752,1179611.6261262577
3753,1046974.2041513287
3754,1284788.5170812942
3755,1614511.3559990078
3756,2571676.277912747
3757,2995982.785672426
3758,2043433.9973726906
3759,1308541.9555248022
3760,1262544.1082921848
3761,987605.4246074185
3762,908441.5928960727
3763,1362714.1661509555
3764,1771605.567016955
3765,1000239.892046541
3766,594087.1595753225
3767,731196.1876808107
3768,829082.8974437872
3769,754234.6610702053
3770,572167.3637799155
3771,1230258.6921072602
3772,1190347.0326518342
3773,1110090.9842100888
3774,1060874.8572375253
3775,1107352.3537702244
3776,896336.7751907001
3777,690620.9524886087
3778,674679.2943322659
3779,674679.2943322659
3780,674679.2943322659
3781,632772.6669955254
3782,239034.52075738087
3783,176464.19523768872
3784,201450.7789768671
3785,288381.45610147715
3786,293791.86603781255
3787,260460.69707328826
3788,256275.0956509948
3789,273278.75482875295
3790,209729.9640739411
3791,209729.9640739411
3792,196352.0462405011
3793,193847.04849651828
3794,316549.56843121257
3795,339721.9949819427
3796,332429.29858720663
3797,219539.99461266864
3798,205614.13510052487
3799,190423.18522227183
3800,171711.5796270091
3801,18634.78126114793
3802,18634.78126114793
3803,18634.78126114793
3804,33876.94474662002
3805,93692.14366247784
3806,98895.0885794647
3807,98895.0885794647
3808,98890.04482276598
3809,93351.94430929271
3810,61124.140200473834
3811,45045.498501812195
3812,57077.50177805079
3813,54318.99111828895
3814,65592.36681482382
3815,62220.63521588879
3816,138671.13905512076
3817,184919.95696777105
3818,138775.25947316736
3819,107780.81899860501
3820,112339.93487405032
3821,121781.3535144329
3822,136636.98116634903
3823,422222.53395833913
3824,442158.56972739473
3825,445194.842548877
3826,446792.55081306444
3827,725634.445949357
3828,764148.0410692883
3829,700562.2693101764
3830,533993.2209302336
3831,528422.5497818813
3832,546698.6675867159
3833,600799.7364993505
3834,559059.2229438863
3835,682342.1489381269
3836,615869.6705448898
3837,467593.4380830992
3838,225877.1004109718
3839,222014.7294431245
3840,230612.1636112762
3841,248696.22072463855
3842,226944.8701005045
3843,410271.4692765195
3844,650172.1145287007
3845,1016254.2151174694
3846,1472769.447894373
3847,1570726.9135350024
3848,1713207.0751424832
3849,1366455.8943724483
3850,1451260.5868977867
3851,1537560.2329449654
3852,1639339.673989255
3853,1599875.5198177658
3854,1923143.5646871012
3855,2033820.6103598624
3856,2973556.7306339648
3857,2942321.238722266
3858,2171767.8929039743
3859,1419948.5311167836
3860,1360817.9364994408
3861,1163401.140363764
3862,1943868.238096036
3863,1956266.1530442387
3864,1663191.9176875614
3865,1104424.4685710967
3866,867165.1884395722
3867,944890.3601856977
3868,1592192.457446482
3869,2253192.040136608
3870,1129227.1349177286
3871,1603594.752616495
3872,1602493.951590281
3873,907780.1597623304
3874,1011067.8997020014
3875,1052151.4904130101
3876,985396.2458715136
3877,745185.2691163309
3878,654196.0275506284
3879,650443.1502810474
3880,645182.3279943541
3881,609259.8815178368
3882,342114.1948719155
3883,270025.9986605905
3884,321686.21390476194
3885,314185.4242778346
3886,289550.48908323795
3887,260700.89170224778
3888,253071.08121072128
3889,256085.99722772464
3890,211316.75638150983
3891,203139.86999433488
3892,180563.2586582899
3893,148969.82268482167
3894,174796.5067224335
3895,169688.92973026214
3896,181392.2193308547
3897,183015.41033232107
3898,182552.07707098871
3899,186690.3683099486
3900,195714.53913558554
3901,18634.78126114793
3902,18634.78126114793
3903,18691.28651531341
3904,71815.88835604955
3905,98707.9738545008
3906,98792.98534289747
3907,98607.97009530896
3908,98764.97970721498
3909,97663.19012491347
3910,69666.77370588668
3911,61834.66479889676
3912,59794.33287822455
3913,56711.32117512077
3914,61282.02814081125
3915,61824.403666727245
3916,69842.47002832592
3917,251783.24833464995
3918,156660.58912838268
3919,102550.57124347426
3920,121397.13049848436
3921,135057.17827343557
3922,202035.92614259943
3923,321701.1354287118
3924,356250.4408476411
3925,399165.65664348006
3926,411807.3093789965
3927,755906.4063515849
3928,808109.6237502247
3929,921916.7839218322
3930,767553.824970792
3931,569234.3376777992
3932,589436.3669371754
3933,551777.9212449938
3934,389092.2567824777
3935,310544.2016914319
3936,209962.9894455541
3937,321072.62522822525
3938,261934.84682126343
3939,246143.62654362875
3940,259868.05443353858
3941,270320.5186416805
3942,255170.6441342719
3943,416934.7972858511
3944,664294.4357735515
3945,698715.2030202365
3946,1020796.7180551738
3947,1299926.8078198507
3948,1326661.307310868
3949,1400819.2547837496
3950,1240819.2006412782
3951,951338.4170123171
3952,1492988.050468009
3953,2439842.468592791
3954,2288110.3562136255
3955,2364787.269258056
3956,2814063.003988508
3957,2486396.9138534963
3958,1817133.689629674
3959,2084720.6043782185
3960,1988046.1204439998
3961,1347502.11701338
3962,2440861.0332774213
3963,2154561.484904334
3964,1409921.3249298334
3965,1359280.1992932754
3966,1139366.3105988852
3967,1266945.3407781057
3968,1515813.3832057663
3969,2169362.7247603564
3970,1405113.58109116
3971,1213417.6295138747
3972,1211751.0681814551
3973,799862.6895634877
3974,776216.3796562292
3975,752121.3392268717
3976,454213.8468433947
3977,322444.2789405456
3978,348500.7080105564
3979,338968.5177003741
3980,339018.43770540634
3981,386036.3092359621
3982,412945.87339005526
3983,361703.41538064927
3984,373660.13070087344
3985,344514.8057266325
3986,338695.304278526
3987,232516.49189982004
3988,178551.295674026
3989,194214.14155614842
3990,207622.08630867768
3991,147690.77511743002
3992,174767.12754537305
3993,133025.4443988232
3994,167496.16393006407
3995,164973.7791820597
3996,184255.95689687878
3997,184456.83153892308
3998,184853.5093280085
3999,184281.0222587455
4000,186690.3683099486
4001,18634.78126114793
4002,18655.023003959795
4003,43088.3482386712
4004,92581.78378019482
4005,99483.02976829093
4006,97554.93510714523
4007,98112.99470864935
4008,98398.31607366819
4009,96572.64198098332
4010,75691.15120581118
4011,61371.496414511465
4012,60925.86166975275
4013,61007.672014027834
4014,61425.36560470611
4015,61425.85466597229
4016,72302.20497464004
4017,107903.53781458398
4018,99877.20392844919
4019,138491.59921199642
4020,163829.63801537454
4021,165217.45555507764
4022,180902.41082781553
4023,251212.2234076634
4024,295745.8284815252
4025,295745.8284815252
4026,295745.8284815252
4027,966637.9252585648
4028,893045.0262528136
4029,973040.9863033928
4030,887507.531046167
4031,636868.5656718239
4032,661267.9047061801
4033,655574.8471746258
4034,197299.69466906996
4035,218526.5014488101
4036,256734.1386003187
4037,345077.1452578041
4038,627315.5744256824
4039,276943.5141373277
4040,329260.56057257205
4041,350930.25745522976
4042,449496.0789414374
4043,466088.18939983286
4044,730722.723689774
4045,612811.8923632205
4046,612811.8923632205
4047,922281.9083690792
4048,1260056.2834992404
4049,1342444.793033421
4050,1252903.323795341
4051,875450.0137212873
4052,1299993.6463468843
4053,2352989.1777280523
4054,2135267.9370117784
4055,2111889.3891099766
4056,2113930.3920034654
4057,1965980.2926048432
4058,1983575.4880463108
4059,2483056.4743016055
4060,2569643.448780179
4061,1848617.6514487136
4062,2000511.7333327904
4063,1929364.6909049042
4064,1397364.995847717
4065,642182.5205031177
4066,402296.8066220097
4067,778470.6268139472
4068,2959736.937794505
4069,2825216.6142790243
4070,771222.5660768193
4071,609703.726703994
4072,707865.2238405272
4073,693960.9237752948
4074,593546.8136436492
4075,425710.3772339709
4076,301768.93224179745
4077,310981.0431662947
4078,341148.49179470097
4079,338968.5177003741
4080,345920.28843545914
4081,430705.2823412956
4082,438945.9723804975
4083,348022.1691977009
4084,357901.15582630225
4085,344296.2218183959
4086,227536.59291394427
4087,148625.33621795475
4088,152477.30046901852
4089,177523.79151140153
4090,185768.0078373882
4091,187274.43180692947
4092,198911.3455587587
4093,162043.89837119728
4094,167038.1431886889
4095,168405.95645254804
4096,183996.10496099392
4097,184456.83153892308
4098,184456.83153892308
4099,183913.91713706264
4100,187457.99464494735
4101,18634.78126114793
4102,22291.156839307165
4103,84127.62105416553
4104,99003.5462361793
4105,101741.42464621863
4106,100219.86545374664
4107,98770.07958880591
4108,98600.6201823866
4109,98756.27041755803
4110,97063.58419269486
4111,68864.58996232226
4112,61417.84723739326
4113,61554.95697456924
4114,61425.85466597229
4115,70183.18621163536
4116,109675.3298914202
4117,112101.92688549368
4118,130031.52516198205
4119,198242.92780858034
4120,163697.17751910444
4121,157655.99292942975
4122,157089.34826101363
4123,204693.74601720273
4124,294139.9308572002
4125,295745.8284815252
4126,364876.27054680884
4127,979468.4815590121
4128,1477912.8253248553
4129,908123.1220554961
4130,844722.2892788574
4131,620589.1927605718
4132,580655.9355134666
4133,685156.8454891267
4134,215609.38687097887
4135,222344.91308540478
4136,357320.15188199095
4137,308557.9056542069
4138,301550.68146160245
4139,365577.61073325947
4140,482143.71320176125
4141,485618.7998286688
4142,467380.8735706825
4143,773716.553480506
4144,1222004.2732234565
4145,1238642.6419115886
4146,1294689.934088856
4147,1557886.9465702996
4148,1537079.503855261
4149,1617943.4137887433
4150,1483023.2170360456
4151,1289075.9084892124
4152,1394831.8407109082
4153,2138684.724109806
4154,3089928.050481228
4155,3629728.425074517
4156,3751296.0072820345
4157,3076614.7105891053
4158,2315709.863675274
4159,2454134.4870412126
4160,3393918.787791731
4161,3128468.080456881
4162,1457946.923866121
4163,1535999.5222060084
4164,1053607.0854831184
4165,648197.627908187
4166,481875.9859215915
4167,507365.01075776294
4168,2812597.46901446
4169,2331063.428449967
4170,455346.5526750237
4171,392980.5970774554
4172,415822.0905610919
4173,335510.0519968183
4174,348273.43657646514
4175,355286.360485008
4176,304435.4468677172
4177,411837.57433249615
4178,376883.46132317465
4179,339611.42638472747
4180,455181.3384178765
4181,456796.58613858745
4182,449548.05596015835
4183,395272.9230831396
4184,352198.1045715902
4185,231670.8420058824
4186,129219.3524254444
4187,132673.5433526896
4188,130666.13984854147
4189,172181.0817066878
4190,186422.314303006
4191,169399.33445039854
4192,167903.52593814395
4193,174765.16741017997
4194,166714.95246375352
4195,166501.95068477094
4196,170341.48122513015
4197,180316.79369712528
4198,184233.39783474721
4199,184204.0593175086
4200,178594.051267952
4201,16164.066089667815
4202,53799.506363063585
4203,97936.53534082975
4204,101024.54907885613
4205,103360.41576435376
4206,101247.37517990015
4207,95358.1267036437
4208,97627.8052778033
4209,98544.79090076452
4210,99294.57914144675
4211,110073.3124220334
4212,95985.21269981097
4213,75527.90661651129
4214,73385.35565298889
4215,107404.39249007171
4216,112019.62772555277
4217,112019.62772555277
4218,233643.5122094527
4219,323632.43181776855
4220,189389.64006854163
4221,161918.9320932012
4222,160171.02182283532
4223,157278.55718652532
4224,234224.72399811947
4225,522211.51536567777
4226,1079350.0631491789
4227,1092615.0148771927
4228,1099491.0665678196
4229,972168.9670749801
4230,795386.8577079978
4231,302205.7850535624
4232,273555.0458485484
4233,345043.034256272
4234,222941.38516231626
4235,235362.84976526722
4236,451939.80906421924
4237,305182.53986190725
4238,339372.84604132595
4239,493677.5004871591
4240,499829.6049021395
4241,461159.1743605742
4242,424558.4339532852
4243,926318.5292874873
4244,1247514.4683477627
4245,1479946.4764253125
4246,1500371.0704988264
4247,1669624.6642102934
4248,1825742.7056775095
4249,1805180.431580306
4250,1581190.4845498558
4251,1470469.3735759233
4252,1417513.7918608785
4253,1460337.1882409374
4254,3180869.785470945
4255,3470412.4863491207
4256,4613842.574376607
4257,4208612.077503353
4258,2458927.8414780498
4259,2481282.625376828
4260,3170506.59704417
4261,3032026.9965178333
4262,1408168.9505630992
4263,1967193.891018683
4264,2162805.2360049225
4265,864368.3009574246
4266,979378.3355941437
4267,1009833.3347075209
4268,938868.9328663998
4269,715316.6725955388
4270,336710.4753859248
4271,366732.58267615736
4272,298234.5653337836
4273,168306.69399509206
4274,95236.40372784622
4275,216291.20941704419
4276,602072.9581884071
4277,656386.1595541835
4278,644770.3259615903
4279,717453.7519363854
4280,743996.4827077109
4281,670519.4682767466
4282,399357.501706732
4283,299318.325832512
4284,320909.3057840429
4285,189744.8329996392
4286,117518.33247878402
4287,117518.33247878402
4288,122002.43804147653
4289,121376.52795886528
4290,163086.47887982987
4291,166195.70910870656
4292,183183.5751965847
4293,168184.38629138097
4294,153239.00950989872
4295,163015.9343482055
4296,164936.80007906735
4297,163770.18490115926
4298,166181.197723981
4299,166129.7632292146
4300,158006.18815242033
4301,13472.401202654939
4302,56995.1948954938
4303,96171.38599445159
4304,98895.0885794647
4305,104390.53481590387
4306,101373.56098994426
4307,97554.001200472
4308,97616.52745671757
4309,100566.8528198849
4310,124003.94205554016
4311,131803.0766079398
4312,131894.5200885767
4313,131894.5200885767
4314,123539.88342810748
4315,112019.62772555277
4316,112019.62772555277
4317,112019.62772555277
4318,165961.30940334126
4319,292942.0256529469
4320,315086.7401271442
4321,234138.97063023923
4322,200327.70616416563
4323,200308.15303103067
4324,348020.0539765451
4325,1186894.9764211096
4326,1195525.8745777104
4327,504261.4262186028
4328,621599.0779672638
4329,855882.5759873372
4330,542500.690460315
4331,260058.4869740829
4332,278257.83054203895
4333,230118.12944685854
4334,219957.55146479327
4335,283692.8671789365
4336,308556.0209898936
4337,308403.2352960126
4338,282977.92221358046
4339,426358.18384678086
4340,475149.2553521078
4341,1284904.095368106
4342,1657051.7031268813
4343,1754124.163020663
4344,1959711.6683941092
4345,1828431.7479557097
4346,1696228.5154838972
4347,1563645.3050025362
4348,1764213.9667278964
4349,2712122.6240778565
4350,2095180.2203364111
4351,1564007.8775735844
4352,1492390.139530275
4353,1634015.5287176967
4354,2971356.592376575
4355,3680021.4048128426
4356,3474745.24480322
4357,3010324.850558225
4358,3113745.921315346
4359,3910082.5038947985
4360,2289156.955651627
4361,1763252.696669817
4362,4050156.1958412305
4363,3686150.5219083983
4364,3395532.2333895992
4365,1216473.8096569031
4366,2147999.505057786
4367,1473458.592213871
4368,839796.2654027363
4369,846823.2137257457
4370,626210.3627560008
4371,286622.80402471125
4372,295300.45707269385
4373,87997.12428611657
4374,73334.15123057365
4375,97119.42528026272
4376,574001.2462343667
4377,656475.9067593813
4378,752147.4417437017
4379,983283.706299438
4380,848440.7423085198
4381,579015.836155206
4382,375216.208419863
4383,256522.39639494475
4384,234395.92423939332
4385,159015.75028980896
4386,120430.56147570908
4387,119396.88782311417
4388,120046.05635474622
4389,121521.56993713602
4390,145675.03362291027
4391,165832.94522086065
4392,166752.30267346054
4393,162564.83433836442
4394,171862.4007200962
4395,161829.54059924604
4396,163769.2201506868
4397,163770.18490115926
4398,163770.18490115926
4399,163376.83222812205
4400,108164.5471209893
4401,13407.474496257491
4402,22162.975224535912
4403,84787.99554907542
4404,98895.0885794647
4405,98895.0885794647
4406,97178.09538193955
4407,101053.36242234055
4408,98500.23907840601
4409,120782.48324558605
4410,130757.3411535921
4411,131823.29584330786
4412,131663.6489466885
4413,131663.6489466885
4414,125524.771233893
4415,112019.62772555277
4416,112019.62772555277
4417,112019.62772555277
4418,149759.98796902224
4419,252498.87164967135
4420,343586.27612621244
4421,348860.1108478713
4422,239715.87845232897
4423,304021.47172419354
4424,325438.8799321782
4425,672404.7105383207
4426,483571.92456106655
4427,262784.57243967056
4428,399119.9218007028
4429,486411.84039467946
4430,313499.16403805185
4431,265714.1321893558
4432,295898.56309461594
4433,180276.13211743347
4434,195556.47471729666
4435,238868.90462587157
4436,310023.31693680305
4437,258687.90799632855
4438,225261.87283083797
4439,241140.85766024515
4440,436700.3272421211
4441,560084.4447270036
4442,2022409.5881142616
4443,1810800.7125769807
4444,2724190.874148368
4445,2742077.232848933
4446,2931153.843998365
4447,2660052.7863058643
4448,1718510.1624949547
4449,2273045.249112185
4450,2519794.3422087003
4451,1853540.6270647645
4452,2538102.45280978
4453,2630209.980814495
4454,2571493.8674743343
4455,3802058.83819641
4456,5679993.229939491
4457,6320777.523130946
4458,4372017.527494982
4459,7750012.08228939
4460,5142688.402849875
4461,3925701.6707562953
4462,5377248.44055013
4463,2463196.485338065
4464,1771619.2845001034
4465,983991.5808469057
4466,858426.1163603738
4467,800361.293965593
4468,970756.0676776823
4469,621397.5395374899
4470,575568.6651355624
4471,380512.4743272066
4472,358364.17404676415
4473,61221.29572897055
4474,44616.63340395689
4475,89577.94162518904
4476,396480.4998689897
4477,569490.1724584401
4478,929543.4254954248
4479,1013695.1065716892
4480,828124.9700872945
4481,500362.99222636595
4482,414208.96770727634
4483,264517.8586057341
4484,146399.5062602684
4485,122238.78582820273
4486,116373.17236427963
4487,119754.26547010243
4488,121069.89693887532
4489,122320.95637444407
4490,136108.3185519065
4491,164777.0404525008
4492,152304.79751696496
4493,141349.7775654702
4494,137874.04455680354
4495,184895.33575395294
4496,179630.6202286277
4497,163770.18490115926
4498,164106.7809413576
4499,139826.6059324788
4500,84142.04573936434
4501,13205.956590422895
4502,13407.474496257491
4503,57508.90179419238
4504,98895.0885794647
4505,98895.0885794647
4506,96074.3864833992
4507,80474.2702652812
4508,103498.56068386463
4509,124762.27352609584
4510,129843.6562343305
4511,131894.5200885767
4512,131817.5630964199
4513,131894.5200885767
4514,119360.2240679593
4515,112115.63065312168
4516,112020.0719497784
4517,112019.62772555277
4518,112019.62772555277
4519,174340.49352202192
4520,294737.00688968785
4521,387104.6564557585
4522,318896.9237810075
4523,314309.87757343054
4524,314410.32330350555
4525,321727.8763239123
4526,417003.7066158876
4527,304950.4067667965
4528,358866.67479409743
4529,448293.9039427303
4530,356551.91237904876
4531,265494.86123175384
4532,264264.8041326143
4533,231654.8351460914
4534,232097.08405855857
4535,264113.5848332122
4536,282153.59823058546
4537,259026.9986935109
4538,225743.89757040003
4539,261536.77357339393
4540,436961.77396549284
4541,446809.69222440186
4542,1249519.4758139849
4543,1484595.860734433
4544,2516422.230877178
4545,3156131.224434808
4546,3151239.453830868
4547,3423080.385349348
4548,4280532.9390665665
4549,3054884.446696574
4550,2719909.209296709
4551,2633810.6661702786
4552,2719708.315277856
4553,4209265.21989852
4554,4503130.466770288
4555,4364234.897231944
4556,4574671.3794014985
4557,3665256.633629266
4558,4134730.5278704204
4559,5264009.506013785
4560,4187363.4135541394
4561,3868922.92799899
4562,2553784.8270681687
4563,535279.144184392
4564,673724.5250022113
4565,587932.3050246779
4566,702028.4691625347
4567,524324.1256200168
4568,762843.4359707218
4569,825752.0802633306
4570,364233.4067049101
4571,351335.09011393785
4572,290235.0432092361
4573,30942.060235169716
4574,20235.720172962174
4575,19998.858252435923
4576,134936.6397682242
4577,374049.08828611486
4578,566768.9104668349
4579,658791.410607148
4580,399598.1936741639
4581,421959.43797274306
4582,476091.97050347924
4583,234934.93716227263
4584,111459.79584863782
4585,111459.79584863782
4586,111459.79584863782
4587,111459.79584863782
4588,111999.02103007771
4589,120057.01561520016
4590,158333.6662562536
4591,163932.88229281432
4592,164060.44276761822
4593,135844.13564473626
4594,145743.97421966447
4595,136695.43890113616
4596,138813.3425763175
4597,149008.81296786026
4598,164930.3645783416
4599,95514.16197973676
4600,83156.17221449316
4601,14927.958249321673
4602,13407.474496257491
4603,25124.60640120093
4604,93372.55561976373
4605,98861.09717376242
4606,97774.75726819283
4607,83869.5385231364
4608,93918.71630498528
4609,85650.93964402657
4610,116819.62614238262
4611,131714.40294296853
4612,131894.5200885767
4613,116080.43929652777
4614,79224.01611397672
4615,89524.37164772674
4616,112031.59890844382
4617,112019.62772555277
4618,112019.62772555277
4619,112019.62772555277
4620,201603.81862488016
4621,421580.1158819499
4622,377691.26899546385
4623,326970.35743739456
4624,314503.86683925637
4625,306681.4567925995
4626,314435.4750184589
4627,434977.46906146593
4628,582102.528422048
4629,581299.0443316698
4630,216081.70345214382
4631,215396.60565996915
4632,216655.0233254321
4633,227996.3037508335
4634,225660.09791935422
4635,260001.0356234461
4636,283492.7588992715
4637,318501.1866100952
4638,443365.04630986974
4639,389869.2213491255
4640,383068.6787606422
4641,538138.1125509702
4642,1327614.8779675998
4643,1502741.8861501813
4644,1696163.343239665
4645,2169127.460187413
4646,2063351.1534459665
4647,3586628.644971654
4648,4857463.265560105
4649,2686778.1773799905
4650,3316566.792197954
4651,3381474.339120336
4652,3680260.451709628
4653,5395328.752108607
4654,6069286.1720376015
4655,5686285.474758074
4656,4620702.484732032
4657,2832872.6824835753
4658,3436854.721002683
4659,4490324.454972368
4660,4554488.1094457945
4661,3750146.7135046013
4662,3450585.5491818152
4663,513985.1410756018
4664,1010867.4596184194
4665,533935.6541561149
4666,675441.0017670756
4667,616838.0435657166
4668,574930.2308983095
4669,1079111.203445754
4670,493643.63021065295
4671,286480.54467793554
4672,185078.20908580348
4673,83695.46551261842
4674,42038.92762193829
4675,19883.167106807232
4676,43972.37398195267
4677,396215.9763776008
4678,868017.6364774536
4679,1154028.7840208698
4680,333201.40650881827
4681,438147.7174486518
4682,532825.6934437156
4683,213391.35801547393
4684,111459.79584863782
4685,111459.79584863782
4686,111459.79584863782
4687,111459.79584863782
4688,111990.11711691273
4689,143039.01973750815
4690,190254.0296246484
4691,167713.60284593655
4692,175438.40788763063
4693,171013.77314798906
4694,147739.41022531316
4695,81815.90530457348
4696,78732.85668874113
4697,78732.85668874113
4698,85848.74490038166
4699,83107.46185581031
4700,83133.19728387147
4701,17839.529984031033
4702,15119.27129007643
4703,21181.570813809663
4704,67410.81721058284
4705,82207.03146492189
4706,101546.30596019793
4707,131432.00103426236
4708,127792.55895126704
4709,108859.48192009237
4710,130976.82546417737
4711,131712.8563449406
4712,114411.84376941714
4713,86345.9250853163
4714,77102.83677213825
4715,75161.8632068513
4716,89370.95060223155
4717,111642.41110692557
4718,112019.62772555277
4719,112019.62772555277
4720,254411.99600578845
4721,429700.20047193766
4722,429700.20047193766
4723,413017.9960802188
4724,313088.82592733204
4725,407054.68130591756
4726,807936.7580583738
4727,774696.2644772977
4728,665829.4376686886
4729,532852.2857866138
4730,248276.98915863782
4731,184104.2991635576
4732,219215.89455058705
4733,271743.97716059536
4734,255084.44326920807
4735,272658.39583360404
4736,286476.890986532
4737,319408.5702436995
4738,486247.24756034324
4739,407427.5589224994
4740,401716.50721928664
4741,650163.8686733753
4742,963901.2590606101
4743,1116630.8726224266
4744,1128566.5659700031
4745,1969695.5340729132
4746,2346282.6243970394
4747,2770221.4463106766
4748,2426738.331384592
4749,2672260.842456408
4750,3327228.87086697
4751,3232241.53321137
4752,3016757.8983818963
4753,4134388.705516681
4754,6101784.839000449
4755,7209967.19480865
4756,5202675.412423899
4757,4894187.889878444
4758,5304066.6559404135
4759,5192894.49296321
4760,4963348.939460818
4761,6148952.546651572
4762,5405702.041201969
4763,978107.4789521545
4764,795527.4283334129
4765,1390582.7827835702
4766,850704.6242930109
4767,921217.732767785
4768,785081.2769585252
4769,689270.4940068722
4770,579563.1041478366
4771,313108.2086170763
4772,271031.0370520428
4773,98069.09187837318
4774,74175.5883414275
4775,34299.41386216134
4776,568365.7850192115
4777,1383339.7189813752
4778,1189186.770474338
4779,963787.004966788
4780,436168.3225489855
4781,521006.3952662675
4782,568838.4642395228
4783,422843.5613207966
4784,209810.33126104996
4785,111459.79584863782
4786,111459.79584863782
4787,121036.50561197102
4788,152373.69714803481
4789,206497.01829178818
4790,196598.84460976813
4791,189923.03427228786
4792,182637.7842704903
4793,174586.59655435476
4794,82598.04487647489
4795,74597.42931682616
4796,74597.42931682616
4797,74587.71648600325
4798,74542.46561174167
4799,81882.45386899542
4800,83155.07470292598
4801,18242.290714864153
4802,17930.148653171957
4803,20322.648012421792
4804,23096.41337309219
4805,30244.602719110902
4806,51448.71279454365
4807,116901.48793787323
4808,134152.2344869313
4809,129770.66567946237
4810,120129.04251700407
4811,71935.98896130314
4812,92690.63157648244
4813,84852.43892271013
4814,77102.83677213825
4815,75161.8632068513
4816,75161.8632068513
4817,89016.32029333338
4818,167950.87925784092
4819,274626.98478577286
4820,356879.12150082923
4821,413226.4512598179
4822,415561.2439498715
4823,328412.0725520998
4824,299749.6605560044
4825,443527.0025415486
4826,1968346.6260538101
4827,1034008.9866562597
4828,738014.467791589
4829,696970.2617210215
4830,627384.6192865223
4831,190754.1172415875
4832,209355.2811619863
4833,274971.25945022143
4834,266738.41246630996
4835,271080.25116952974
4836,295677.6585020274
4837,302011.4901735261
4838,335042.54934784025
4839,372722.457292267
4840,527331.8496283144
4841,686859.6592726391
4842,915697.0620907992
4843,1118014.7433647402
4844,1232336.217989767
4845,2026870.9227024615
4846,2497400.9387478903
4847,2821775.072089214
4848,2842380.3130398914
4849,3483842.663568031
4850,3028685.388958921
4851,2888835.174686294
4852,2681277.5085508972
4853,4470890.203680277
4854,5840634.080704186
4855,8491044.36362223
4856,8230212.197574943
4857,7239224.573712021
4858,4415739.466660976
4859,4159907.5689850003
4860,4635312.385651509
4861,5602532.497221231
4862,3456944.205640167
4863,2041168.6616477352
4864,1167716.6477312148
4865,1861615.7312027682
4866,1077999.332958497
4867,1170122.841102969
4868,1027119.6234547943
4869,1295242.0114978813
4870,1258665.240696406
4871,1016669.7048940063
4872,512178.6482913345
4873,630899.328543432
4874,3006274.3567798715
4875,271518.12601833045
4876,514436.04566207156
4877,1408190.141062349
4878,889236.146019265
4879,672118.8577099293
4880,702189.0696504912
4881,603808.1717661582
4882,602491.6072529107
4883,602491.6072529107
4884,575792.4707616491
4885,260898.35437566042
4886,138544.38331206702
4887,156210.43526738696
4888,280669.51319512725
4889,964741.2567534004
4890,1441812.4020638615
4891,612064.1850743443
4892,187313.28760475293
4893,101007.01199229644
4894,73524.37026256998
4895,74597.42931682616
4896,74597.42931682616
4897,74594.7154673785
4898,74592.23396991193
4899,79622.11869593151
4900,83130.55743770394
4901,17930.148653171957
4902,21333.653069736436
4903,23095.618460328056
4904,17378.505038291456
4905,14959.109994821716
4906,12759.607247794891
4907,36106.88732879516
4908,87820.77848080255
4909,115291.97386680805
4910,83086.08914563258
4911,67779.97892550938
4912,77496.21108863782
4913,83328.78739225212
4914,79863.96615906246
4915,74861.44406617619
4916,77050.35062065441
4917,84139.73750797083
4918,258712.09726242803
4919,375507.63582637534
4920,379177.3473921716
4921,379188.9343904245
4922,348196.8323014397
4923,295190.43760060647
4924,293640.0293356478
4925,310438.42872316577
4926,2035693.1477311545
4927,1841288.3288161096
4928,745726.3063821774
4929,779984.2993156137
4930,811872.0280376971
4931,334503.9872207764
4932,231782.62839676626
4933,300858.456966524
4934,287694.3458895385
4935,261763.49496641196
4936,277571.5750991553
4937,278004.59236994386
4938,279691.27329297364
4939,622078.301463265
4940,975803.0165016837
4941,922608.2774622962
4942,1131363.0585149946
4943,1442580.0048139754
4944,1167454.287091393
4945,1544946.907049898
4946,1882000.1305021262
4947,2035310.695152074
4948,4956749.492197476
4949,3343201.2568825185
4950,2097638.034071222
4951,2113814.0471091513
4952,3116766.0939824805
4953,4216706.373384327
4954,5030347.288395025
4955,6881968.005641419
4956,7857682.993501075
4957,5838197.301964127
4958,5226173.162857914
4959,5940149.430954211
4960,4808627.45172246
4961,6892405.630964229
4962,4983414.642835157
4963,3176379.415060371
4964,2747155.5920601804
4965,2093016.259346187
4966,864489.3858132958
4967,4069078.5537921786
4968,5205263.279136987
4969,3354337.578704253
4970,1890761.9641317057
4971,2610668.958721891
4972,3497240.8753491174
4973,2523042.31892314
4974,407867.90785591165
4975,112285.8221496488
4976,149729.52520030364
4977,1126998.522143174
4978,720237.3010709025
4979,670653.620778427
4980,580447.3570688963
4981,408465.33149484126
4982,279576.22132247407
4983,337231.73285125196
4984,358797.1680227667
4985,251325.42147366703
4986,177157.89850184694
4987,170442.9009263795
4988,654420.2882135529
4989,1240552.0188883394
4990,1141897.5135364607
4991,2025613.0428441025
4992,495676.2161348369
4993,64158.86141500622
4994,69850.26245287806
4995,74198.49994808808
4996,74597.42931682616
4997,74597.42931682616
4998,74584.1382984994
4999,166220.58985771704
5000,147198.60853765532
5001,30752.0025992156
5002,42359.82879265142
5003,26468.643221942475
5004,18845.329420771217
5005,17271.065408058465
5006,15685.719952100888
5007,13068.42444161838
5008,16074.991501541343
5009,40616.73492260318
5010,51238.06120975781
5011,51976.388891166076
5012,73556.64677594975
5013,82881.07398756593
5014,85650.93964402657
5015,64934.34425976686
5016,83514.63127619121
5017,105114.26675908267
5018,271241.80517831445
5019,282475.30767811555
5020,343886.1945732571
5021,314670.8819258935
5022,287221.9304392487
5023,295495.04011621326
5024,293640.0293356478
5025,412701.1336272508
5026,1502191.4930626522
5027,1744396.7992710099
5028,465764.090193124
5029,444488.692835141
5030,788515.2765545249
5031,604990.504648596
5032,309149.82186634745
5033,311315.5090965703
5034,307331.4056426212
5035,271692.8098626435
5036,246008.26274508238
5037,246008.26274508238
5038,351779.0426566899
5039,904122.6668167897
5040,983579.5117571428
5041,1098351.0445100963
5042,890758.5875642449
5043,945696.7107683718
5044,859722.427751153
5045,1179832.0159796253
5046,3268267.495200072
5047,4050838.781811055
5048,3512336.5274708746
5049,2541622.6876535243
5050,1699192.03255898
5051,1917025.8280982524
5052,2789492.838919401
5053,3986956.834945604
5054,3053416.2787965517
5055,4571990.952027328
5056,5116064.04225936
5057,3317316.304182917
5058,3948743.8837732235
5059,11170854.3751681
5060,4885013.193938932
5061,9584334.47029417
5062,5099398.677683681
5063,5000138.470144816
5064,3162847.9713877067
5065,1669639.3426528936
5066,735384.8408235759
5067,2329901.5531764925
5068,5186524.786740988
5069,3528091.1585943103
5070,3275214.61853569
5071,2714823.8678922765
5072,4282802.361364502
5073,3782989.808172875
5074,789077.0287825465
5075,125151.5644575865
5076,115954.01125728223
5077,396412.9285264686
5078,523064.34886288014
5079,486760.20604767604
5080,533093.1241708435
5081,405151.5051583396
5082,282017.49446760863
5083,216666.20854867995
5084,221619.98703365028
5085,222992.10402899422
5086,157334.19292847067
5087,149501.91084779054
5088,408447.95495842956
5089,1505221.946122326
5090,1199560.9995723143
5091,1001543.7417625617
5092,64158.86141500622
5093,64158.86141500622
5094,65510.487528963946
5095,71770.64431966841
5096,74597.42931682616
5097,76152.35098403599
5098,138283.94790969416
5099,378960.56009681115
5100,384363.7031894326
5101,92814.00671848701
5102,67580.26462756563
5103,30001.16792630317
5104,19610.70414693607
5105,18967.33104891423
5106,17271.065408058465
5107,16559.5242169766
5108,14949.00798968866
5109,15331.95870679128
5110,22518.11608759314
5111,82643.5193519909
5112,79672.07816804596
5113,82865.53033100441
5114,80634.19574107393
5115,76546.66777538264
5116,120005.16116547491
5117,246745.92437579297
5118,274350.416434817
5119,271241.80517831445
5120,268764.4786557555
5121,271763.47761897556
5122,288567.04280576855
5123,302653.30337080173
5124,394828.4516461593
5125,501867.7994482964
5126,572978.3004599214
5127,582939.6101396307
5128,514012.7617936649
5129,328738.9098843746
5130,524160.1718681002
5131,415211.9690742614
5132,311315.5090965703
5133,311315.5090965703
5134,306558.2769321948
5135,274617.37001940235
5136,246682.890677684
5137,246008.26274508238
5138,177330.6323190661
5139,299381.47243330197
5140,756876.8547262624
5141,1015354.2358007878
5142,1135291.0605580732
5143,2267823.930865028
5144,1657925.59426184
5145,2293043.2572567374
5146,3490087.4953000713
5147,4310279.846399739
5148,4489638.323951217
5149,3162096.536041081
5150,2763368.5888914596
5151,4235582.290911031
5152,3548216.032154251
5153,2637257.320375547
5154,4730222.73034776
5155,5291925.975574574
5156,6353382.073869698
5157,5073034.122317985
5158,5783072.618816808
5159,8703872.857822862
5160,5322451.96660565
5161,12740060.35283481
5162,7451156.335283361
5163,6922887.767790452
5164,3484078.6983248033
5165,1037540.2354821935
5166,870234.6119784713
5167,893239.6992122456
5168,3494472.4781701863
5169,3330268.559231482
5170,3486354.6728197504
5171,2817113.9817705974
5172,3097058.850769069
5173,2188130.0274121016
5174,1174534.5085744374
5175,568197.3870923221
5176,126788.86204642337
5177,295875.11507778754
5178,405828.33613098785
5179,508657.24513132044
5180,617822.2667880394
5181,569328.2036271158
5182,222724.01903219894
5183,193483.14037711918
5184,181454.02984397113
5185,114111.75657058437
5186,89577.9111254745
5187,116387.40698765963
5188,174997.9339121793
5189,274729.31451415014
5190,276053.8965727915
5191,230467.07900103275
5192,64158.86141500622
5193,64158.86141500622
5194,70586.63538650051
5195,101317.78455297602
5196,117514.87201800547
5197,166278.79487503553
5198,301838.70123492554
5199,383224.5466957763
5200,380964.880152978
5201,87456.60055012282
5202,74503.14098088298
5203,24648.93884329684
5204,17210.02081694451
5205,19298.912538542616
5206,16790.394542835653
5207,17170.535651378334
5208,16142.19560387102
5209,13383.22151250206
5210,12748.391252490692
5211,82934.37955379777
5212,59095.19848494232
5213,112465.45410085749
5214,164300.27173979091
5215,214247.89817845775
5216,342263.35405094014
5217,354949.7250325009
5218,347961.65776410326
5219,388843.58617743105
5220,366765.13470401557
5221,285990.31370283663
5222,277130.239446111
5223,325534.77059501177
5224,416077.04771304433
5225,516073.78657528013
5226,556689.2005882971
5227,393720.80819895864
5228,446953.03020004183
5229,483480.2140553193
5230,490139.22086503264
5231,356321.3555896183
5232,307850.6536860317
5233,307069.9009374529
5234,373200.7642362993
5235,394914.0110785691
5236,259565.74474352296
5237,186858.67474182695
5238,3040.9246562044136
5239,213.62653277278878
5240,699647.9970679749
5241,990634.03946504
5242,849417.3467847649
5243,1322001.1696646083
5244,2197730.135194567
5245,2523525.2042561844
5246,2774132.95052208
5247,3025977.085489191
5248,4496910.44687197
5249,3547988.5215879083
5250,2417419.2789280843
5251,3838202.022366522
5252,4586896.867842812
5253,2413961.614448428
5254,4671103.164200738
5255,6508169.610192008
5256,7632094.032487054
5257,4701360.33960323
5258,8707440.217638679
5259,10485779.591237523
5260,4957698.57440263
5261,6537499.459060147
5262,8163357.083070822
5263,6940202.468327522
5264,3149654.752024956
5265,918538.0094418423
5266,1508232.9639873668
5267,4035400.248126637
5268,4044971.1248555435
5269,4010898.0600431566
5270,3523567.2938555563
5271,2938660.6552682566
5272,2156158.4976936923
5273,2093760.0120851314
5274,1095183.5810071304
5275,890588.1453408226
5276,491345.85708593624
5277,1136661.1426282823
5278,711558.3826788664
5279,677884.9697954208
5280,737303.8402865231
5281,556450.3936902061
5282,318611.61557746306
5283,166162.47634948418
5284,69628.19685279127
5285,76945.38525111601
5286,89568.80225164443
5287,88099.10408888943
5288,95830.64797637193
5289,197089.83333945952
5290,255373.14837778173
5291,246191.92524608993
5292,141909.3175072223
5293,65356.27339172573
5294,94826.17118883651
5295,147457.28868130594
5296,153508.33353863843
5297,253554.26810611307
5298,349707.77410954237
5299,356313.3542075008
5300,348277.8834303655
5301,82473.88413801929
5302,84097.24302319437
5303,27153.55404188377
5304,17271.065408058465
5305,17271.065408058465
5306,17007.179267525673
5307,17271.065408058465
5308,14833.21088369051
5309,13695.657691610046
5310,12720.362830999293
5311,34893.78439342696
5312,45966.39696800569
5313,48426.49436037708
5314,242469.41669714497
5315,348823.47095136344
5316,350058.66240849905
5317,354947.00084527675
5318,389489.37559360266
5319,463021.1911505312
5320,461247.6623978134
5321,336407.3497170834
5322,280794.0036202239
5323,332837.91556125693
5324,342813.92217608914
5325,392582.46321374923
5326,336019.816633733
5327,332878.65288118436
5328,303788.39358667284
5329,286548.17773260176
5330,274439.7773792185
5331,165694.26247223583
5332,224824.17159220576
5333,291154.31140436407
5334,434969.08288268186
5335,443371.00202190503
5336,245698.88085205707
5337,358378.94163798355
5338,7233.561781287659
5339,691.2068160176277
5340,262418.23752589524
5341,890973.32957511
5342,1021061.8938335748
5343,1153495.4548609555
5344,2276850.622641612
5345,2191986.7642798126
5346,2015794.1577979922
5347,2269533.981860757
5348,3884167.4653236866
5349,5049016.969351411
5350,2643230.0713444613
5351,2860466.0326533574
5352,3085632.5226389538
5353,2698337.357889421
5354,2656863.3168193484
5355,1847953.669211153
5356,2386536.019350242
5357,1210358.7928802278
5358,4732396.096933451
5359,5389762.521080077
5360,5285635.248441675
5361,6033530.18274204
5362,2959150.2833301723
5363,3258650.206068218
5364,1218179.6516017392
5365,566214.3967149034
5366,1622287.1213859767
5367,5338227.936951727
5368,4093187.625230423
5369,2627534.9051568257
5370,3011240.703676179
5371,2303023.356857121
5372,2787882.5056445077
5373,942543.2862694524
5374,840232.1958590746
5375,1235739.9735584515
5376,1122715.8161043148
5377,857599.4432205856
5378,1269682.071778085
5379,920312.9794749646
5380,878707.4688587487
5381,877198.7832941475
5382,501814.8998704087
5383,117188.72391179847
5384,90319.91823142767
5385,89415.22278161347
5386,89431.69278807193
5387,89568.80225164443
5388,83987.97118276893
5389,199308.91817842727
5390,245592.44117099047
5391,245592.44117099047
5392,245592.44117099047
5393,189822.53151115007
5394,150630.44252410438
5395,153453.23309150338
5396,153388.86510108877
5397,167800.06181506533
5398,370729.33449804736
5399,370729.7669470757
5400,365653.7884556961
5401,85364.88240001095
5402,89985.32041119598
5403,32151.61641883198
5404,17271.065408058465
5405,17271.065408058465
5406,17271.065408058465
5407,16425.978669904172
5408,16344.287976719439
5409,13975.444965276867
5410,14893.09445903136
5411,48813.98904741788
5412,52502.160184738925
5413,53471.54810067266
5414,59255.59555247147
5415,311856.6287230104
5416,317333.4070713073
5417,340468.20840070955
5418,436830.1178646162
5419,454154.8243868947
5420,392891.5002027117
5421,316352.2362627932
5422,322741.2255344568
5423,350354.31046375306
5424,340608.92164087296
5425,345064.44463977544
5426,325365.13238869444
5427,291640.72780818865
5428,283990.60978040146
5429,173631.47917395085
5430,113038.61618314125
5431,82720.69105830789
5432,84358.99179603043
5433,154369.3698722911
5434,213815.3061735779
5435,217274.29023515433
5436,228328.4324658513
5437,802800.417567119
5438,103162.16700005601
5439,55226.48004156351
5440,404898.9005934
5441,891656.2663142625
5442,1126220.4105964135
5443,538512.3794755891
5444,1824027.0298383087
5445,2236176.195047036
5446,1942499.350714615
5447,1806907.1548821088
5448,2109077.5727988146
5449,3320952.1592417844
5450,3081038.684937196
5451,2558056.7314500217
5452,3178970.190221576
5453,3389308.833732052
5454,1930034.9765272052
5455,1588289.9158769846
5456,1553539.4987460151
5457,2187811.3881459963
5458,5316080.115425557
5459,3236721.009288421
5460,4412803.514661316
5461,5064295.743600376
5462,3325332.514728233
5463,1887409.259900406
5464,1010867.2910772166
5465,644927.0052335821
5466,1944417.3019935312
5467,5626396.7107919995
5468,3879760.158525495
5469,2548962.9284978313
5470,2267231.5125136375
5471,1734445.548634231
5472,1413091.991677612
5473,451828.9093182087
5474,505059.90979795903
5475,1061024.1677870967
5476,807435.6045598388
5477,445497.05588342506
5478,738348.4520946667
5479,818097.9906727783
5480,874643.8006165177
5481,759673.4360635362
5482,448393.55194066
5483,143521.82774928585
5484,104217.11480769515
5485,100389.91768399999
5486,89879.85377476085
5487,92832.31541193387
5488,91626.19578009238
5489,193328.6159554068
5490,245592.44117099047
5491,245592.44117099047
5492,245398.1549044298
5493,208975.6025378257
5494,159786.56900402484
5495,153453.23309150338
5496,153453.23309150338
5497,155937.2080942695
5498,339416.42990111746
5499,370729.7669470757
5500,370675.72916779807
5501,89985.32041119598
5502,89985.32041119598
5503,39030.94868611534
5504,18491.292297858803
5505,17271.065408058465
5506,17271.065408058465
5507,17271.065408058465
5508,15552.790185064077
5509,22938.747714770958
5510,44363.218109252164
5511,51820.634066889994
5512,53412.79878593236
5513,53390.93675864488
5514,53471.54222031683
5515,70504.3999459967
5516,146770.8004675745
5517,252069.91004687734
5518,311500.30926704605
5519,261637.54113379354
5520,218387.5414709272
5521,302205.5934006963
5522,308345.27383649675
5523,292830.25160117145
5524,338762.6097117104
5525,491823.2205067277
5526,583884.1378380433
5527,395644.9725636598
5528,252719.9295155122
5529,88080.86221908592
5530,83003.08955709636
5531,83003.08955709636
5532,83003.08955709636
5533,157714.73487804458
5534,195164.4497576952
5535,195161.74941647053
5536,195026.08695821464
5537,148909.76661649346
5538,162143.55510523962
5539,255379.28791974485
5540,300439.4049317264
5541,530881.0457140207
5542,352300.9628372453
5543,1524119.9252083823
5544,2386219.7151353434
5545,2275240.183368154
5546,2554250.6683459003
5547,2418954.574329775
5548,1762914.4926513806
5549,1379706.7606399357
5550,1464346.1400304139
5551,1990465.3913772302
5552,2109875.371572025
5553,2210774.339709914
5554,2139322.7620259253
5555,1996458.015414496
5556,1966133.5348592692
5557,1973042.9050362296
5558,2119359.7746135592
5559,3743418.8621344045
5560,3537428.723220639
5561,3424822.0866840985
5562,4004319.864169157
5563,2025662.6289855782
5564,1150495.7551774988
5565,1210603.3274794705
5566,4240015.202632997
5567,7110181.15295995
5568,4776080.869463373
5569,3023135.8092812896
5570,3081278.1558030397
5571,2315973.9285135716
5572,1588197.2320017815
5573,596891.8787694294
5574,547251.7139885686
5575,588780.1250317441
5576,585284.6318391687
5577,540669.6716395579
5578,739844.4721070006
5579,816430.3517397605
5580,738517.7954409085
5581,400802.43048873916
5582,285433.21299499273
5583,268275.20908750733
5584,128793.85286624124
5585,107698.47348758951
5586,95483.10387322854
5587,99631.80929898971
5588,104826.40869448707
5589,188829.93269452662
5590,255524.37777044647
5591,242206.2894214536
5592,244452.6270539835
5593,205853.44903221074
5594,165039.53944449965
5595,153579.8300067247
5596,153453.23309150338
5597,154324.64534412674
5598,356032.7660911083
5599,418764.17172469944
5600,412681.2934583798
5601,89985.32041119598
5602,89985.32041119598
5603,40786.38221336335
5604,27731.450480907923
5605,17274.975573785603
5606,17273.713744290173
5607,22352.20589557849
5608,31553.97405785881
5609,48960.43819942296
5610,50202.25416574477
5611,83768.11623253673
5612,65601.30011878908
5613,53058.284832283854
5614,52850.797140322626
5615,52922.426022094674
5616,65436.219091929495
5617,69258.22129747272
5618,72800.18206955865
5619,72659.9682533294
5620,64657.2635422796
5621,111144.68951122806
5622,228538.65079384815
5623,189305.3146225009
5624,223038.63941350672
5625,577641.2067423684
5626,574503.0670418004
5627,409414.6418890804
5628,172752.86982771754
5629,83003.07665579021
5630,83003.08955709636
5631,83003.08955709636
5632,83003.08955709636
5633,157716.07944663987
5634,195164.4497576952
5635,195160.54466927052
5636,490706.08630788326
5637,555331.7002588306
5638,167371.63244810398
5639,402471.9928057194
5640,369679.51690145954
5641,237319.7158409953
5642,299971.6009112187
5643,2371568.242198497
5644,2518284.336006688
5645,2167550.9539863244
5646,3030284.0795200616
5647,2541965.3760394948
5648,775868.7317742854
5649,630076.9963526875
5650,1484513.5490932316
5651,2124927.0324582183
5652,2828802.7728485167
5653,3006023.483407776
5654,2373961.422490366
5655,2254973.991993975
5656,2439170.067670388
5657,1854659.578982288
5658,4461190.110450923
5659,4274636.646916089
5660,2892097.15054477
5661,3375426.743253924
5662,3625210.101368971
5663,865111.2157686949
5664,848116.9753132164
5665,1354698.8592653722
5666,1801011.2984464727
5667,4140388.0330995955
5668,3558439.593243631
5669,3417567.8696439564
5670,3757900.03542165
5671,2546607.35247463
5672,1936197.2333348666
5673,738592.334168911
5674,626685.111140646
5675,555911.2015706301
5676,576791.3099098625
5677,576187.1409373581
5678,553028.9468100693
5679,784536.7017699685
5680,500879.0410127416
5681,290451.64305868745
5682,287390.59041136503
5683,285427.06767719984
5684,267300.5312458547
5685,267982.4494214598
5686,263998.7073202827
5687,252294.36254512658
5688,241732.87587351352
5689,256693.07116767394
5690,249956.17452030256
5691,245592.44117099047
5692,247595.79723479226
5693,270833.7200150676
5694,259171.27565131383
5695,251440.63767730817
5696,224328.64856679738
5697,349264.21735491965
5698,513043.5609568365
5699,513093.50336942077
5700,509415.7457509453
5701,99809.95425317157
5702,133834.70579193532
5703,38475.68773458665
5704,17276.227226682007
5705,17937.587372339913
5706,33902.0385772842
5707,48074.696850580396
5708,51173.23275577836
5709,51173.048964617774
5710,59147.73345433641
5711,107005.34004816406
5712,103865.05310917331
5713,73160.02416969836
5714,62018.29919200763
5715,53568.04192993231
5716,66511.31395654753
5717,65408.78583368065
5718,66456.37108695507
5719,67827.27978681773
5720,69472.1201400285
5721,63251.50072261691
5722,100906.74485357013
5723,157082.5905023096
5724,136219.10831215233
5725,451393.1184543548
5726,240607.58539672196
5727,95290.3295026205
5728,90908.15612405539
5729,83002.71415273845
5730,83002.8097089976
5731,83003.08955709636
5732,75370.23474088218
5733,116932.31571024843
5734,190205.63905429537
5735,197182.99289930612
5736,399700.43614210933
5737,594334.9179596901
5738,80291.82599636167
5739,323369.8614948243
5740,394151.99835230596
5741,98497.61432566168
5742,168372.04855428264
5743,2180434.4017813723
5744,2849783.2238607667
5745,2793662.645446416
5746,2044614.3650131905
5747,1069669.886381429
5748,710139.6738913842
5749,714567.66066179
5750,2287898.666941375
5751,2891295.356116223
5752,4205533.959926173
5753,3818608.1145301387
5754,3763342.3392973337
5755,2417061.2378492802
5756,2577317.1712911036
5757,4318455.36273018
5758,7050783.920091853
5759,3479551.9734925833
5760,3226612.6866348684
5761,3413316.8244698914
5762,3108933.7132195234
5763,1183019.9998087585
5764,1475718.5426171124
5765,4649988.695418367
5766,4417478.024999756
5767,3815737.715143092
5768,2958625.561486125
5769,3836482.0603750627
5770,3644868.452705415
5771,2564471.0635400014
5772,3623618.4600279937
5773,3231995.2533741593
5774,1133423.289010029
5775,755566.1056492431
5776,649258.4414182659
5777,611059.1446612775
5778,811311.6626976058
5779,862370.5836950161
5780,684636.4989681523
5781,336262.3413919918
5782,290451.64305868745
5783,286197.60305832245
5784,265684.15135029284
5785,261880.53667067736
5786,261812.07495961466
5787,264085.87700150535
5788,263337.39155979455
5789,209388.3441545642
5790,123830.97355365474
5791,117380.51987568662
5792,113292.52968598576
5793,285217.3331588919
5794,341446.70604052395
5795,283278.11514921486
5796,283278.11514921486
5797,322785.33438425814
5798,472001.0925369244
5799,513213.5577735407
5800,486550.04004875245
5801,239234.79448324488
5802,227170.28477780987
5803,95686.83667801134
5804,45255.6079160925
5805,45729.50707254466
5806,51684.746258113184
5807,50879.70420942269
5808,49861.27968052495
5809,51670.988363613375
5810,86999.32199183851
5811,107393.56868077815
5812,108804.64095422812
5813,106807.21271869261
5814,74023.17261039186
5815,69563.48515575891
5816,100778.73873926699
5817,88361.01292826235
5818,67202.73934085295
5819,65245.905806005
5820,69639.14080116776
5821,69088.66417737305
5822,71735.05687062163
5823,107367.14590916038
5824,95821.442128025
5825,145478.17887520988
5826,85923.6852923989
5827,95960.90277276933
5828,95924.55198095128
5829,86256.23805706948
5830,84284.20722551923
5831,60237.247688665986
5832,40408.44513726025
5833,38832.40311296284
5834,79396.32169660181
5835,206119.5199874919
5836,190804.15680214763
5837,73287.41263195872
5838,64064.89485195279
5839,71600.1259597647
5840,133019.54928623978
5841,122944.79109603446
5842,120759.64878736436
5843,1114461.2916212045
5844,2292614.9579346105
5845,2383907.0002278695
5846,1503485.5112982988
5847,1191974.8764786944
5848,671856.3807682283
5849,834858.6328032145
5850,2320184.148400128
5851,2798166.085294525
5852,2807349.048089452
5853,3557738.3592272922
5854,5716917.656568348
5855,4374571.658092022
5856,5314696.5719371345
5857,8145514.036893474
5858,4698705.726323793
5859,3915989.645076573
5860,3915196.4738152404
5861,4526155.300717942
5862,4469237.514598017
5863,2157955.9407952987
5864,1446700.9746739157
5865,3015803.0091817295
5866,4097398.4062175364
5867,4124376.173255168
5868,4043504.7730899667
5869,3196131.3545984495
5870,3058565.993871756
5871,2665450.6904365253
5872,3392749.908885408
5873,2950084.6447708067
5874,966210.4059059545
5875,908395.5214900868
5876,1039277.737597099
5877,1249660.3281669486
5878,1149870.3234628679
5879,736487.045503174
5880,725742.7625441188
5881,435530.9203111811
5882,252999.13872044533
5883,251867.24007381825
5884,256071.98470152542
5885,261459.10256764526
5886,243828.61783979088
5887,223236.2779635787
5888,216704.5073084347
5889,88917.12550141662
5890,85807.73434345424
5891,85720.15706948336
5892,77433.57042638911
5893,141165.33609032823
5894,253525.02695454657
5895,283278.11514921486
5896,283278.11514921486
5897,283278.11514921486
5898,297703.2568005051
5899,493509.16643460933
5900,341977.554397963
5901,250608.4322828655
5902,156607.9771880482
5903,131851.80695738527
5904,141190.78237554012
5905,68377.12458802946
5906,56618.67762582004
5907,50402.664147546515
5908,51173.60233723931
5909,72618.64864443988
5910,107444.57808877528
5911,107444.57808877528
5912,117225.19468361326
5913,94107.72267766297
5914,72723.3939530151
5915,82655.70459382981
5916,106774.73643805162
5917,108217.82219535345
5918,95174.42331967503
5919,74047.14311246574
5920,78127.73426052846
5921,46726.46173713729
5922,45977.78542553121
5923,46424.25379681587
5924,46424.25379681587
5925,62217.404087795934
5926,75463.2337891304
5927,86820.60756476317
5928,94727.5636508406
5929,77746.46371840127
5930,48252.22145955823
5931,38832.40311296284
5932,38832.40311296284
5933,39501.486000750214
5934,59516.24633088708
5935,80290.62022275198
5936,164135.76446110941
5937,145209.71305611916
5938,72391.3395270519
5939,80017.0028450489
5940,222443.9209395235
5941,163463.6728831972
5942,230321.76256747544
5943,526291.6491844058
5944,596398.2080353312
5945,1734870.5231410079
5946,1777764.1075006053
5947,1517687.1176935397
5948,1499925.6505506579
5949,2149982.3922875114
5950,2856118.1249738038
5951,3839272.7946888665
5952,3539049.8101022467
5953,3640208.476165913
5954,5701441.270640656
5955,5455829.182274096
5956,4340693.1971765105
5957,6885430.742085539
5958,4779052.121138666
5959,5919666.940800741
5960,3753241.840433941
5961,2604401.4399393867
5962,3969586.9924020963
5963,5234036.198714651
5964,5503390.408394307
5965,6187575.111620291
5966,4491045.504485793
5967,5985376.503457889
5968,5113582.918440577
5969,3711776.498078509
5970,3305879.540751431
5971,3050210.5944012385
5972,1816613.3455559015
5973,1096687.3102312721
5974,994192.7675946951
5975,1090069.0277623795
5976,970532.4487159401
5977,1318209.2248686403
5978,1251113.5357747544
5979,520430.0559477052
5980,461585.57431280613
5981,413194.91443104064
5982,332480.2234402858
5983,204142.74305841862
5984,176343.14398544456
5985,225311.4335520398
5986,210302.21946683526
5987,210366.31605501473
5988,196009.11871489603
5989,81676.4633128671
5990,73182.34100890625
5991,62532.92064566165
5992,151153.17150176375
5993,89535.70064554186
5994,246194.29698005784
5995,307677.48136489466
5996,290404.68702386133
5997,283674.4026528222
5998,384899.2463068217
5999,464098.0877254009
6000,449838.4492108822
6001,261436.78845419362
6002,247115.67356292065
6003,225515.9815134816
6004,129553.53539118636
6005,75882.9542286396
6006,74121.25711249746
6007,54774.62227475038
6008,52936.19654651871
6009,97517.16395268124
6010,107452.76477099955
6011,109996.32609318197
6012,122312.38509680144
6013,87447.10879790783
6014,76848.10127335042
6015,78509.75352866948
6016,97399.56935936958
6017,110571.30241669284
6018,108151.7963528037
6019,89794.56627221406
6020,70179.3865528088
6021,34382.85109736025
6022,34460.55894090864
6023,38340.28511052579
6024,40691.60681870207
6025,41381.02294102125
6026,46005.302535432624
6027,50547.18598805962
6028,62484.150230424624
6029,42103.33090371173
6030,38827.4886379987
6031,38832.23533113301
6032,38832.40311296284
6033,45503.30099438131
6034,67084.54875282943
6035,84388.2810129039
6036,135084.8933006255
6037,209227.5631814003
6038,209731.34637013078
6039,245005.87600778043
6040,270686.4173272401
6041,208672.6008637324
6042,278471.86313457787
6043,534897.5571159124
6044,948323.3990467936
6045,1441682.3205144785
6046,1358720.0291056037
6047,1487861.2098452393
6048,1599766.4643349098
6049,2892243.6716702953
6050,3751121.929318119
6051,3610395.3096338063
6052,2382836.960776654
6053,2751263.436686933
6054,1984458.7326963372
6055,1533772.5837656856
6056,2017391.8512239456
6057,2552588.9916454405
6058,7939202.8281933945
6059,4986293.947951268
6060,3236606.9599759914
6061,2160654.322234839
6062,2792664.318353027
6063,5229338.021932393
6064,8675342.599982966
6065,6708543.292243339
6066,5315234.536786562
6067,5649656.817203183
6068,5267147.303207951
6069,4486796.580305489
6070,3302975.847799391
6071,2155143.739249924
6072,3227704.6183409616
6073,2826934.6924946047
6074,1456842.3857864812
6075,1186393.929820137
6076,1044837.0150658023
6077,1825202.4208820518
6078,1499516.7316114735
6079,436187.3270321839
6080,436071.0547037497
6081,436055.19199323864
6082,368822.79752644524
6083,245590.54600844657
6084,229585.63909224235
6085,210508.4835878685
6086,214859.17486271262
6087,210386.76232628524
6088,152545.8263764456
6089,54851.63798085414
6090,55785.36825661175
6091,69339.60343232565
6092,133102.2011006456
6093,196505.89484725893
6094,271687.88246025145
6095,375716.8857213565
6096,403097.584478699
6097,390677.8886237163
6098,462954.2292662648
6099,464098.0877254009
6100,464098.0877254009
6101,261434.03932908922
6102,251372.68230254576
6103,239267.21238184907
6104,96161.2132377401
6105,94478.19179534446
6106,97366.7132880371
6107,91403.05250031129
6108,92134.94799168129
6109,107711.36182994168
6110,107109.298776893
6111,114295.56823997386
6112,127950.48965510208
6113,91984.69357782963
6114,76220.82442441583
6115,78187.63088692911
6116,93621.68036740273
6117,110256.39059893787
6118,133079.7142304834
6119,182433.4738014813
6120,94967.96973569505
6121,62656.321767523885
6122,38977.23467428982
6123,34383.51711727679
6124,34383.51711727679
6125,34383.51711727679
6126,42885.01936932281
6127,47348.65400116891
6128,51284.92147822626
6129,47254.64397869259
6130,38842.90122039616
6131,38829.54306490719
6132,38830.09927470982
6133,46111.02923285216
6134,77826.35853596916
6135,122736.11889889743
6136,131211.0783922657
6137,211600.9898360893
6138,254259.82415982336
6139,252568.1609160155
6140,253534.83662638068
6141,237507.68308610097
6142,209870.963946186
6143,613810.8564767689
6144,1393636.1871852288
6145,1425641.874591887
6146,1526885.845448628
6147,1378169.841006657
6148,3281139.049608648
6149,3340672.246492005
6150,2507083.4302939363
6151,3659828.0760705303
6152,2041810.2903400809
6153,1555354.9036083296
6154,884898.090044463
6155,1103045.3129101992
6156,1957538.3316638544
6157,2488895.3975484762
6158,4350595.946131506
6159,2778217.036694521
6160,2093412.8474439848
6161,2100060.4291606564
6162,3620441.5929116607
6163,3136412.4990096837
6164,5599228.02143393
6165,6384390.445462594
6166,4013173.8140576985
6167,3291045.0280397832
6168,3774417.9261818035
6169,7029757.254240579
6170,2927418.919752136
6171,2116217.722502459
6172,905595.4688333012
6173,946844.2511799466
6174,1410271.0267177224
6175,1629444.91003214
6176,1860893.054778412
6177,2075187.9859241508
6178,1741535.9131178986
6179,558819.8660365995
6180,381867.4436050467
6181,286199.1205352694
6182,255609.6674655024
6183,252487.32613699138
6184,279827.6892272616
6185,299686.17116747284
6186,293489.4264127307
6187,292748.29037737777
6188,191956.36233946402
6189,35854.98266126122
6190,33804.05920958519
6191,34143.37397283915
6192,106143.83106484427
6193,324874.5400533723
6194,415537.67921569943
6195,403095.94634810905
6196,403262.8226509094
6197,403262.8226509094
6198,452914.49329180643
6199,464098.0877254009
6200,459111.5585440942
6201,261111.069662033
6202,208474.14472342283
6203,139388.3774537854
6204,81869.91638902947
6205,107833.73739878088
6206,118101.98333480209
6207,118101.98333480209
6208,119911.23072151467
6209,114091.89016236551
6210,112030.11455466825
6211,116003.58372103074
6212,127844.5662368061
6213,85532.50511480495
6214,75141.2398648411
6215,80062.91950253118
6216,137169.05789088458
6217,393513.3431410047
6218,551914.4123189151
6219,484286.32738455944
6220,144067.0587141402
6221,148934.73349173367
6222,123187.00751630962
6223,37377.71217287518
6224,34383.51711727679
6225,35481.47120971978
6226,46402.29812326096
6227,46852.98169142753
6228,50151.7753184209
6229,47924.272498190054
6230,46948.18448673398
6231,40112.6439371258
6232,38829.44145615399
6233,49664.187918528914
6234,108257.85244484618
6235,121764.88611914217
6236,123373.29331063479
6237,125133.49982229946
6238,228866.52308800817
6239,252568.1609160155
6240,252568.1609160155
6241,247422.32864405215
6242,187703.15929153468
6243,403635.19478677586
6244,898557.2643360696
6245,1921548.6728176735
6246,2172890.354112489
6247,2173496.5340993516
6248,2766123.714117371
6249,2662711.04974927
6250,2507884.4877556637
6251,2975135.387419522
6252,2680579.863262632
6253,1647046.5580481887
6254,845562.8470260045
6255,796809.0103684505
6256,909054.6659736633
6257,1546964.2012117207
6258,1988124.031796679
6259,2093700.7238957037
6260,6336046.180384196
6261,3888047.062967971
6262,2571293.057141416
6263,2498123.7350554615
6264,4581521.497445703
6265,3932943.5758340135
6266,2619657.918645695
6267,2905298.460558906
6268,4944865.856772289
6269,4731484.67182515
6270,2971226.6157159805
6271,2414836.535162502
6272,1935784.223511545
6273,1375784.9653937605
6274,3333721.471815804
6275,2120542.3048467943
6276,1990305.269795685
6277,2024540.0466449205
6278,1752014.6643901616
6279,1482641.4695275389
6280,278441.3185109757
6281,255070.18400401622
6282,250524.45843691844
6283,254839.83233369328
6284,316260.20816676226
6285,320354.4305117503
6286,305268.69763126224
6287,295106.0171319796
6288,241906.12454663217
6289,95196.24502281845
6290,55727.94795011729
6291,63542.48397748545
6292,310790.28158415854
6293,544460.4971505093
6294,468621.2359904852
6295,465870.7407829687
6296,608780.0978400856
6297,745713.353361316
6298,653511.9197520305
6299,346491.8678002809
6300,407164.75395201007
6301,142909.6320916284
6302,126773.37193266471
6303,80787.76692100009
6304,81137.29768835753
6305,90501.78480228782
6306,118029.51997962222
6307,118101.98333480209
6308,118101.98333480209
6309,127367.81701398641
6310,126038.65327732265
6311,121972.45900714863
6312,123168.37251635361
6313,82235.53706495813
6314,66363.96220827848
6315,101349.64228378609
6316,221885.65869642422
6317,538106.317643825
6318,582312.9464575052
6319,498106.3973304536
6320,148934.73349173367
6321,148934.73349173367
6322,148934.73349173367
6323,66575.36312509049
6324,46869.711014280096
6325,60152.10726921633
6326,56270.127029462834
6327,47232.89674533454
6328,54983.662607782004
6329,48201.124909799546
6330,51083.21057300409
6331,48801.43173058145
6332,40811.02758423239
6333,88127.90704183094
6334,115864.29491177201
6335,115456.89361649752
6336,116062.2919357121
6337,116062.2919357121
6338,158555.47215110064
6339,197704.78139001876
6340,201089.21547548473
6341,206649.75288108736
6342,220601.1348412237
6343,335459.2793199755
6344,839493.9865971655
6345,4058600.3445733935
6346,2194331.835811507
6347,2187487.0482320376
6348,1918388.9912667237
6349,1747600.1009640694
6350,2287678.7470287965
6351,2741326.971749086
6352,3226954.0645491406
6353,1942633.580509938
6354,988221.2115099484
6355,922803.1498908922
6356,759910.2440197
6357,898472.749702476
6358,3178756.21430819
6359,2571295.1347475494
6360,3239896.4789504195
6361,2587958.3664118294
6362,1769536.002494555
6363,1652503.611992836
6364,2805829.617004633
6365,1601716.916862104
6366,1164659.0241212256
6367,1697017.9357226666
6368,3409764.7107715714
6369,2814097.157593906
6370,3184888.860053524
6371,4065616.6267297077
6372,3497686.3320697322
6373,1433592.9537882395
6374,3690301.55936224
6375,3585407.3746212292
6376,1858706.6077163331
6377,1551177.1902412996
6378,1091135.775020013
6379,853715.306138821
6380,381522.0930925016
6381,284964.4910697937
6382,254760.17094428377
6383,271776.84239331854
6384,314781.1805050783
6385,322764.57241707295
6386,322764.57241707295
6387,321392.5651339628
6388,261747.3827144322
6389,147611.40634118603
6390,153450.71740859188
6391,155168.31014879793
6392,469514.57770852
6393,558104.2864883244
6394,570740.2826312613
6395,1038680.7147514354
6396,1168249.7163027748
6397,1157036.1293457872
6398,677020.1512841377
6399,233444.1896360591
6400,254863.05035717064
6401,28230.06207531772
6402,74805.65059821424
6403,80544.15831322214
6404,81127.43818420172
6405,80154.91829042137
6406,108656.4305635728
6407,117101.6071248129
6408,118557.04781252914
6409,124674.18537791248
6410,117376.80764462613
6411,114863.98990091449
6412,107640.93032006081
6413,80732.96781131998
6414,89158.94066504901
6415,167452.419724226
6416,214352.89081402123
6417,359073.0608357936
6418,512746.9500856651
6419,332442.6733827428
6420,165895.07599050924
6421,149984.49164353032
6422,142272.5852762144
6423,109978.0154256681
6424,108628.27533139288
6425,112092.29750826024
6426,102169.95479022712
6427,70449.87432468683
6428,59955.8648307994
6429,67076.03068466298
6430,52390.978287857026
6431,57022.62896927353
6432,72571.83014248218
6433,276217.37253264664
6434,164075.15932743996
6435,119908.36277086474
6436,116066.94971063733
6437,129866.49651885033
6438,171936.3944190666
6439,175091.63190564513
6440,175158.13715100323
6441,204644.47412810475
6442,219641.09101235867
6443,217641.58727413882
6444,1041777.546175003
6445,2540741.413522821
6446,2436613.289649144
6447,2278536.135290903
6448,2134619.2856375575
6449,1612826.5978705715
6450,1939865.734878039
6451,2518404.4783308264
6452,2816902.0943840146
6453,2158980.228981724
6454,886246.0491324905
6455,661290.7515563695
6456,1355263.0796518824
6457,2240861.5188190285
6458,2247027.855452747
6459,2341559.3123236783
6460,3996118.3044929677
6461,2615160.675891168
6462,1786069.9354204386
6463,1402806.5896601677
6464,1714266.6610815674
6465,920577.7161735957
6466,506021.17274172604
6467,891551.1441259123
6468,2069479.8486095667
6469,2168149.9004821554
6470,2014427.9940305857
6471,2528050.212303534
6472,1674835.96805848
6473,1597947.748537317
6474,2253344.5867857933
6475,1912231.3394493302
6476,1487504.9416314643
6477,678715.1307660714
6478,700721.4327655965
6479,642031.6379964072
6480,334707.9802997415
6481,285084.67696743924
6482,263647.79723670846
6483,346036.46574840695
6484,349792.20783720445
6485,371775.09936493635
6486,330080.68085889425
6487,322192.1275743722
6488,222947.5220473241
6489,128734.51492842233
6490,154450.21581586055
6491,155169.67731365375
6492,472309.9589293003
6493,558104.2864883244
6494,558249.2181631699
6495,1023411.0641982555
6496,1167621.2135910261
6497,1020408.8333618902
6498,224238.54523526598
6499,180438.76014503092
6500,172665.22535379604
6501,25614.197536431253
6502,50001.49981305003
6503,81127.43818420172
6504,81127.43818420172
6505,81127.43818420172
6506,84793.81650719792
6507,113439.65635811444
6508,118101.98333480209
6509,121947.1847024408
6510,99659.54594183259
6511,85095.52183984348
6512,90381.51737668458
6513,81775.47437610885
6514,126971.76147343917
6515,215810.94859274477
6516,205717.6669796689
6517,125166.29743974283
6518,195292.872681743
6519,194148.34826848656
6520,194148.34826848656
6521,161997.0736864172
6522,109771.55601387285
6523,107345.3963618204
6524,107592.66205295175
6525,106726.5034191627
6526,106435.81660723407
6527,177274.42303251172
6528,195037.58156600967
6529,84582.82520115376
6530,62220.77899622219
6531,63898.06685130438
6532,165653.36242351437
6533,413428.474941656
6534,269663.8225349018
6535,212364.6412291117
6536,188209.0002469467
6537,235750.6474693101
6538,217546.2116781026
6539,242843.22794511914
6540,254298.35764186084
6541,223823.3637945354
6542,223063.30569827557
6543,217360.6662708819
6544,269821.9693620885
6545,1370084.1108217724
6546,2055110.4069325998
6547,2373976.3742833175
6548,1718456.2404473033
6549,1340401.124477271
6550,1628896.5287478566
6551,1453540.1394994054
6552,1529438.6519087944
6553,1344174.3794902377
6554,542484.3364848117
6555,462787.77217522636
6556,1100505.1471253633
6557,2369160.260928437
6558,1877323.0737495096
6559,1344927.5245179457
6560,3128509.0213686978
6561,2129593.4396281615
6562,1750767.4164858488
6563,1348755.17154089
6564,2022259.9417670593
6565,3187102.1923531154
6566,1752706.194192361
6567,1589536.3874842525
6568,1957770.5764527395
6569,1909906.015048869
6570,1888602.7279194593
6571,1892138.3643572405
6572,1360660.7536360528
6573,1677767.15183968
6574,2988345.4208027944
6575,1762234.2329492867
6576,1245694.8574950907
6577,1154195.566415999
6578,1631574.9134290721
6579,1205204.7035679296
6580,326705.23815689335
6581,212150.82345921977
6582,213479.6155115459
6583,337754.69400680764
6584,367345.1388007421
6585,521080.0770108402
6586,524590.9270563833
6587,367285.64329476655
6588,173934.66751059028
6589,148691.95915614814
6590,145284.45033251122
6591,193771.03469082946
6592,504683.3704096237
6593,557755.8823590386
6594,558109.244668209
6595,706067.44961831
6596,633385.052878052
6597,443122.3109917105
6598,269786.8140065819
6599,178185.1009756732
6600,162079.09685278125
6601,25614.197536431253
6602,31311.5663985493
6603,79061.12986822566
6604,81665.19018565584
6605,81127.43818420172
6606,81150.47478152812
6607,94848.45493124356
6608,118245.93781866133
6609,104164.78025295027
6610,74321.93933167332
6611,52191.03395316948
6612,77770.06005049765
6613,74370.47763604172
6614,119617.42145566456
6615,166066.7927570045
6616,73184.15974614397
6617,52221.01100565051
6618,194148.34826848656
6619,194148.34826848656
6620,194148.34826848656
6621,154450.4445822686
6622,109956.0910315467
6623,106158.66903343517
6624,106213.91454103589
6625,106213.91454103589
6626,106213.91454103589
6627,199133.35792272165
6628,227668.36859729234
6629,123768.59181904048
6630,61771.65211047791
6631,66642.10488295346
6632,153116.62575510424
6633,226706.02552190423
6634,432734.1790445745
6635,329773.85993976146
6636,216713.3973179236
6637,258918.9183587879
6638,288540.1196282357
6639,288610.480894953
6640,273837.12465399504
6641,223049.90846908092
6642,223038.13275897503
6643,217648.81481926143
6644,247015.28535798192
6645,1402985.8057421446
6646,1758500.3769595474
6647,2316404.6816499922
6648,710645.2715398301
6649,645572.960087359
6650,1074464.4024240691
6651,989032.8613585362
6652,1401420.253019791
6653,1318910.6727148863
6654,708471.062933973
6655,495012.5840392783
6656,1367539.6409036517
6657,2038135.6478946656
6658,1792737.8076554015
6659,1356377.709128037
6660,849912.3554962426
6661,870570.286146882
6662,2320335.2844880223
6663,2049397.961522296
6664,2210127.586268002
6665,2496880.5158854127
6666,1280604.6854783073
6667,1712886.5596421233
6668,1537297.6182792012
6669,1180778.1901156297
6670,1703043.7890209183
6671,2824184.9208924384
6672,2877609.721384274
6673,2819622.9706617855
6674,4155986.956241727
6675,3069513.344045897
6676,971459.6770852376
6677,823773.4024791196
6678,823559.2442807555
6679,1051313.7170378864
6680,416007.59499306604
6681,186391.61902886257
6682,184824.6088926997
6683,290227.6502627395
6684,329296.4119597301
6685,410285.577287063
6686,520495.17109045014
6687,428978.97687216103
6688,173927.6350049181
6689,173889.77363467216
6690,192464.18433145806
6691,412155.93854157627
6692,425556.84879041626
6693,474633.181504359
6694,742767.1400889345
6695,929740.2563318992
6696,486110.859497197
6697,385552.29426154494
6698,385981.9470245838
6699,197281.67652879888
6700,129940.57457033917
6701,25614.197536431253
6702,60172.234320050105
6703,89496.3532369653
6704,89551.91119052377
6705,85015.34764614329
6706,293308.9998768871
6707,290139.2836681958
6708,163226.71833403036
6709,101477.91607801802
6710,95619.90836344594
6711,70082.52604538447
6712,73732.67645200528
6713,68085.77088193409
6714,55579.9035278582
6715,52822.80728059629
6716,57895.507581979036
6717,79547.37929583993
6718,151400.73159508593
6719,187958.29601055104
6720,187265.124486689
6721,127530.50899917679
6722,101790.09446236491
6723,134939.81049173736
6724,134450.2834015414
6725,115636.15124483034
6726,229755.25398176908
6727,256993.20332671143
6728,233482.33210847236
6729,162984.14799868315
6730,66223.20560960472
6731,72551.52993942983
6732,171682.5905294763
6733,201986.5609381795
6734,220746.06734983623
6735,223946.820588246
6736,223661.85840176046
6737,237819.13656436768
6738,287864.756220269
6739,276624.89542710595
6740,228498.6701788716
6741,211635.01373584569
6742,222469.7983576972
6743,218855.39702011645
6744,332200.2035910387
6745,1177088.5615156814
6746,1322424.639262775
6747,1931514.186806269
6748,690457.1714579258
6749,913176.7781829424
6750,1365788.7313363142
6751,1581035.7944479673
6752,1783428.9405989125
6753,2131468.238997955
6754,1369092.109585926
6755,836871.7964369077
6756,1645553.9087880105
6757,2006347.645956425
6758,1845648.3871549573
6759,1503400.6614466896
6760,1160077.964254382
6761,1436263.7420059443
6762,2822958.0278901863
6763,2209768.5073550795
6764,2091210.7832783163
6765,953338.6057680771
6766,639176.3131558895
6767,679364.9886337374
6768,1067635.1586804965
6769,1044503.5758110285
6770,1551215.2910110652
6771,2383515.0320993457
6772,3556803.1034162454
6773,2454175.47823292
6774,2077083.816969283
6775,1564983.7471669912
6776,827061.4913948119
6777,823559.2442807555
6778,823559.2442807555
6779,873425.0426610131
6780,649980.9183340314
6781,261596.41882272856
6782,189447.28806902282
6783,258206.55072347634
6784,318318.77263582684
6785,412044.6314176917
6786,431476.3660674691
6787,481703.7880448997
6788,212496.64447287703
6789,169730.12068162486
6790,261905.51841965318
6791,425350.7230755985
6792,425350.7230755985
6793,425818.8310661316
6794,1056189.584299665
6795,1142983.2167045474
6796,799524.312303789
6797,231267.50406946242
6798,231267.50406946242
6799,231267.50406946242
6800,153298.748441834
6801,41547.21643649647
6802,88545.72136097419
6803,89520.21441239119
6804,89520.21441239119
6805,135879.29390511662
6806,343404.78796424065
6807,424070.54984689713
6808,162858.84927495627
6809,97350.59185288427
6810,76044.52723888238
6811,74956.5394270271
6812,75545.23912182637
6813,62368.70441127126
6814,67308.90429743193
6815,87652.08857931942
6816,98699.30368610541
6817,99584.44562099874
6818,99437.31724218
6819,98498.49545167635
6820,89282.43955901879
6821,82324.51346178912
6822,100418.25907042623
6823,184583.05030595
6824,186380.3483029306
6825,200365.87047171593
6826,321406.94526606146
6827,319099.49262820324
6828,267112.99524635496
6829,113762.19475248456
6830,83486.33705696464
6831,80842.495534271
6832,179993.8978508399
6833,186021.36892143637
6834,186741.89164530113
6835,219916.57915745676
6836,231398.90386976255
6837,212822.09292070568
6838,219586.7553218603
6839,202183.04971779836
6840,201877.0191910267
6841,201823.35671126842
6842,202425.7620169632
6843,196783.83555374108
6844,268619.9465874734
6845,994499.6495356262
6846,967136.5501696832
6847,941089.0777727035
6848,968223.1852072161
6849,1628204.9146949083
6850,1694100.8928694278
6851,2088284.5747337025
6852,1755723.6491905893
6853,2180049.2809493635
6854,1176234.807146117
6855,1048908.4723884463
6856,1469237.124842817
6857,1823713.6968059316
6858,1884696.1394010708
6859,1068777.8153415518
6860,1025395.4326365357
6861,1129275.3973601013
6862,1434596.009875882
6863,1495500.8218599553
6864,1410301.1692694426
6865,883834.4283716269
6866,954330.5430777548
6867,1061108.176538806
6868,1120787.197176898
6869,1255288.486132633
6870,1648452.2092277706
6871,2240878.3561674664
6872,2334366.9702150514
6873,2317216.096493602
6874,2095105.5434824303
6875,1853348.059897283
6876,1388815.046315469
6877,966147.5524503961
6878,937087.8164488748
6879,738715.6730854884
6880,647372.7128171204
6881,338347.8175405422
6882,228060.69231306016
6883,257517.2910722443
6884,320509.4818362072
6885,752324.4002950112
6886,360911.2905990789
6887,366774.2842386231
6888,275007.9609992085
6889,105458.05235902686
6890,230760.09354495257
6891,425342.8687625276
6892,425350.7230755985
6893,468074.70287861116
6894,1111589.7755520614
6895,1142983.2167045474
6896,869114.224665083
6897,240570.96109100617
6898,231267.50406946242
6899,231267.50406946242
6900,148447.19056192786
6901,80130.980975552
6902,89482.90782380383
6903,89520.21441239119
6904,152955.50491310656
6905,401108.7459386606
6906,462990.8936747059
6907,416713.32998240367
6908,186830.1335944566
6909,126402.03497975174
6910,124943.46057702194
6911,118241.5203755303
6912,103852.59920817055
6913,158520.78789069038
6914,109916.62248766003
6915,99953.84654343058
6916,99584.44562099874
6917,99584.44562099874
6918,99584.44562099874
6919,97090.33133720979
6920,83529.6247748658
6921,77048.8015324315
6922,75608.9268629998
6923,144463.54847480077
6924,194399.25973720476
6925,244371.15104209282
6926,514465.83727550483
6927,421672.52534690127
6928,337455.7835441814
6929,154098.34872988611
6930,84650.57164952834
6931,83485.99953302741
6932,182527.5023352229
6933,184647.69048129953
6934,187011.38980168104
6935,212593.39598423988
6936,232645.25008288026
6937,240745.06427936815
6938,223711.7534975633
6939,297502.53074081056
6940,239871.67340843868
6941,207046.70916874916
6942,222482.9310136903
6943,187543.2102179476
6944,880706.3813887602
6945,1038171.0271113217
6946,914533.8635980859
6947,768983.3291892586
6948,773209.5804249691
6949,1116585.3872284074
6950,1558172.1231384426
6951,2015438.8157191637
6952,1861772.3906694278
6953,1546644.1099048369
6954,1110246.125029808
6955,1156503.498189211
6956,1530379.7231703512
6957,1209691.884912096
6958,1616342.7990569025
6959,1222189.4222128242
6960,1039207.4824709003
6961,1457677.237989719
6962,1304162.3489009738
6963,1320106.584784856
6964,916315.399943497
6965,855278.0974736665
6966,1121747.0698922034
6967,1198508.6348870874
6968,1359310.6988672167
6969,1510739.6247747608
6970,1516773.5646933056
6971,1646819.6197040007
6972,1857797.8503673673
6973,1529018.7236131132
6974,951551.0302911513
6975,1551950.699575007
6976,1747618.0396278538
6977,1380156.2709862841
6978,1096450.066979058
6979,653446.5500840247
6980,691876.2449335158
6981,678377.4645501375
6982,257115.1715798676
6983,257115.1715798676
6984,292412.2007597722
6985,458897.1211708188
6986,438363.69147503376
6987,287615.403797931
6988,143671.4603205435
6989,119636.85173066705
6990,196414.4675636678
6991,304457.5154807549
6992,343278.3846214181
6993,355046.40892451815
6994,657310.5493398095
6995,644069.2087477744
6996,347371.383382963
6997,308445.265637893
6998,281059.3683955252
6999,216558.75836235215
7000,125064.2574259114
7001,89860.2754650499
7002,96164.71936053736
7003,221809.8257751041
7004,442657.941461565
7005,463181.7012408376
7006,460172.0463879518
7007,364316.86860959325
7008,152740.9121873919
7009,143628.7280327379
7010,136089.7722943773
7011,139365.42526459007
7012,138758.11692744493
7013,176552.8315926455
7014,188391.4243591018
7015,143068.4038230218
7016,116417.11678693444
7017,96870.6272849915
7018,98237.84981863797
7019,88082.95286078192
7020,74403.30316485185
7021,76374.24735711631
7022,75904.49377393723
7023,262719.1845853403
7024,412891.32968654437
7025,662304.8357752104
7026,771838.4735832512
7027,720820.5196581073
7028,429706.3895997546
7029,432099.13307768106
7030,352652.97863698006
7031,159624.72759732604
7032,206947.45865456015
7033,229459.43567860872
7034,224726.78369659185
7035,237039.07985393703
7036,243645.50660172105
7037,259992.41467524582
7038,505768.8068809509
7039,761836.1804165882
7040,812601.5612565062
7041,873490.4919917458
7042,722635.0291775614
7043,735685.1434000134
7044,845208.8822380826
7045,1030600.2533743111
7046,1050510.0151562244
7047,765743.6827298827
7048,483968.80238839984
7049,493882.29083143175
7050,999569.8930109348
7051,1345520.7202894622
7052,2103922.8070333004
7053,1226545.5770905167
7054,771382.4911973146
7055,1188278.3932524435
7056,1562678.5234204605
7057,979470.5432356745
7058,1309359.0261252183
7059,1409745.7556022257
7060,1195657.1381659992
7061,1654246.5721498374
7062,1689363.4997227192
7063,2010576.4569026828
7064,2543801.9090302065
7065,1877902.225227207
7066,2318364.8489787504
7067,1542623.629129991
7068,1180670.1338564772
7069,1243441.190289136
7070,915440.6700607948
7071,1320015.807510759
7072,1515080.3408023668
7073,1231882.5390991939
7074,868385.6003459003
7075,995263.1188989952
7076,1251415.7876608204
7077,1330604.2089802623
7078,1095815.0587302074
7079,653446.5500840247
7080,775833.1589728594
7081,944093.7437522002
7082,263281.5165287554
7083,257115.1715798676
7084,575604.3764004856
7085,987148.8798820972
7086,891409.9491997957
7087,290428.9084982313
7088,172037.8547810763
7089,327182.7514565438
7090,339029.93159102276
7091,322690.2301170235
7092,318402.9476762414
7093,307758.5666985661
7094,318950.898481071
7095,312734.22901956737
7096,312734.22901956737
7097,312734.22901956737
7098,312734.22901956737
7099,302883.6961118616
7100,140031.08106130618
7101,87401.37146961037
7102,268777.7094050599
7103,346863.30896555213
7104,463181.7012408376
7105,463181.7012408376
7106,459358.62173658237
7107,240197.5677040569
7108,152254.63673008978
7109,141989.80089570582
7110,141989.80089570582
7111,176315.1297149819
7112,165061.83406822383
7113,176365.7615578589
7114,193326.57685278915
7115,199264.0789299591
7116,143066.41099696513
7117,136775.20662213862
7118,122923.22942259489
7119,102425.75459654396
7120,91816.4669891966
7121,80579.0180371888
7122,112901.04943922535
7123,395929.4386124313
7124,412987.6085318327
7125,636404.9587874115
7126,771838.4735832512
7127,753956.457489159
7128,429706.3895997546
7129,430019.1991859153
7130,431354.1408709958
7131,442947.2678453496
7132,215361.35781273898
7133,206122.65296583297
7134,183857.80612256378
7135,169326.75082808803
7136,220193.61221383628
7137,251687.97599808802
7138,738695.189966367
7139,751522.3802446686
7140,811973.7942722794
7141,824013.1095895544
7142,844203.7273499762
7143,844144.948420316
7144,765151.1704083759
7145,831909.8245191127
7146,705368.0156865492
7147,491494.268190356
7148,268204.97358447686
7149,184605.2568636993
7150,233359.31232490065
7151,276951.28973792493
7152,771493.6530438513
7153,607812.5620559156
7154,1014646.1528705489
7155,1581394.2851967812
7156,1093709.9070646644
7157,897251.181700428
7158,900242.6759570445
7159,1081200.9910701215
7160,775729.9924817327
7161,787855.7675563656
7162,952234.1005905122
7163,3126996.85056269
7164,3815218.856210634
7165,1903596.909401495
7166,2114471.466934439
7167,1183760.632619624
7168,624873.1353046149
7169,605017.5726628285
7170,556453.2497905642
7171,754339.1209152546
7172,1037062.9206786808
7173,1322623.0528161013
7174,779948.8786331434
7175,850686.2359098196
7176,1084596.6152232764
7177,866804.6309946496
7178,475084.66175012663
7179,498656.7439980656
7180,689711.7890558243
7181,415274.0298630818
7182,285674.7111917939
7183,278933.9657835392
7184,361560.71172481845
7185,431497.52941272035
7186,495334.20763900876
7187,226384.14609406516
7188,274308.9825344831
7189,327355.3551595658
7190,336711.67870781943
7191,318534.65112107154
7192,318402.9476762414
7193,313590.5670385659
7194,333535.5568052544
7195,325342.25909249927
7196,312734.22901956737
7197,312734.22901956737
7198,312734.22901956737
7199,300966.4064994529
7200,170724.2934206063
7201,127538.87393884608
7202,318473.07266663294
7203,384812.8667186855
7204,451061.70616602525
7205,461766.92486929207
7206,411778.03178104945
7207,163936.14378432487
7208,144700.4684699811
7209,142217.85292254447
7210,161711.87579051405
7211,358882.4293688502
7212,211756.01625285333
7213,176450.95590216573
7214,193720.9593871031
7215,204407.54745545983
7216,197119.4716592552
7217,143476.7270797824
7218,138965.42760565085
7219,146845.64273723448
7220,157367.65298365057
7221,163258.18034440838
7222,215417.50678948872
7223,479346.17833174765
7224,531197.011834316
7225,629932.875317473
7226,770510.7713687681
7227,770244.6010995223
7228,524604.2740358909
7229,403555.7280611694
7230,359086.8499845608
7231,255985.87931867037
7232,163694.42982438952
7233,164174.03475699574
7234,161585.25273788115
7235,160140.9484919533
7236,301822.6315281391
7237,415900.6613550149
7238,567639.8748014428
7239,976908.5286759622
7240,1438247.3810055563
7241,1044570.2703249971
7242,881332.5936911561
7243,873629.2024171199
7244,772260.4322967271
7245,480554.3035698347
7246,410540.6880451292
7247,326135.7963822186
7248,261141.71428743005
7249,303541.7353169862
7250,513789.063148909
7251,258943.8665753156
7252,408774.75320985913
7253,707170.7422853054
7254,1445225.02206822
7255,1738976.1873455346
7256,547387.6189373583
7257,803748.7936066224
7258,706989.9037719
7259,662579.1849630252
7260,500138.74770575017
7261,368283.61997834966
7262,344731.26412970293
7263,1435195.8924021195
7264,1538147.6279303432
7265,634705.7739477605
7266,615231.0324382111
7267,634802.8205392917
7268,634394.9356775582
7269,763455.2328370214
7270,1168634.4400892332
7271,2205970.0298822923
7272,1752153.2865059874
7273,705851.8180303704
7274,439482.8992896769
7275,434480.5312554091
7276,362988.5744632343
7277,305627.5454894453
7278,359365.08739706874
7279,477629.41542276205
7280,406483.7206534366
7281,220432.33447110094
7282,289641.595034644
7283,322633.6971840842
7284,1031948.6458487511
7285,468595.8209814131
7286,350076.12598364055
7287,364156.9422482997
7288,339545.2709995359
7289,339545.2709995359
7290,338080.30084243615
7291,318402.9476762414
7292,318402.9476762414
7293,317190.2686927486
7294,359491.3046275249
7295,268641.20360180363
7296,273330.48214648664
7297,247570.51517900452
7298,262279.60697915405
7299,236124.74783727436
7300,189870.37777135288
7301,201413.81033353228
7302,278076.4766972505
7303,268938.90015192237
7304,284000.63030723296
7305,399469.783304526
7306,573530.7827540366
7307,376427.16875172034
7308,171409.808365345
7309,194876.9817621319
7310,286950.7190156225
7311,335893.2005341602
7312,253862.4775670073
7313,246390.91564926505
7314,199253.11204370763
7315,204407.54745545983
7316,224510.77740804
7317,422385.4138125074
7318,402732.4413739592
7319,315579.4572860594
7320,212639.91244453192
7321,220909.79058036208
7322,220909.79058036208
7323,388475.1796570122
7324,613674.767030716
7325,654191.5816646814
7326,730717.0965798721
7327,729140.6781497543
7328,499696.85269245185
7329,319135.70261657983
7330,200323.6482403502
7331,117376.23095980013
7332,134147.75478403916
7333,146509.36239673197
7334,153469.89403847232
7335,187160.99760669842
7336,389726.32984061376
7337,391493.16325208545
7338,487506.2654392123
7339,1076301.1433383767
7340,1059580.7294950443
7341,840130.8115016595
7342,968280.0829040743
7343,1133045.4004402948
7344,969837.8109141756
7345,437787.2670734003
7346,412360.5775228739
7347,283391.6286446899
7348,263000.0974110365
7349,417671.76377767697
7350,481740.39389544725
7351,239278.69990308583
7352,177756.15467089415
7353,772578.4932765365
7354,1205947.2348944992
7355,736422.7017330807
7356,471656.6865804251
7357,405476.0881442912
7358,783228.3079266176
7359,476731.4059733413
7360,402091.9285238352
7361,381792.7015131414
7362,341121.74428486824
7363,347217.7093926426
7364,582085.4879798704
7365,599397.3585292548
7366,908123.2576115336
7367,819461.4194467515
7368,656954.8933959077
7369,1213922.0848753422
7370,1379188.4409596063
7371,2019014.9636316001
7372,2089390.9982007667
7373,554483.7524387464
7374,318504.70726500824
7375,227337.8514981717
7376,262901.1073952317
7377,310875.38317803293
7378,365829.92410707474
7379,459113.6007779017
7380,296973.44333735853
7381,214600.9195328653
7382,248026.64689338952
7383,312522.45798431244
7384,660244.9000060558
7385,524527.431554555
7386,295879.9182667434
7387,323246.15491285734
7388,428531.1237076904
7389,884105.9935322229
7390,1153685.0939017462
7391,958159.195140291
7392,677757.9617688954
7393,757904.3330773544
7394,535869.3235617541
7395,236587.47559500672
7396,237919.80865987454
7397,178977.63241200312
7398,211554.07151504094
7399,199369.07086195715
7400,203516.77621055138
7401,199976.2100600377
7402,268628.04748151684
7403,276096.5922287833
7404,279436.1594019928
7405,300967.45247301087
7406,500076.1999270711
7407,451004.7264550254
7408,224774.0101373177
7409,222368.94578222185
7410,224072.4140019985
7411,386025.93234559335
7412,381570.0625660978
7413,411998.33353388996
7414,275340.39004084934
7415,226081.45523698628
7416,404107.749705128
7417,465938.3458456695
7418,430218.812031248
7419,270823.52613165975
7420,211313.18566537742
7421,249153.5588913709
7422,222422.92856514826
7423,369212.0959294103
7424,861423.0520575047
7425,712066.3998120055
7426,639565.7937911339
7427,344997.69759733975
7428,177715.89349679276
7429,107458.21583517746
7430,106711.89688372612
7431,106711.89688372612
7432,120444.42112871446
7433,138733.58602687716
7434,144323.1534917755
7435,269945.1892782226
7436,392321.73454583436
7437,397288.44633096457
7438,397525.71659471095
7439,745023.2207793528
7440,835895.2627164098
7441,828359.4638410616
7442,1112558.7027237248
7443,1283780.4489421155
7444,1019521.0674434938
7445,594087.8186313435
7446,437082.5178775601
7447,409149.2048683807
7448,396779.8212005794
7449,486470.4405660406
7450,453343.02278757095
7451,223765.57131755352
7452,144071.50809788704
7453,906084.8374699131
7454,1542329.7764347903
7455,723162.4628585149
7456,317360.24656861834
7457,365283.64971122146
7458,367151.0102080703
7459,372531.5279191681
7460,675524.2019980736
7461,571370.375661998
7462,349224.6523089614
7463,320561.7280780757
7464,350696.68339318037
7465,816504.1021229364
7466,1226555.406635311
7467,1289685.731812581
7468,1655608.2126362128
7469,1398331.0757023487
7470,1354654.8077679873
7471,1867057.2833210975
7472,1887716.7963526715
7473,564014.0424870774
7474,419989.4073051587
7475,217242.6909622457
7476,202108.76574566145
7477,294094.3646280281
7478,348146.3739898186
7479,389248.82264870405
7480,331274.5808003023
7481,254581.81686029187
7482,288764.3545988053
7483,314931.74870785745
7484,314907.8185108355
7485,313008.50762378424
7486,305104.7301963549
7487,438341.0787676573
7488,542989.4887647927
7489,1148550.5549138747
7490,1276975.8880594373
7491,1276975.8880594373
7492,1073966.0185660096
7493,799876.1175693572
7494,536403.7712238319
7495,234137.1114529008
7496,224218.96837703884
7497,211899.02033140138
7498,215726.7112834705
7499,211412.4579987526
7500,193746.07083744602
7501,176062.78482479416
7502,240684.84727803664
7503,280875.93358010054
7504,280875.93358010054
7505,276597.65459067
7506,275611.2365944367
7507,252669.71466817544
7508,222368.94578222185
7509,222368.94578222185
7510,235503.76789953746
7511,375040.0282610506
7512,363284.6847148277
7513,363350.6664851047
7514,240402.0745139718
7515,172561.9646961093
7516,273681.2867194414
7517,450842.6599161327
7518,317158.2879215628
7519,208505.82360944152
7520,236929.1538041681
7521,331410.2155535966
7522,348274.257615
7523,1404820.7626984315
7524,1793038.173591097
7525,852427.1267026141
7526,458648.23485099524
7527,186892.0564289689
7528,186892.48150795512
7529,118343.27007326484
7530,106711.89688372612
7531,106713.42482064634
7532,124375.2370441705
7533,137138.14527062327
7534,137843.2937487089
7535,311946.30955099873
7536,413068.9124960578
7537,405275.21369780507
7538,470381.30340896454
7539,710036.239911831
7540,776758.505437592
7541,769642.9017818719
7542,843714.5046258569
7543,1085971.7326367693
7544,936406.3098836951
7545,720003.815815038
7546,570065.984989211
7547,449576.6261883527
7548,447931.4124731356
7549,474444.7916010008
7550,453414.4559700787
7551,846550.3597816229
7552,849068.7334678322
7553,1108091.726682824
7554,1390156.9879679382
7555,1157182.1608041078
7556,794914.0084833354
7557,663425.13428846
7558,371954.8826499863
7559,446654.9959881753
7560,548801.7515592766
7561,592860.4087340124
7562,452485.6297956407
7563,321260.7648504451
7564,320045.1027338505
7565,710032.9904480577
7566,1114515.552312538
7567,1414510.964376886
7568,1880326.348768793
7569,1719404.1662372602
7570,1386427.6446812497
7571,1303275.8323991485
7572,905215.557903681
7573,509736.57800132036
7574,509525.85151833296
7575,348566.4477189332
7576,289735.8536199387
7577,301533.69968127273
7578,330693.04326623527
7579,334152.98396585835
7580,352241.8729593754
7581,292401.8900758419
7582,315041.7220800925
7583,319333.4090239261
7584,330766.40298258094
7585,312447.96713458
7586,321015.7007383853
7587,517783.53769645095
7588,527149.0580763258
7589,768303.8643037826
7590,1233210.2503191587
7591,1253066.7148357104
7592,1020118.9214412416
7593,908048.6177974828
7594,465243.66894690495
7595,214658.97806472052
7596,211528.48632561447
7597,208823.20228220156
7598,214048.48561959295
7599,215557.3355765771
7600,269090.82189550414
7601,170899.59052227624
7602,258494.54941945407
7603,246328.0294319837
7604,245427.76876896527
7605,284631.84912261553
7606,382330.0835770443
7607,399484.52336172573
7608,320137.282252123
7609,244201.33033465873
7610,277811.00764220394
7611,334588.5155374445
7612,363284.6847148277
7613,363350.6664851047
7614,241261.48071225174
7615,172561.9646961093
7616,172561.9646961093
7617,311943.7419083603
7618,253587.08242926147
7619,209619.46833734773
7620,241293.39995656908
7621,323804.2142820051
7622,567850.5460368395
7623,889415.6584423855
7624,900407.9767065644
7625,809870.8088999391
7626,577333.7104853094
7627,178964.39846882224
7628,185268.38531556167
7629,152869.94549611956
7630,186168.15472708642
7631,187114.42574181367
7632,199209.62408872135
7633,176343.18758563697
7634,291818.75697136205
7635,491159.7085629422
7636,499309.99697122164
7637,490842.8508645706
7638,658838.5341092385
7639,789167.6755290292
7640,770612.088972555
7641,758332.8354169647
7642,647760.7743577957
7643,839142.523998993
7644,1001962.4098528032
7645,867491.8545421883
7646,1038944.3186303112
7647,1169157.5002737828
7648,421476.2953934185
7649,364061.21001964854
7650,480433.6796977073
7651,1186875.3400410842
7652,1215941.7722122967
7653,1154031.3836571574
7654,1504163.4354960863
7655,1237035.1881497912
7656,1230374.0914216042
7657,1209959.3637185306
7658,352785.70253412426
7659,264223.0649868101
7660,326183.57596577704
7661,543036.3754562326
7662,551565.3316347599
7663,437758.8607136011
7664,360632.0316514075
7665,614518.7981343865
7666,835925.860476736
7667,1326058.9087722283
7668,1836144.4275963753
7669,1649599.3349461614
7670,1479566.8586469681
7671,1134647.5533956438
7672,773279.3241303072
7673,684221.6280498654
7674,690965.7136648148
7675,608340.9521359168
7676,255279.03720843792
7677,221533.97208839655
7678,302691.8709494489
7679,297568.36013861373
7680,264135.6307592653
7681,301455.61986859515
7682,367517.3301695611
7683,344091.9357103363
7684,310219.7007347904
7685,294043.8784714909
7686,317316.9417380607
7687,515506.4129992053
7688,522930.59455357405
7689,527035.4502810799
7690,797838.0648008846
7691,896894.5372633776
7692,811431.9508941453
7693,520882.99295621365
7694,349834.9718710149
7695,247380.47355497628
7696,211226.73069408536
7697,214612.1607219437
7698,211232.5778996572
7699,279413.0038735233
7700,294859.75757350295
7701,83602.53191816015
7702,218284.7957148584
7703,244597.8656707406
7704,297223.8638457153
7705,389507.367520628
7706,410067.8314321041
7707,410067.8314321041
7708,410545.9956774339
7709,423326.2206010397
7710,326302.8578480347
7711,269198.71787364606
7712,298852.41743048094
7713,644182.6965034045
7714,756752.0767858098
7715,339771.5261545405
7716,172504.08327225503
7717,207680.9590068143
7718,236176.82724015857
7719,242020.96687364113
7720,247690.619923356
7721,402619.03234109655
7722,598351.9363318384
7723,664869.964543283
7724,1055561.4058635235
7725,1009323.8776769862
7726,267727.3323072535
7727,161340.14501050115
7728,173491.1683113696
7729,302403.8082002271
7730,330565.31192999333
7731,328447.24423488835
7732,257357.67044471204
7733,254069.6803061841
7734,362811.3727030689
7735,508270.7787419297
7736,483258.6460142359
7737,490053.1029419005
7738,591574.9246216865
7739,786919.6665764824
7740,771037.6325881323
7741,619967.3106316235
7742,538421.0320470575
7743,539448.7293469682
7744,562771.7080062926
7745,530292.6387570859
7746,782712.1589515652
7747,706720.0935776196
7748,361444.9709819406
7749,342708.0851391852
7750,486737.6656135656
7751,477879.0679252101
7752,778853.1265100674
7753,838533.9534059763
7754,1246493.6444279149
7755,1392943.7233110815
7756,1316033.2922129333
7757,932082.0173911769
7758,210129.7161646858
7759,273761.0320491791
7760,267881.3428345877
7761,420148.46946749557
7762,503124.14137682505
7763,471128.8063932285
7764,432990.3125428129
7765,595501.9744202876
7766,812270.0711119678
7767,1586799.431113856
7768,1712326.4423186444
7769,1552466.3239736333
7770,1440789.577906236
7771,908370.4695583135
7772,758787.5274751335
7773,812830.290645875
7774,816465.4377685785
7775,583710.658783555
7776,149260.44750497118
7777,145233.19850850757
7778,157242.49792810902
7779,219870.45037567616
7780,251680.12185156532
7781,337301.533484404
7782,578586.5590719879
7783,583870.4503660612
7784,627016.5340782292
7785,640675.5052240044
7786,681998.0567089887
7787,675314.3302126639
7788,526326.4307117332
7789,591900.8344275395
7790,841070.1565499182
7791,851133.6410677265
7792,847269.2793191404
7793,485690.9614128545
7794,335465.1259570401
7795,307473.33773030574
7796,273474.29393438995
7797,217448.09799725004
7798,230971.74012654647
7799,292522.6773950574
7800,316427.9281028528
7801,211602.22899481724
7802,242733.4276928556
7803,228017.49034982978
7804,468965.4770222018
7805,392355.6254075393
7806,410067.8314321041
7807,410149.47737393924
7808,423873.04715744406
7809,432312.1672501835
7810,401238.3636045854
7811,281269.79044629075
7812,437577.62757606525
7813,672269.821487397
7814,706363.4430090338
7815,762657.146046248
7816,428447.8884105608
7817,324676.15337005095
7818,290646.19124170765
7819,251686.14123365935
7820,233677.6387706548
7821,137024.21881231805
7822,203086.7754736077
7823,188663.70317566395
7824,230805.3441274613
7825,161729.37296772003
7826,123694.81154070422
7827,158701.3806663975
7828,176170.12538934126
7829,316855.3659436108
7830,330556.0284106021
7831,461483.8097148426
7832,503937.0209786277
7833,273526.7786922122
7834,494049.47815598175
7835,571136.447229879
7836,528813.7379964702
7837,484309.1013806723
7838,550726.811569243
7839,787066.262040096
7840,777117.1105694198
7841,631554.0970220789
7842,534733.8433261253
7843,514314.164773874
7844,295097.7408992946
7845,284951.58723288774
7846,558838.1665572226
7847,635449.0231024055
7848,321578.78783129156
7849,351605.2811756283
7850,492272.4747107029
7851,506560.1296368751
7852,1044630.3589166552
7853,929788.4567446411
7854,1066955.4930256158
7855,1282798.8906781673
7856,1423499.450831212
7857,728325.6678925958
7858,339941.354995152
7859,279272.3466859702
7860,241211.23047877848
7861,227053.62912658788
7862,232063.36457055993
7863,244249.40998512506
7864,437735.1562983915
7865,531173.116434671
7866,618715.047160903
7867,854401.2339073289
7868,1577073.7684150673
7869,1539335.6650698185
7870,1304219.6400490254
7871,831582.0697289705
7872,787310.8953336552
7873,816465.4377685785
7874,780982.2977790236
7875,494852.7218947746
7876,398684.08663888276
7877,256476.22590309195
7878,185365.43267069012
7879,202231.13003715966
7880,262614.43782725
7881,418018.8786205994
7882,590576.6337293643
7883,589877.2925346196
7884,862988.7609122097
7885,1204669.1575653702
7886,906464.3673091158
7887,835080.8888127734
7888,785064.3457029777
7889,1105199.5567516536
7890,884364.9564160667
7891,851358.6729743741
7892,848695.189495936
7893,629811.1588841262
7894,334096.4765857868
7895,307705.25965851103
7896,307654.7928227633
7897,295404.7484161984
7898,325647.692140304
7899,326422.1626043469
7900,324426.72489387164
7901,281360.48200777767
7902,271476.6953129135
7903,288681.1576108411
7904,428717.2125652283
7905,380983.6629646551
7906,410067.8314321041
7907,414288.76548003405
7908,432332.72802791
7909,432332.72802791
7910,434346.87970217504
7911,453308.6639898084
7912,471884.56164370105
7913,374937.98886392266
7914,448792.47411778243
7915,406638.11330556124
7916,374584.77744963765
7917,258185.9335465161
7918,251188.46264141425
7919,364464.03466013074
7920,388607.40297470987
7921,397615.7954744324
7922,528874.0638915412
7923,360044.0129529238
7924,214655.20601939783
7925,122385.7033346938
7926,118972.13798646815
7927,135331.74996156432
7928,139685.62344510108
7929,226282.62703123316
7930,463895.27237534896
7931,767868.494545456
7932,776123.4966227524
7933,665038.575700637
7934,568169.5557638463
7935,570086.9404368447
7936,566855.6171730673
7937,500820.23334863037
7938,498516.39630869176
7939,539073.0524387928
7940,583895.7599637335
7941,477646.3081040513
7942,463753.28676026314
7943,447123.7059898749
7944,283806.69993696955
7945,285118.6420999374
7946,401769.38970564306
7947,397539.66309311544
7948,279526.93773793033
7949,465609.51986555196
7950,573742.3378181458
7951,674096.9932124708
7952,1347463.4988699947
7953,1207623.0118924081
7954,1017882.9990557209
7955,950228.2755365241
7956,730065.6430505291
7957,423920.98397443816
7958,323726.4867950324
7959,258299.04622237012
7960,226342.06513527036
7961,226342.06513527036
7962,196546.13123002858
7963,160217.2314109417
7964,267437.9597691819
7965,468147.6267588185
7966,518671.47426945716
7967,475511.53710652003
7968,815494.5498799831
7969,1463864.0639360412
7970,1030205.6707063515
7971,844211.5802510455
7972,999816.8426336534
7973,1145628.5049484074
7974,820055.7994153127
7975,428933.09809899284
7976,632935.5763981342
7977,426344.8787117917
7978,417323.3602345288
7979,451008.21856349893
7980,665465.7115246896
7981,561499.3172632679
7982,589877.2925346196
7983,590050.9159627461
7984,707222.5137708504
7985,1286274.5351749177
7986,1141891.6889805896
7987,708509.2822578901
7988,1054856.505643072
7989,1639011.193337679
7990,1567039.1859280318
7991,1111103.4911193089
7992,804668.2495050309
7993,724467.9242693819
7994,355318.1274524499
7995,316830.01575759053
7996,278767.5422744545
7997,289249.5000365138
7998,320928.3928061873
7999,322168.53059477545
8000,322948.5368034903
8001,181549.60338529386
8002,226830.39558930323
8003,310618.55075829546
8004,351185.90329448495
8005,343154.78081548866
8006,348921.4177838871
8007,454284.2295153327
8008,465694.5524261743
8009,461130.3681060374
8010,656118.6644208431
8011,1043973.602999506
8012,926286.5269775819
8013,498941.319595851
8014,454037.32816029387
8015,328651.3125225571
8016,352235.62337302975
8017,279395.427530773
8018,237042.75257850438
8019,349153.7763921848
8020,354846.1664394592
8021,381172.06757395156
8022,488100.57662742585
8023,567490.2628349839
8024,243469.96391039435
8025,115036.2893604422
8026,126989.57831370132
8027,136930.61988082645
8028,136989.85801428556
8029,171616.29438510165
8030,631366.307110749
8031,672163.833093849
8032,672318.906102471
8033,651449.3115726099
8034,566020.1914381408
8035,568775.6366537474
8036,566366.910659032
8037,498028.68825630844
8038,482733.18305937015
8039,469669.0274755955
8040,462782.28509982536
8041,481963.28358115815
8042,501569.6519321799
8043,579968.1637015408
8044,629724.0794243626
8045,519584.7489720434
8046,380814.0092608819
8047,245042.51942574978
8048,263107.49838851084
8049,562361.9696066156
8050,652371.9702626485
8051,771001.7636252139
8052,1023582.9994929135
8053,1375433.1009188816
8054,1523469.038985923
8055,1101562.4736261927
8056,413968.7059209347
8057,413968.7059209347
8058,402055.05919788376
8059,269260.9388471078
8060,273697.8401909396
8061,368898.1598173529
8062,379321.7799959569
8063,240601.91428099596
8064,258922.4269772712
8065,342719.5237469077
8066,438587.8166348003
8067,418268.6446845308
8068,419898.6581846047
8069,532038.0390839747
8070,743512.1055387645
8071,1195194.244298398
8072,1215789.4720923454
8073,1198584.6409597928
8074,849303.0110088289
8075,736680.6004179716
8076,1092705.449729845
8077,423854.272200346
8078,424870.54765281826
8079,710266.3793176349
8080,913514.1498519853
8081,656804.6823897483
8082,646384.7536697728
8083,715272.3286083769
8084,1259372.4791624546
8085,1137016.565496603
8086,902573.6476340443
8087,632935.0634890823
8088,1000007.6042274949
8089,1370343.453230871
8090,1630159.6666209698
8091,1248356.8901649378
8092,762968.4366142657
8093,761443.1695032343
8094,722799.4294802472
8095,402375.3675292507
8096,298832.17079406965
8097,311755.1599549376
8098,321624.7048496816
8099,328650.03330576106
8100,286361.0381486509
8101,188775.6018165251
8102,160802.5474587148
8103,198134.21815543436
8104,356375.9109713929
8105,330696.8683652561
8106,309513.5944541078
8107,393841.3843068583
8108,494332.34151928127
8109,494240.335203927
8110,499267.82127965766
8111,671223.7023085654
8112,704882.0981850475
8113,656942.8451414928
8114,451071.62964097934
8115,327826.70178120025
8116,333840.9778020121
8117,387940.2734333263
8118,245737.7431378588
8119,253311.00170619972
8120,316098.2140827179
8121,345563.65975587815
8122,345563.65975587815
8123,355282.9768630117
8124,326973.3663125271
8125,111166.51905862405
8126,137098.3170514619
8127,137100.31622576527
8128,137009.26415703818
8129,209162.10395449772
8130,338878.11290061846
8131,367624.5682445215
8132,541709.7673166827
8133,570136.4725571051
8134,530734.0654367432
8135,399456.70721481275
8136,452604.9065703675
8137,482824.44132344425
8138,465827.03570602793
8139,460943.6519367857
8140,469074.0269341647
8141,487275.249742799
8142,633408.73366962
8143,677857.3572254777
8144,677926.0484496225
8145,647294.6082054675
8146,450982.4864447117
8147,298140.118516393
8148,305408.79101240356
8149,360980.22201766074
8150,419828.35756704654
8151,686315.9639476488
8152,713062.3150475919
8153,959782.3850695044
8154,1382456.4393602535
8155,655804.5410001278
8156,404111.2567670336
8157,414842.3439088168
8158,425173.0745434016
8159,390347.4073613138
8160,504075.33005256765
8161,535414.2199292183
8162,522128.47554484755
8163,503716.6019475425
8164,342377.9177778987
8165,312832.8055361016
8166,339332.6804446131
8167,424466.3254524255
8168,399222.88906387985
8169,2632087.7200748636
8170,631057.4046108881
8171,1291223.1727723181
8172,1253761.7054080293
8173,1191520.3517566477
8174,1107784.658028055
8175,1218445.5007859468
8176,1195110.8373813273
8177,796524.7876939056
8178,663138.6468498351
8179,820116.3677359241
8180,888783.9912994504
8181,760252.10811147
8182,648462.3826175202
8183,658537.8530187653
8184,788142.0357605689
8185,940441.2894243598
8186,1021714.9543833751
8187,775846.2782015167
8188,933996.6097809332
8189,1231158.8205203945
8190,1369253.3080090545
8191,1234163.8573573474
8192,763344.6473670304
8193,763552.2710139186
8194,717030.2375834379
8195,555196.888576828
8196,345768.31177243777
8197,331956.0932301746
8198,375216.0399509368
8199,324804.64797325246
8200,287697.6232651388
8201,144759.68003191054
8202,169429.8068553186
8203,247082.8640262382
8204,332671.94670233876
8205,328133.9011676349
8206,328136.34034347907
8207,323947.18284465186
8208,406802.92591978237
8209,492422.3782079988
8210,510481.51563701034
8211,589221.2424748875
8212,589787.0189266801
8213,465727.8027591258
8214,441230.0257542962
8215,389085.94432827644
8216,445528.7590980679
8217,491055.8067369093
8218,352916.0400278736
8219,272367.780243624
8220,293631.89141928405
8221,345563.65975587815
8222,345563.65975587815
8223,345563.65975587815
8224,312312.4078851044
8225,188360.5929961335
8226,135268.86246942903
8227,135141.25080350926
8228,138718.76671452762
8229,291472.9798241034
8230,432246.3593977615
8231,389901.5604143245
8232,405827.14723773673
8233,417833.0153615102
8234,254178.86221411824
8235,232570.56905892934
8236,290842.8404058814
8237,475934.7944097887
8238,452513.566495582
8239,475772.84647762775
8240,481907.72611405235
8241,488220.8589232303
8242,745990.388265416
8243,739149.3511052281
8244,683391.1417704788
8245,604129.3951783925
8246,413865.6646868922
8247,386188.27983197523
8248,375259.62294089794
8249,349161.8051707065
8250,359058.5688097514
8251,583856.2017405368
8252,683281.54928381
8253,644739.5138182947
8254,225365.25924368994
8255,163477.96072246134
8256,210491.97015527822
8257,423797.68121208483
8258,412107.9735972658
8259,391270.1509001218
8260,421480.9607862383
8261,525264.490347269
8262,506676.9871017132
8263,389091.5524800665
8264,282062.1508023646
8265,282953.6328365952
8266,303910.7531224636
8267,314562.46853448264
8268,439367.1283329176
8269,1100579.8870591705
8270,1162925.063512057
8271,2303901.7496479605
8272,2172552.5005161352
8273,1283023.0798446392
8274,1131041.8903422207
8275,1155467.731847182
8276,1282032.034458117
8277,1257110.9868184477
8278,1122178.1744956896
8279,759431.3277514689
8280,738872.0947105587
8281,720085.5227382258
8282,662978.5870377505
8283,663757.1425579488
8284,487297.806844715
8285,407103.75923892856
8286,502007.13424693793
8287,841299.6719180346
8288,897655.9388250997
8289,1036079.2310803682
8290,1049950.9753467552
8291,1036965.365958143
8292,716351.5226176213
8293,587995.9916356133
8294,410635.17454351485
8295,365982.7033865042
8296,304549.84247164335
8297,294161.97020231467
8298,281456.69199347496
8299,313051.84252618626
8300,283449.544722126
8301,140551.2071117498
8302,154910.67648090795
8303,277578.3167337999
8304,328113.5802783407
8305,319417.05960764363
8306,328136.34034347907
8307,328136.34034347907
8308,323776.3275964614
8309,503118.04278048314
8310,571013.6250911306
8311,591940.9384436756
8312,499521.585438706
8313,448973.4088096488
8314,604800.0362601331
8315,583952.8101207986
8316,513396.27614721656
8317,470740.1398825273
8318,433715.1125431089
8319,292734.70676315576
8320,358279.5551046324
8321,381644.18024410587
8322,345563.65975587815
8323,345563.65975587815
8324,296948.9201397523
8325,240506.39233807847
8326,164654.50895646773
8327,130859.9103856096
8328,187500.30113342562
8329,212203.8184858989
8330,349370.67005712294
8331,387155.21312466636
8332,387014.5574359782
8333,299185.61572243087
8334,228491.86107809097
8335,246240.3993752934
8336,345180.8204454277
8337,522318.87001037505
8338,518799.855480845
8339,515368.57229124755
8340,517586.62192200124
8341,627142.8357322903
8342,750280.1388156563
8343,728562.8838576488
8344,545382.4987664707
8345,436298.88724652136
8346,387866.7899094534
8347,386672.4528906704
8348,378928.8932552226
8349,371008.55144876894
8350,369516.31558997184
8351,562096.1048758514
8352,652436.3196478635
8353,621922.5346363261
8354,215914.43438387848
8355,163477.96072246134
8356,178090.22321391478
8357,402550.7528456291
8358,477273.7763265646
8359,446223.00059538335
8360,407364.5744080357
8361,431492.67132268846
8362,420200.6909676194
8363,328615.9143086169
8364,368059.88488356955
8365,378297.64347396046
8366,307972.60527431965
8367,307972.60527431965
8368,309093.78047500923
8369,857072.1238025632
8370,2178040.7718090825
8371,2334839.326652169
8372,1978546.9647026062
8373,1379379.7370935045
8374,1468057.4970633537
8375,1150090.2041521384
8376,1234105.4062262308
8377,1213866.9558172105
8378,1142030.5386751238
8379,737105.9442136292
8380,736122.9932537973
8381,675501.2637025267
8382,577753.5615213811
8383,659581.9742391612
8384,473822.4592473395
8385,447618.8547265716
8386,505035.84608157864
8387,828878.0711236373
8388,1002400.2435535728
8389,1061755.9671397526
8390,1014047.0039468482
8391,994642.7882834971
8392,888736.5470620617
8393,374668.45830446866
8394,368340.4103455432
8395,358582.80451466935
8396,311973.24201030843
8397,244646.98587900028
8398,236212.5650945753
8399,222396.35734715872
8400,106468.17331671435
8401,95826.94989136467
8402,214914.45503902063
8403,327882.49571224593
8404,328131.65045895055
8405,328112.6054810025
8406,328097.7607587911
8407,328136.34034347907
8408,328136.34034347907
8409,578623.0633630287
8410,663423.5689523314
8411,570898.9973738343
8412,400323.96507467143
8413,463434.9070015077
8414,664908.6078335606
8415,573484.2725771111
8416,535259.5962784737
8417,525772.9852334298
8418,479587.76283666753
8419,640148.2998144422
8420,582380.8435235843
8421,322123.0812601519
8422,317249.3259702027
8423,342742.19537806883
8424,281973.2686648732
8425,193500.44281115802
8426,107030.42588517658
8427,176226.40419857227
8428,197656.15572995832
8429,196221.3642029364
8430,215797.79806086794
8431,345873.46773330495
8432,336317.4566166997
8433,271155.819299981
8434,235699.43197123893
8435,268203.32064144313
8436,294047.3024034202
8437,521538.0188445151
8438,520758.7470606193
8439,538358.053428662
8440,600890.7763937265
8441,757958.7923593372
8442,750527.1826922707
8443,607172.7141032736
8444,396559.7488531843
8445,373377.46273977775
8446,368900.66023596935
8447,290220.1281253409
8448,314049.03191384673
8449,375075.55926790927
8450,434236.93102808297
8451,490080.1019777786
8452,813248.9040060937
8453,679647.7594566825
8454,496888.3824020624
8455,256956.90692766383
8456,465208.93989393115
8457,602536.1824430302
8458,666360.4413575754
8459,755716.8027077201
8460,766462.1479686499
8461,514721.5585659136
8462,495947.20311606117
8463,427994.7869697362
8464,424590.7335987687
8465,392500.4251485206
8466,307972.60527431965
8467,308001.83016524604
8468,654796.9771401081
8469,877996.2469950933
8470,1295691.9304335043
8471,2039618.225908569
8472,1902927.6062206626
8473,1730557.9810515903
8474,1821616.1188920736
8475,1902665.296096377
8476,1857233.1181897102
8477,1156823.3290075958
8478,1041982.3384711087
8479,420615.2083693424
8480,420015.1402186975
8481,278890.2270131011
8482,343665.052697964
8483,394675.3678870797
8484,285877.99270792026
8485,398143.49369687494
8486,514307.63336328324
8487,717611.6417755876
8488,883014.6790434569
8489,986562.2786107748
8490,994764.7517602257
8491,988294.8573312424
8492,674486.8384163938
8493,385592.64877708815
8494,364325.17938752426
8495,334037.6326658577
8496,293063.09637998044
8497,236212.5650945753
8498,236212.5650945753
8499,205765.03016678058
8500,95815.822346639
8501,155192.60696882074
8502,554361.6016512085
8503,348554.20825538784
8504,315877.5327970367
8505,325834.3823714375
8506,328136.34034347907
8507,328136.34034347907
8508,328136.34034347907
8509,578623.0633630287
8510,663404.3750470579
8511,655430.9704009593
8512,580925.598921299
8513,589251.1875019111
8514,640083.667785272
8515,619899.8342513698
8516,522352.23823979613
8517,483771.39634106494
8518,513919.6062504444
8519,937022.0772261256
8520,743128.7816026788
8521,662617.0499253757
8522,370938.0298015678
8523,319630.48371148854
8524,256484.69324917533
8525,194155.66668319807
8526,150017.81836676644
8527,194891.4388347054
8528,195563.18046258448
8529,194994.8404782153
8530,196735.4859090718
8531,252139.90150336362
8532,263905.7844362259
8533,264162.69553175615
8534,283465.74158507225
8535,330548.4276917316
8536,456312.665463089
8537,525133.7783514615
8538,528278.8479967555
8539,562905.5550156087
8540,578321.7863167934
8541,591371.8165646456
8542,536564.3186992556
8543,454134.4897254128
8544,412332.89569306374
8545,372740.4003917426
8546,287301.5942013934
8547,187030.42164441943
8548,187030.42164441943
8549,287535.9581593387
8550,454568.4791132957
8551,518946.78375903517
8552,835381.2401639223
8553,705240.8597988784
8554,571599.8746908465
8555,613905.2554461253
8556,667861.2059487961
8557,717907.2372948406
8558,759788.4719121791
8559,848807.3535715025
8560,825437.0929152556
8561,884233.2417344488
8562,1308107.6355779395
8563,652759.1814198942
8564,351414.27974622697
8565,194948.27855664073
8566,224988.48799136747
8567,423617.16307744756
8568,804070.4249357511
8569,863076.7819007337
8570,968770.8978703469
8571,1440060.3699738812
8572,1743188.2671393855
8573,1668650.6113242225
8574,1821640.6342703942
8575,2148445.165432658
8576,2026364.8887955174
8577,1286294.2490095496
8578,923851.4892397802
8579,142830.02897788188
8580,139090.59708022326
8581,150070.8153248122
8582,187111.19509907067
8583,252570.53956974205
8584,219400.3752822103
8585,570980.9154094178
8586,384091.7166029215
8587,388714.5299379043
8588,534590.1970131621
8589,672988.5831671711
8590,770954.0355333192
8591,615817.4911126345
8592,479956.91377642564
8593,385384.61414706707
8594,374280.7140808962
8595,354119.03002616763
8596,269929.7477527666
8597,236212.5650945753
8598,236212.5650945753
8599,219844.92450269312
8600,95805.87139248103
8601,369040.84585471754
8602,524939.8660820527
8603,268024.95016742405
8604,295014.5702277175
8605,300942.84134821873
8606,328136.34034347907
8607,323352.24810634414
8608,282098.6891021263
8609,337802.9008464684
8610,572967.7708127555
8611,663506.5316324222
8612,589346.7569108177
8613,572281.1371352905
8614,530720.2325458191
8615,376730.91769592464
8616,350135.0851114758
8617,422390.55882640183
8618,677940.6659123003
8619,965150.8267493993
8620,901583.3808784168
8621,937105.1478506774
8622,657554.8368221512
8623,295565.80271041486
8624,247864.16219965369
8625,289379.74815139733
8626,290129.84084668756
8627,201964.74574587308
8628,195507.50462202297
8629,194139.93999459594
8630,216616.7554482855
8631,306448.78723336384
8632,264399.69795386493
8633,267777.2781294435
8634,377141.0232267827
8635,841848.3562297821
8636,889260.2426765868
8637,590689.6562182158
8638,823826.9180121366
8639,802233.5558057092
8640,719162.7968057357
8641,486630.97344220243
8642,403930.6418750584
8643,385109.60479290783
8644,382198.5182247854
8645,343265.78054061905
8646,193729.47763843648
8647,186909.77571287542
8648,187030.42164441943
8649,271585.1338531971
8650,462415.42789783
8651,686406.9918518066
8652,847859.4735758714
8653,615275.088293463
8654,598109.47410319
8655,658958.932539925
8656,1024713.9619772056
8657,725887.4123599492
8658,765443.8810578883
8659,874530.8423221882
8660,881250.7298685461
8661,1086020.4756505094
8662,1842758.635595858
8663,901393.8157652393
8664,145408.73338745162
8665,148987.51685600914
8666,149218.5755314231
8667,469494.21174328215
8668,767763.2074995637
8669,835862.1958789555
8670,1261394.02097894
8671,1378834.5592861925
8672,1547297.956469521
8673,1131220.0096138492
8674,1642978.9714820385
8675,2424390.402454369
8676,2041401.0348502207
8677,1386927.727464287
8678,556820.774943301
8679,135087.0871392712
8680,142945.5784345992
8681,179872.46619849652
8682,219342.0586375147
8683,264781.1995337978
8684,395644.2435007896
8685,599191.1680989866
8686,542917.2956111431
8687,442783.9215194136
8688,486017.481576944
8689,614555.0091648716
8690,573924.5471518841
8691,492183.161399937
8692,577423.4335549287
8693,390124.55940229073
8694,390194.78869486693
8695,428700.21732866066
8696,311254.04543456447
8697,236212.5650945753
8698,236212.5650945753
8699,261528.7487739059
8700,122981.90638810769
8701,378485.8541379727
8702,199110.7728463672
8703,166692.40968309715
8704,183998.17478643527
8705,266624.68792605726
8706,296413.3395182472
8707,250229.38218481094
8708,243743.69384903833
8709,243743.69384903833
8710,245916.4177308153
8711,369848.008451352
8712,450172.1006751619
8713,302662.88934701495
8714,260365.30571492994
8715,290265.2418286358
8716,288374.22007937776
8717,288277.6013277024
8718,765354.5349559351
8719,937105.1478506774
8720,937105.1478506774
8721,936922.398736349
8722,534553.2761952095
8723,282642.31165497657
8724,278475.47601183504
8725,318766.8435854018
8726,328678.37072338164
8727,296648.34355094784
8728,204518.839785631
8729,231896.23616408266
8730,430658.4480332956
8731,474984.76406887546
8732,354286.8868179023
8733,331715.4681299785
8734,1351567.9105991907
8735,781970.237212322
8736,481207.03510576487
8737,430228.66656759195
8738,778117.1606398206
8739,834819.4488649584
8740,788456.8704573327
8741,387977.21020723507
8742,378284.3395267036
8743,358323.51279774867
8744,265773.48079414666
8745,221946.4991605787
8746,198819.77111020684
8747,186794.81871357118
8748,211548.47369351232
8749,258338.28271069634
8750,469486.55880222656
8751,907377.7247002274
8752,901242.816644948
8753,625380.958329509
8754,587533.7006837751
8755,800602.343779616
8756,1436358.2207745984
8757,1102014.0318775475
8758,897091.8525731266
8759,861323.0992951789
8760,570144.5340383518
8761,923807.1944502741
8762,2528553.1574146245
8763,197090.71080761962
8764,91182.40779408626
8765,163655.54386557266
8766,167608.13093092386
8767,216486.988220511
8768,307602.46915566176
8769,551022.9559786711
8770,941266.2572615447
8771,1351477.5394905545
8772,1328524.3688740395
8773,1103126.9072078336
8774,2141145.1119110584
8775,2187138.6904577604
8776,853890.378586093
8777,611651.6034612902
8778,136875.21342758834
8779,123635.83737414819
8780,190091.68638266623
8781,239244.14177156426
8782,244099.46736185998
8783,291407.5181781333
8784,299406.1535795452
8785,640914.4289754927
8786,634043.5413330942
8787,495342.68818797497
8788,503880.54068681225
8789,608637.0963620581
8790,592307.3823672312
8791,675362.354001591
8792,771945.5305125713
8793,598909.0878507579
8794,542894.2201732721
8795,525387.099895848
8796,425920.66759001464
8797,294299.83182637254
8798,425985.7055202536
8799,567127.2537987466
8800,509084.6263758531
8801,264133.84563814104
8802,175206.65118854493
8803,169518.38600405306
8804,154383.04720621154
8805,172828.36712526996
8806,241626.29856978595
8807,243743.69384903833
8808,243743.69384903833
8809,243743.69384903833
8810,242204.94659321848
8811,224725.62539256542
8812,212974.47422826383
8813,187830.36795938795
8814,223689.91743297107
8815,294861.5902812071
8816,323976.9708923176
8817,314479.9865796976
8818,829952.881074478
8819,937105.1478506774
8820,915351.013141945
8821,859489.0353059676
8822,318244.71087247133
8823,296414.17750816594
8824,292322.24893690646
8825,308841.8644349277
8826,328672.83632567525
8827,325083.1963178874
8828,269764.88914442016
8829,390609.0841300256
8830,487008.7167971954
8831,490423.32126690145
8832,458553.0844765622
8833,525223.7232056982
8834,1471430.068296264
8835,1063038.768017944
8836,692744.1951275994
8837,433433.4410076162
8838,384352.78996056155
8839,531986.369491823
8840,528284.9214857556
8841,344780.57125442475
8842,345424.57566395676
8843,233065.89761333412
8844,222013.6636543423
8845,222013.6636543423
8846,220289.09511733893
8847,215541.93648449332
8848,255874.62705149688
8849,330960.239843688
8850,374502.6374823153
8851,922153.995096866
8852,1008616.136079967
8853,718186.5128464522
8854,775644.938861046
8855,1324845.2658422962
8856,1153941.7570347805
8857,1750386.430230111
8858,1064212.2816414828
8859,840900.9963981695
8860,457715.62100795354
8861,458690.1419649273
8862,2209235.8174508326
8863,722166.9432437234
8864,131927.712685558
8865,195394.18937266618
8866,286911.8955597058
8867,299765.3517984636
8868,328426.48645045236
8869,565742.3472796679
8870,600426.1128219366
8871,830321.4619717151
8872,1010723.8240280896
8873,1074980.5093223583
8874,2187765.0165873594
8875,1572004.8686575536
8876,734666.782292271
8877,698578.200732677
8878,288930.6728256196
8879,111528.10313051939
8880,215398.6133486554
8881,237146.6109144009
8882,240726.65818721545
8883,231945.72834953386
8884,549984.8670896576
8885,715991.3183403052
8886,719300.3962589037
8887,564360.2424172554
8888,528094.8719363604
8889,520327.1094206646
8890,574099.467024616
8891,680431.8951384127
8892,731457.4308722429
8893,553998.6234032027
8894,543932.1575218588
8895,537907.1066805273
8896,527558.2997835083
8897,596660.3571344893
8898,570981.1956005911
8899,569785.6625020504
8900,569785.6625020504
8901,283863.09254417196
8902,181336.06768030673
8903,160210.118514664
8904,156594.0908014886
8905,207032.33823161013
8906,252080.73005913664
8907,223394.2250756286
8908,243743.69384903833
8909,243743.69384903833
8910,231470.18713416904
8911,185302.60217792913
8912,185270.1148087117
8913,183078.1479775915
8914,256941.37761293945
8915,294257.22765962034
8916,294257.22765962034
8917,294257.22765962034
8918,784386.1077580173
8919,940313.9900337602
8920,927153.8627831461
8921,526071.8869614322
8922,296896.9076520706
8923,296156.3200174868
8924,296156.3200174868
8925,309847.64901669323
8926,328632.89650934935
8927,285952.0590004609
8928,245869.93001179327
8929,312985.35981255304
8930,461350.50293401163
8931,492018.6907483479
8932,524188.4443468761
8933,532841.8938832209
8934,536589.2382556498
8935,763853.7088220244
8936,558630.4596155421
8937,448999.3626758149
8938,399133.33353641443
8939,343735.25365060125
8940,343222.46114429086
8941,344780.57125442475
8942,344780.57125442475
8943,230277.7173039855
8944,222013.6636543423
8945,222013.6636543423
8946,222013.6636543423
8947,226897.8562307125
8948,371260.00021370087
8949,453230.0697775502
8950,511294.4658934809
8951,717581.7323208172
8952,976059.108396058
8953,773843.0665453081
8954,608268.5845770091
8955,623141.1507995687
8956,824396.8634134866
8957,1359026.1242957604
8958,997210.5756294802
8959,1148816.6719204155
8960,929856.36530298
8961,322191.447063528
8962,318531.57083679363
8963,312609.3846619744
8964,243978.86687768996
8965,284552.8311121538
8966,660108.8753208937
8967,621502.6778416708
8968,520267.7346419394
8969,327111.48173353984
8970,656966.0051270425
8971,741471.2103376696
8972,755826.3141340427
8973,906582.3649593731
8974,1204215.1019722633
8975,1154006.0000368804
8976,1019050.8067896524
8977,835706.0147989264
8978,583905.209549278
8979,262586.97974860435
8980,394211.81352889165
8981,508157.08043323085
8982,401809.88612837065
8983,251279.16110157315
8984,282213.07605941966
8985,603975.4683395377
8986,618467.3037329465
8987,460969.31073778216
8988,508241.17217284837
8989,540431.386541076
8990,576448.4316452243
8991,650325.5196021497
8992,590913.4849847835
8993,493387.01366176456
8994,543932.1575218588
8995,565146.2691073804
8996,659932.0764300227
8997,690057.6499803914
8998,564546.4507767521
8999,531480.4380669817
9000,540320.3347567208
9001,325540.2383562252
9002,239595.66582269222
9003,210046.87809306383
9004,199243.31481715385
9005,255899.02965939493
9006,284957.1952913003
9007,243733.2051299475
9008,243743.69384903833
9009,241084.90572245046
9010,206854.41155312955
9011,187845.4343447797
9012,186051.81373530254
9013,200825.63958830573
9014,223330.95802514674
9015,279263.93253852427
9016,294068.2087255269
9017,302848.2391643664
9018,582005.232059205
9019,839516.3279602733
9020,505435.36282177735
9021,478061.62196199223
9022,383322.8912147656
9023,297568.64545323676
9024,296156.3200174868
9025,315743.3718373282
9026,327789.3154426705
9027,267797.0612037359
9028,246642.50672332384
9029,275584.5531905368
9030,385994.9475874649
9031,356381.4812691882
9032,329813.69440240413
9033,368166.2729354352
9034,457374.22931882367
9035,469731.9708020855
9036,466936.8462873474
9037,466576.24124902114
9038,433720.3147527622
9039,352045.53614613414
9040,334705.4938580813
9041,353816.12666299567
9042,341683.56616637483
9043,225909.00290208939
9044,222013.6636543423
9045,222013.6636543423
9046,222013.6636543423
9047,235527.46958193183
9048,427465.2492717486
9049,454444.1219949946
9050,461389.18910209276
9051,546264.7025845847
9052,739808.0651694833
9053,492159.79937952943
9054,592728.7035791847
9055,579322.7251966745
9056,666566.150011953
9057,975935.379266771
9058,1016062.6275988296
9059,1273814.8518878734
9060,1012748.9739607126
9061,340565.2218426487
9062,332005.7958594337
9063,315343.4901101161
9064,250818.46321244538
9065,363258.28221461177
9066,768602.8662150204
9067,759602.0802777708
9068,762593.1546148062
9069,503477.5595595911
9070,747954.3365849108
9071,746172.2956971303
9072,836420.247260049
9073,928680.8562712073
9074,1143575.397326582
9075,1108198.9501495808
9076,806590.0701088668
9077,409083.5955517574
9078,362182.74385041
9079,425501.7392228395
9080,702372.0567502975
9081,684947.7576778606
9082,674282.7286090122
9083,405514.71728731133
9084,281408.1278207982
9085,520259.8839430958
9086,557018.9613347612
9087,475319.71459705755
9088,491086.69048465043
9089,575843.3740500729
9090,594423.7353735026
9091,607109.7991634835
9092,417676.45224554464
9093,410474.92252317443
9094,738648.0268996591
9095,781770.411285176
9096,696532.8081899285
9097,695155.386879243
9098,544346.3710004874
9099,523286.2916313596
9100,524642.221743241
9101,295526.08895535767
9102,233729.220604714
9103,223699.22680233524
9104,239802.434860342
9105,239957.60133131547
9106,256202.42217558064
9107,232308.29994760826
9108,243743.69384903833
9109,226136.45070527866
9110,190563.71224064007
9111,190544.1064501591
9112,198982.63226547092
9113,216527.5968041066
9114,216521.41440682113
9115,226372.48723409255
9116,260338.80159880314
9117,327127.61114693363
9118,420225.9655636259
9119,518520.4114455659
9120,478060.57408796996
9121,478060.57408796996
9122,478014.5726349026
9123,376719.00086637586
9124,353050.58402803726
9125,347172.90163836535
9126,310806.5529302339
9127,266726.8560311608
9128,246286.46672151424
9129,281267.55572038144
9130,319125.2222706601
9131,251007.6228144504
9132,250027.91908077896
9133,250027.91908077896
9134,265610.55921547674
9135,305969.3635047111
9136,346325.2124188319
9137,429378.7470040154
9138,422205.2143626269
9139,362743.4098068164
9140,258050.92500796402
9141,258511.2280472163
9142,225662.44505042117
9143,202797.7630950883
9144,204689.4129170021
9145,211390.65845628642
9146,221209.73946263734
9147,230253.75274124742
9148,369680.15581801697
9149,747167.9465582343
9150,1036117.2832461987
9151,1006060.6690878682
9152,856077.373445312
9153,489522.11370740214
9154,587998.5613601524
9155,694472.258741267
9156,703197.7676545978
9157,877125.9720175527
9158,1037076.2440885177
9159,1243767.5321325148
9160,693629.8242057413
9161,340520.910304755
9162,353327.60775802284
9163,374456.9288473651
9164,391478.8118297439
9165,468595.43127025885
9166,689692.5593889141
9167,1024573.3576610163
9168,1061910.2284667417
9169,824313.6488534771
9170,845354.8735273727
9171,837733.9582995214
9172,896220.0338164228
9173,908719.4842004329
9174,1037816.8104789853
9175,994728.892017588
9176,435129.3833852117
9177,422005.2745349966
9178,383922.2533207559
9179,517812.8707822561
9180,745153.8804289782
9181,706969.7425070405
9182,665469.3527247128
9183,419170.9893739894
9184,326007.8141174698
9185,507884.3739123689
9186,563788.929043941
9187,428798.5107869785
9188,414820.3780378178
9189,580016.3845696533
9190,614897.8616156913
9191,491427.42289963923
9192,423081.83734341525
9193,469451.6723126536
9194,976624.2133009648
9195,973977.4489556709
9196,751214.4613323808
9197,686862.4226758741
9198,563783.0187976807
9199,543286.1806754991
9200,569808.2783842459
9201,276355.09944428504
9202,276355.09944428504
9203,264488.2789540291
9204,273970.91380156577
9205,241990.64401651546
9206,239652.28036713134
9207,241339.93338008085
9208,236684.1182258688
9209,194578.25396206975
9210,190537.15619655256
9211,186920.3797567701
9212,196402.462468897
9213,215578.00283659424
9214,219923.92563179502
9215,222368.67115665713
9216,216412.62377159885
9217,292977.5843389606
9218,453144.7871169811
9219,477183.8844892242
9220,478060.57408796996
9221,478060.57408796996
9222,455837.86398039386
9223,354724.71809300967
9224,351786.136728093
9225,351786.136728093
9226,324851.69910382875
9227,311904.0244317751
9228,250907.23566188477
9229,324842.56106866524
9230,285815.34670019895
9231,250027.91908077896
9232,250027.91908077896
9233,246954.36150706327
9234,224283.202066971
9235,296497.7572530855
9236,298989.2191602346
9237,300048.1381579364
9238,337220.4565154314
9239,299212.4265593067
9240,253420.59528195113
9241,243732.8872025311
9242,243878.94514393434
9243,200646.59443585202
9244,191506.3725906129
9245,250999.54435710236
9246,284225.8636753177
9247,289316.6801882237
9248,279732.41891530156
9249,523067.01640567277
9250,1015190.0188137791
9251,1020661.7181225605
9252,755158.607298281
9253,459714.21752101835
9254,467191.91414783197
9255,619749.6547712004
9256,713011.9786374683
9257,730693.2083525024
9258,826693.2283713445
9259,553757.6944159027
9260,386983.70390287973
9261,472180.2758336514
9262,452276.7795068426
9263,417161.63020682975
9264,416445.8407410495
9265,475571.31700565293
9266,681208.9190001888
9267,1522208.5769519033
9268,2049375.016636923
9269,1659606.187527962
9270,1141893.621904999
9271,850897.0795451469
9272,693919.8046131816
9273,704057.8512754887
9274,690238.4041530853
9275,762458.5507577695
9276,649634.4886104949
9277,545903.586405415
9278,470585.69771648943
9279,566777.8114382476
9280,748909.8327631354
9281,729117.4506231993
9282,522738.40963068604
9283,331280.6012838036
9284,331280.6012838036
9285,472871.3604907319
9286,510690.528446421
9287,394419.1262671682
9288,394406.8285087049
9289,489181.8718047589
9290,558289.6655561626
9291,414241.7876486853
9292,416048.4905659489
9293,423500.3649374144
9294,900217.2331639305
9295,968622.7282767892
9296,831354.3963453696
9297,774576.7838395633
9298,689973.282969052
9299,590156.5603454299
9300,649407.7331012506
9301,276355.09944428504
9302,276355.09944428504
9303,274253.68255382776
9304,238263.64252040163
9305,102028.99586981931
9306,148412.66569723806
9307,144160.56552800164
9308,108555.21149433404
9309,143043.91016503423
9310,183867.2257516533
9311,190593.12860828266
9312,199872.9537408892
9313,199848.24765024212
9314,214266.3203102815
9315,221043.32871069573
9316,225241.19495070167
9317,264535.1196777364
9318,338012.4865416591
9319,476782.4302467177
9320,477934.7431068394
9321,474030.6171953308
9322,422953.1468008049
9323,351786.136728093
9324,353144.7062755944
9325,348626.1427319036
9326,276017.4124228116
9327,290760.072844781
9328,303140.87498575053
9329,336370.0671738563
9330,272128.77327191713
9331,183041.56226828322
9332,150709.22362899035
9333,120815.68415605836
9334,114578.31606786698
9335,202738.44124921784
9336,298759.198633786
9337,298889.2640162958
9338,298657.68915697956
9339,293147.43549132533
9340,290669.931243293
9341,224937.37595337816
9342,187729.28869966045
9343,147499.7459258046
9344,211472.1797764044
9345,322146.18411350995
9346,270788.626268588
9347,238832.7089380473
9348,291074.1069371775
9349,291074.0219109617
9350,607507.8787039723
9351,738501.7842950877
9352,738571.6949764639
9353,364907.04069207143
9354,341848.6016778257
9355,403563.82022670284
9356,591887.4088456929
9357,679795.0492567718
9358,673304.3754451722
9359,688645.4607861275
9360,887536.3789851014
9361,876748.0110959504
9362,590519.0828369192
9363,450593.7668154575
9364,466372.5205672734
9365,588485.6959555848
9366,896320.1974631175
9367,1747239.0432696715
9368,2526799.1810596315
9369,1809587.5276651978
9370,1484433.398023518
9371,846885.688128043
9372,608372.8681541085
9373,426545.94204747677
9374,367182.8285151273
9375,631411.0212363675
9376,766989.9371073544
9377,870572.5641261786
9378,491669.41595691827
9379,457595.1745797917
9380,709128.33189986
9381,722732.2890908606
9382,544802.2568483837
9383,333287.6761583099
9384,331684.9274869212
9385,611492.1213500777
9386,653449.363364608
9387,556106.2357938178
9388,394754.33780655265
9389,423980.5040359404
9390,414236.998869285
9391,392419.8494938724
9392,399059.97738302127
9393,375144.3384311041
9394,456762.72780490667
9395,895794.5060844533
9396,908131.5994164348
9397,878018.4639853695
9398,785488.452054631
9399,575919.7442808428
9400,536080.5878361538
9401,275953.44307626784
9402,265691.325188756
9403,264996.23690147884
9404,94738.3710307125
9405,45461.88893272728
9406,40518.49293740187
9407,55862.06155731063
9408,51230.32472939277
9409,52157.50220694509
9410,64359.80172992498
9411,102730.48552161455
9412,169182.11241903424
9413,205454.29313749727
9414,209336.96407512866
9415,215081.56835020334
9416,212900.43342712673
9417,212836.18669531425
9418,225487.7154288853
9419,415080.82992147235
9420,463159.3261316379
9421,339138.5527783856
9422,250402.64431805536
9423,275376.3890552744
9424,296710.6462770514
9425,259423.25625666976
9426,254181.4625702724
9427,255459.55168040097
9428,292852.9858474145
9429,150539.27992474026
9430,122246.98339765333
9431,115976.09585044673
9432,114611.6255458463
9433,114567.83943188936
9434,114564.78436052776
9435,114937.71103794547
9436,176990.80098054674
9437,286126.8661042667
9438,293942.72571530147
9439,231947.49439472542
9440,279111.44636876136
9441,254248.5329099521
9442,147103.70499134902
9443,210427.06343463808
9444,309654.3497309101
9445,304600.8711615503
9446,272347.6185585307
9447,291279.1736143939
9448,292665.6138529347
9449,292569.9988165061
9450,613417.2214157823
9451,739653.6836743541
9452,738690.6735620042
9453,528049.5453521903
9454,342014.3542860262
9455,433117.99862732366
9456,603224.2263575643
9457,673289.2829041928
9458,673304.3754451722
9459,729940.790868096
9460,917348.2908797562
9461,916080.8432228295
9462,857582.5804666593
9463,549204.809454076
9464,458630.56469112635
9465,476024.1132260356
9466,966106.3723987304
9467,1508844.4572815625
9468,1552459.4309712704
9469,1217570.4783320017
9470,755132.8755585104
9471,571642.2222285913
9472,586537.4851157106
9473,550503.3604315724
9474,750005.2298029885
9475,768780.2043206068
9476,888969.3328908724
9477,974567.5628242361
9478,598602.4216431966
9479,171076.89172721002
9480,281516.9610491395
9481,642475.5930801146
9482,701836.3506178455
9483,1185703.2544021346
9484,1309913.3710738346
9485,861769.4725892828
9486,656649.0622543432
9487,537280.6522077606
9488,444483.8108720137
9489,370525.58672919124
9490,384651.0511628054
9491,397811.24727578834
9492,403558.3709972515
9493,398055.3502904632
9494,389603.94716143096
9495,601488.5321360966
9496,775032.5936947092
9497,856356.8841564897
9498,643413.3883481473
9499,366528.026558878
9500,354601.07546495553
9501,203195.88574324455
9502,171633.87875389028
9503,123416.73634190485
9504,57376.962198221125
9505,42134.847692983225
9506,30848.960518979584
9507,21348.59622663952
9508,22448.0999913672
9509,25234.461623643525
9510,38198.583807373885
9511,21557.06300138682
9512,25085.846549656708
9513,147925.17145778457
9514,152694.7583574385
9515,213130.5702794122
9516,201894.30582144856
9517,175707.57248994056
9518,207357.08220182732
9519,191145.67203471868
9520,267007.8725793073
9521,200726.8016084844
9522,232260.130114228
9523,260203.08085980266
9524,260220.10722853988
9525,260220.10722853988
9526,260220.10722853988
9527,260220.10722853988
9528,246886.12676757714
9529,121551.83213248255
9530,114581.71068053693
9531,114580.47820166498
9532,114584.53988856758
9533,114581.71068053693
9534,114538.03356645815
9535,111617.59988482483
9536,106313.15774291675
9537,98694.18667068472
9538,109965.00847381819
9539,133259.5343901831
9540,239543.06137132505
9541,204680.78020056104
9542,270701.9121742132
9543,324707.6276567071
9544,315593.1615401604
9545,315674.94921887014
9546,304971.37856601365
9547,276888.74922582135
9548,292304.0012116805
9549,292690.45841787104
9550,615164.9227399477
9551,745616.2684266865
9552,741681.3716184227
9553,661187.5803986599
9554,355723.8761231578
9555,383699.5460850041
9556,582353.1059630029
9557,673275.258950606
9558,673304.3754451722
9559,752552.0110908523
9560,917348.2908797562
9561,917348.2908797562
9562,917348.2908797562
9563,444451.69859936833
9564,276740.5185245499
9565,278277.500494197
9566,292686.8853703812
9567,770470.3033680525
9568,1084356.8569183224
9569,1176749.1824789084
9570,599721.317996527
9571,467104.2617612565
9572,436151.2760145534
9573,585780.2887344733
9574,579058.1791401729
9575,492383.2770300149
9576,661506.4176497998
9577,883626.2665536953
9578,286424.34557891265
9579,181511.71233031154
9580,181511.71233031154
9581,590385.0819711778
9582,759729.4082261384
9583,1182103.4317915048
9584,980138.870509237
9585,782062.9123982568
9586,401455.7525586542
9587,383934.49343934655
9588,422447.9426198229
9589,381772.45510741224
9590,463651.9463707205
9591,452139.04231740907
9592,395581.2937077135
9593,398119.69507639855
9594,439372.84555836115
9595,664521.8784029186
9596,664521.8784029186
9597,631001.348201951
9598,551289.1915436462
9599,437136.7043923363
9600,366783.2903934738
9601,81003.70681755978
9602,59746.576785326004
9603,54696.67229547072
9604,55359.677683460555
9605,48458.26258314689
9606,21896.18929125811
9607,21674.192216271535
9608,35309.24354461394
9609,23407.497871293745
9610,21875.319423581008
9611,20913.601801147684
9612,20892.596774592996
9613,20543.474660845473
9614,122071.18771113968
9615,198944.48323295824
9616,195545.78316203784
9617,195483.27930981293
9618,210166.41130713373
9619,210166.41130713373
9620,210197.45248473622
9621,210141.84926932538
9622,218941.57468432933
9623,259973.5857960624
9624,260173.9668475613
9625,260202.7511769235
9626,260220.10722853988
9627,260220.10722853988
9628,247183.65537074278
9629,129337.52873186022
9630,114581.71068053693
9631,114578.31606786698
9632,114581.71068053693
9633,114581.71068053693
9634,114564.88391400874
9635,114555.37589725276
9636,121121.48888013884
9637,105002.39706966653
9638,80974.49588616937
9639,200009.03533055377
9640,331185.70223480556
9641,355813.98802511825
9642,375917.4289156506
9643,330254.3664992391
9644,325322.16027551144
9645,329702.5333488411
9646,325501.7192483307
9647,369180.7297891285
9648,332232.87126129866
9649,325369.27593606943
9650,658327.8559434162
9651,739577.2606236041
9652,739412.5950508546
9653,714582.5995759964
9654,403080.8290342521
9655,485321.8158965409
9656,627245.1288962134
9657,656154.3593075722
9658,660456.519702306
9659,677051.2961201966
9660,858440.6200497337
9661,917153.910073939
9662,909419.4694321435
9663,315128.51862125937
9664,276740.5185245499
9665,276740.5185245499
9666,276740.5185245499
9667,397334.1771414131
9668,738029.6289871355
9669,769515.1492286026
9670,658794.4327961411
9671,570827.029418692
9672,431729.4453115165
9673,434780.6270965189
9674,376935.38362528384
9675,449466.75162989926
9676,514602.36258379
9677,729911.433359351
9678,597969.5723828226
9679,267445.1197923124
9680,181511.71233031154
9681,495165.58255430683
9682,649924.6051963996
9683,449920.7607188858
9684,445208.470092386
9685,458236.87593669817
9686,373990.2430591602
9687,382562.3828549981
9688,441393.93135472666
9689,573521.2887971208
9690,701758.4938643103
9691,530195.2346163035
9692,247904.77294902003
9693,241825.36653310806
9694,460979.7158855349
9695,664521.8784029186
9696,664398.006168078
9697,580508.9149400555
9698,551227.5305405515
9699,534514.2966028377
9700,412311.0563487485
9701,49926.04859409109
9702,56508.23763777688
9703,53972.818535815924
9704,55028.54425842222
9705,57858.30057801411
9706,23799.56219865894
9707,21031.953868126497
9708,21264.436508136132
9709,21116.06206980336
9710,20895.463325134304
9711,20892.596774592996
9712,27626.798919585533
9713,27804.929197568446
9714,24930.95662765391
9715,54933.087649244815
9716,53368.01113723838
9717,139352.59230782627
9718,206649.51411721949
9719,245070.1788333133
9720,285796.05344362394
9721,210116.37010145187
9722,209930.66874326835
9723,241923.65520741604
9724,260066.43307553045
9725,260134.21190526336
9726,260220.10722853988
9727,260219.11741050426
9728,209246.36303481332
9729,124130.64114908964
9730,119709.80865951069
9731,114581.71068053693
9732,114581.71068053693
9733,114581.71068053693
9734,114581.71068053693
9735,114550.56486473233
9736,123461.17109549203
9737,88920.3839514053
9738,87375.51833024621
9739,172654.7088270262
9740,353192.528506726
9741,350529.7485251846
9742,355810.4956332445
9743,354722.65150948474
9744,368778.71201117715
9745,399044.93194583245
9746,529363.5033797882
9747,543161.6371697485
9748,558789.6907680053
9749,600674.3835668787
9750,781969.3148107249
9751,766652.8459895924
9752,679445.919750711
9753,557753.3659540527
9754,553170.986455135
9755,577488.552836597
9756,610665.2571364455
9757,594379.3163219693
9758,615779.6315114126
9759,615784.9263417423
9760,617170.1717810516
9761,678897.7435519453
9762,652301.1953639966
9763,322547.52905790135
9764,276740.5185245499
9765,276510.35480917245
9766,286339.2574425917
9767,381588.472537179
9768,739535.7916466992
9769,743969.2227720469
9770,819953.0713673085
9771,799329.3624506771
9772,495555.88951829076
9773,449936.27765086107
9774,441411.1724474258
9775,581548.1845752299
9776,667316.2849792258
9777,796105.4707813337
9778,805650.8314734106
9779,513023.66962660756
9780,222610.3042100221
9781,431171.20997044817
9782,482170.94969190937
9783,518750.6373115741
9784,1121697.3074453734
9785,750602.6800815314
9786,660496.3228042331
9787,473204.4721879814
9788,547786.9822655991
9789,749963.3589928676
9790,726663.0162125984
9791,457795.50130944443
9792,236817.25143239647
9793,259260.22737516463
9794,289414.8471147837
9795,561374.1236412385
9796,437595.9847148657
9797,301199.51787395106
9798,347516.45613498613
9799,413293.44848046824
9800,188499.53752491204
9801,52934.4297347432
9802,56502.32086170837
9803,56508.23763777688
9804,56525.95529525727
9805,56702.42899336666
9806,28517.16214118991
9807,20917.686269193888
9808,28505.293436773587
9809,29610.516764305066
9810,20892.596774592996
9811,25523.26227403246
9812,105344.94288046658
9813,141150.32542777644
9814,74121.94571665535
9815,37569.78312713397
9816,39819.39190818835
9817,75657.24526982382
9818,189626.81284470716
9819,251813.24934426975
9820,300273.06118369824
9821,210022.20351369306
9822,210008.76109726727
9823,224556.64279643307
9824,258835.21755258716
9825,260212.78860371537
9826,260168.0379957594
9827,221433.12386176642
9828,122796.19216446849
9829,126219.21141089237
9830,134220.06088803688
9831,128611.9557210058
9832,117345.24482644722
9833,114581.71068053693
9834,114581.71068053693
9835,104184.76172843843
9836,82558.8582506253
9837,86905.31156776054
9838,87375.51833024621
9839,90061.14438666473
9840,203170.72357599437
9841,228310.30867177993
9842,355810.4956332445
9843,351835.32888462394
9844,365867.4122926467
9845,462287.4111202061
9846,544564.6689770506
9847,590922.2168565057
9848,649814.2918825662
9849,724034.8137445552
9850,811421.1314466596
9851,814427.3351997063
9852,667202.9016262246
9853,577488.552836597
9854,577488.552836597
9855,577330.4760704488
9856,573606.4409049135
9857,610333.141263674
9858,615784.9263417423
9859,615784.9263417423
9860,615784.9263417423
9861,615784.9263417423
9862,487699.93080224097
9863,275190.24751884304
9864,280673.1015264122
9865,297579.7175734453
9866,316121.67372591747
9867,346562.59814940393
9868,472198.2184073031
9869,727318.1928634397
9870,730612.7489401102
9871,628518.7079604734
9872,360162.5063474402
9873,382201.97807425633
9874,415956.18603161164
9875,641411.2670651451
9876,830073.8036354668
9877,1415231.132845629
9878,1291511.0768760124
9879,754125.0858541131
9880,432866.79277107446
9881,359907.46256271563
9882,426332.50648327917
9883,412523.2373799614
9884,1541911.9310166058
9885,1480626.145397365
9886,855787.4267808124
9887,986828.5975148169
9888,753087.8406934682
9889,676064.1486975141
9890,668507.4585237782
9891,487520.51714722905
9892,249244.95133053977
9893,281132.1461812266
9894,262529.0153019817
9895,266912.1989175803
9896,299285.45900751534
9897,300192.6109267995
9898,300192.6109267995
9899,239794.95101451967
9900,179692.11191161163
9901,55478.03898095898
9902,56349.86631612107
9903,56506.80054553226
9904,56651.23367621377
9905,57102.24175523594
9906,32124.21673823893
9907,20892.596774592996
9908,35005.51615734864
9909,37083.04763284419
9910,61458.380798727274
9911,128707.64119614661
9912,153071.0806067437
9913,89267.4607504867
9914,85761.1677725563
9915,119741.35731639154
9916,43958.42179518106
9917,62867.72010269016
9918,218462.35221560695
9919,347948.947031613
9920,493325.39619110106
9921,349988.434388123
9922,210742.30614326627
9923,230477.4314862257
9924,428789.8385232957
9925,434593.5649723932
9926,223624.56867253734
9927,138313.68046469486
9928,131289.21609559655
9929,131289.21609559655
9930,131333.80243002326
9931,132319.06163332122
9932,133082.96631915309
9933,132037.62484382303
9934,128265.18252523057
9935,96904.65171700623
9936,22985.852115299465
9937,75464.69198005274
9938,118206.2359924037
9939,87375.51833024621
9940,87375.51833024621
9941,136387.9672667645
9942,293404.0197580736
9943,330637.1607974535
9944,406810.24024271965
9945,555542.8843984022
9946,617315.6095428597
9947,652029.8637135483
9948,753862.0365695134
9949,814524.6307319328
9950,814570.0159888193
9951,814593.9916021451
9952,679925.928343825
9953,577488.552836597
9954,577488.552836597
9955,577488.552836597
9956,529250.7781999577
9957,511157.43071390316
9958,534477.0188923106
9959,600235.2238388583
9960,615664.1285673679
9961,615784.9263417423
9962,590836.7162468496
9963,333380.5977715356
9964,308991.7171584212
9965,309547.1067680307
9966,321304.246922493
9967,344212.94542591274
9968,408964.4535080679
9969,601304.068370559
9970,644031.1885023811
9971,379095.4266392542
9972,318880.77690178156
9973,320441.78907585144
9974,351976.8876377437
9975,547489.5059071259
9976,1457003.3637725792
9977,1568504.5503540784
9978,1542177.7252572281
9979,911065.4187327549
9980,665076.6171257673
9981,502165.79997198377
9982,460531.6272500474
9983,458460.6522561088
9984,1104718.7210991308
9985,1320050.534002632
9986,1161434.7763522295
9987,1107479.0870411552
9988,354029.79741337895
9989,550386.6599087277
9990,577094.1054746062
9991,430087.31724943826
9992,353381.94885614736
9993,235609.0028845556
9994,213953.34390204865
9995,272296.316701008
9996,334591.97023469605
9997,369655.08825378865
9998,363121.95900993794
9999,224660.69961408246
10000,177456.7157819504
