timestamp,square_id,actual,persistence,daily_seasonal_naive,weekly_seasonal_naive,ar_prediction,lstm_prediction,tcn_prediction
2013-12-16 00:00:00+0100,5161,346.4602656364441,346.1808357834816,617.8548440687591,317.95997421222273,360.6392413680356,260.42908,358.48035
2013-12-16 00:10:00+0100,5161,335.47937023529084,346.4602656364441,518.4886106690974,395.8454627394676,340.4037885259199,242.43628,336.1411
2013-12-16 00:20:00+0100,5161,321.91082763671875,335.47937023529084,502.6976413864759,346.2423429489136,314.6603118066049,233.05237,317.88098
2013-12-16 00:30:00+0100,5161,286.60002294927835,321.91082763671875,423.2685794446734,297.6806684274343,293.6860146583096,228.12415,306.52136
2013-12-16 00:40:00+0100,5161,299.6621978718904,286.60002294927835,399.1672607776127,232.7399530846742,279.15256050383545,217.94287,282.65674
2013-12-16 00:50:00+0100,5161,247.85450744628903,299.6621978718904,370.3970816571382,252.485859580338,287.86588738441134,219.69946,286.10437
2013-12-16 01:00:00+0100,5161,235.4923522908357,247.85450744628903,333.70284019300016,238.67728380858895,255.97898546326832,208.53076,256.34766
2013-12-16 01:10:00+0100,5161,268.6986389160156,235.4923522908357,319.2124539729557,253.9409879882005,243.50406406482213,198.823,246.96375
2013-12-16 01:20:00+0100,5161,252.07262668013573,268.6986389160156,328.19090670126025,225.68031511455771,247.78332095571255,208.18933,261.46838
2013-12-16 01:30:00+0100,5161,218.3795745808748,252.07262668013573,307.716668050969,197.4248896081117,240.43205086271206,215.02551,255.67505
2013-12-16 01:40:00+0100,5161,231.682373046875,218.3795745808748,280.9683756508166,211.3418390750885,229.9243503409266,210.13196,237.42578
2013-12-16 01:50:00+0100,5161,209.62327575683597,231.682373046875,297.24446922540665,216.9939814049867,240.8862560944527,212.74792,246.25806
2013-12-16 02:00:00+0100,5161,209.1171081502107,209.62327575683597,296.80919007846387,240.32465720176697,216.57420501621493,209.41956,237.82825
2013-12-16 02:10:00+0100,5161,235.20217695832253,209.1171081502107,275.2043762207031,196.9717712402344,207.43526441315234,208.19434,238.37305
2013-12-16 02:20:00+0100,5161,214.242672725406,235.20217695832253,295.9655848283437,203.81460218020948,226.7193784986253,219.0282,238.82715
2013-12-16 02:30:00+0100,5161,207.96501111984253,214.242672725406,288.80578258633614,204.0174719099305,212.6710120468003,221.71204,243.60657
2013-12-16 02:40:00+0100,5161,218.9016876220703,207.96501111984253,261.1806669559446,174.18658584356308,218.150322482128,221.53784,242.38342
2013-12-16 02:50:00+0100,5161,192.5211761433748,218.9016876220703,364.0741241414216,201.2137384850648,226.30471317638256,226.01294,240.92395
2013-12-16 03:00:00+0100,5161,199.50375366210935,192.5211761433748,311.5498350437847,187.0758026082185,198.73225518338927,220.96863,237.69312
2013-12-16 03:10:00+0100,5161,205.0874786376953,199.50375366210935,293.97247008868726,180.6163482666016,205.00341658903642,219.48938,238.04651
2013-12-16 03:20:00+0100,5161,198.84103087970288,205.0874786376953,271.569163566106,199.9658203125,199.7445069244759,221.68408,234.79382
2013-12-16 03:30:00+0100,5161,199.2838648535544,198.84103087970288,252.2216339111328,188.24230989592616,190.4391332192551,222.0597,223.21912
2013-12-16 03:40:00+0100,5161,209.12245178222656,199.2838648535544,242.8067260660464,179.6667444705963,202.03022065029137,222.90906,213.33472
2013-12-16 03:50:00+0100,5161,184.2607879638672,209.12245178222656,245.7686401285464,195.5605278451112,208.5947947464136,227.78308,207.22498
2013-12-16 04:00:00+0100,5161,201.11851501464844,184.2607879638672,236.2476013142732,187.68079376220703,189.48009905643175,222.9325,191.1593
2013-12-16 04:10:00+0100,5161,209.11014611908467,201.11851501464844,220.81198120117188,175.36310409381986,205.8118531521563,224.99146,189.71814
2013-12-16 04:20:00+0100,5161,183.4329833984375,209.11014611908467,274.60772705078125,210.97166852542432,208.8163132794986,230.61658,187.67249
2013-12-16 04:30:00+0100,5161,199.95718894788297,183.4329833984375,239.82627563067945,176.3389526285464,184.03963207519192,225.62207,174.9596
2013-12-16 04:40:00+0100,5161,200.83169201016423,199.95718894788297,224.39930883795023,169.58931255340576,197.83516163159103,227.21777,180.1134
2013-12-16 04:50:00+0100,5161,179.14809875079663,200.83169201016423,242.96359252929688,189.11650948115857,202.10596657367466,229.64136,188.46411
2013-12-16 05:00:00+0100,5161,210.1460418701172,179.14809875079663,221.03520165383816,184.41405367851257,188.75157875451043,223.5376,171.7644
2013-12-16 05:10:00+0100,5161,205.14393004553855,210.1460418701172,230.1690826416016,190.59542283415797,206.01840072864653,229.9049,179.80713
2013-12-16 05:20:00+0100,5161,189.9265353679657,205.14393004553855,224.5316452596453,197.26499384641647,208.47796556919724,234.26086,197.81128
2013-12-16 05:30:00+0100,5161,202.2359619140625,189.9265353679657,222.76653005072149,219.96926912444175,196.87933460643524,231.52722,187.51685
2013-12-16 05:40:00+0100,5161,209.5828063923982,202.2359619140625,230.7101788520813,177.67964243888855,209.37140758060264,233.43372,185.31348
2013-12-16 05:50:00+0100,5161,187.69508520513773,209.5828063923982,264.28102590033086,238.15481929370435,214.52964399929937,238.13232,191.104
2013-12-16 06:00:00+0100,5161,199.13739475910552,187.69508520513773,232.15657943487167,204.31411437579663,193.06700191575084,233.67065,184.78625
2013-12-16 06:10:00+0100,5161,207.14259191491877,199.13739475910552,233.92330932617188,200.3204532105592,208.2997437454586,233.7096,188.37659
2013-12-16 06:20:00+0100,5161,193.52405123302012,207.14259191491877,241.91744995117188,238.4849838018417,212.78731910674784,237.30469,200.36609
2013-12-16 06:30:00+0100,5161,233.35506562778028,193.52405123302012,253.59950733184812,211.10610656329663,198.95298121612237,235.2323,207.90186
2013-12-16 06:40:00+0100,5161,318.2608933065203,233.35506562778028,242.0834594644839,204.81518745946232,227.40377800737116,247.99426,231.20337
2013-12-16 06:50:00+0100,5161,289.03190554567846,318.2608933065203,270.68292140960693,236.59728087153053,289.289201433293,290.94263,277.0912
2013-12-16 07:00:00+0100,5161,270.349063873291,289.03190554567846,246.90765233972343,291.5711977619794,291.07671489544924,314.38257,267.84265
2013-12-16 07:10:00+0100,5161,247.37620861828327,270.349063873291,261.5444894731045,269.6608068943024,296.9390456507584,321.58984,284.03064
2013-12-16 07:20:00+0100,5161,269.40009347349405,247.37620861828327,279.1737778239185,278.50154557824135,280.9723134296143,315.6985,284.33643
2013-12-16 07:30:00+0100,5161,277.75619173049927,269.40009347349405,267.331536857062,298.22158193588257,281.243525841521,317.66064,314.90222
2013-12-16 07:40:00+0100,5161,299.50862015452003,277.75619173049927,276.85343272873433,345.15764824301004,283.0571543893035,322.7422,322.7202
2013-12-16 07:50:00+0100,5161,318.2389877587557,299.50862015452003,280.8197326660156,337.1895883519319,314.986409551817,334.76892,356.9359
2013-12-16 08:00:00+0100,5161,395.3235400468111,318.2389877587557,268.5918377637863,476.73783044319134,332.4806444071876,351.1875,383.86792
2013-12-16 08:10:00+0100,5161,432.19434482604265,395.3235400468111,298.42534616589546,408.7222949656425,383.4243848477696,392.82153,446.95886
2013-12-16 08:20:00+0100,5161,419.6881964009372,432.19434482604265,330.8031519841752,514.8056075480999,444.9541052553673,439.8446,484.24768
2013-12-16 08:30:00+0100,5161,572.1271346487338,419.6881964009372,353.7738959148992,526.7978237409261,469.8270937242199,468.9795,513.0577
2013-12-16 08:40:00+0100,5161,695.2920494013233,572.1271346487338,453.2498204227886,698.7389263425139,586.4122748563108,546.63544,623.88403
2013-12-16 08:50:00+0100,5161,704.8020488757757,695.2920494013233,440.5480621144525,792.2706194967031,666.086425186817,656.8214,709.5603
2013-12-16 09:00:00+0100,5161,789.2132026883774,704.8020488757757,478.7310410875944,684.2131460681558,721.9415429183304,743.1522,790.99384
2013-12-16 09:10:00+0100,5161,869.7986212518881,789.2132026883774,506.2751587734092,849.7740993712214,828.2663035625603,834.6594,908.1666
2013-12-16 09:20:00+0100,5161,834.4705630962271,869.7986212518881,694.0864592779544,864.7549764800933,875.9011846107529,931.23236,1013.09827
2013-12-16 09:30:00+0100,5161,946.5521233145264,834.4705630962271,641.4094671409694,829.9467324227444,873.3714637132603,982.61017,1034.104
2013-12-16 09:40:00+0100,5161,943.6082969040144,946.5521233145264,721.6056113593513,924.3561449613773,984.6643202974785,1055.3325,1127.2314
2013-12-16 09:50:00+0100,5161,961.7044561978546,943.6082969040144,907.7251994691906,1081.2376886588754,1051.0550135574429,1103.6869,1150.0737
2013-12-16 10:00:00+0100,5161,1011.9496034830808,961.7044561978546,1114.594672961044,1227.2158060956865,1072.736626515359,1137.0742,1210.8022
2013-12-16 10:10:00+0100,5161,947.5970437467332,1011.9496034830808,1228.5955784574617,1222.723703182768,1116.7468164522918,1174.4272,1238.6609
2013-12-16 10:20:00+0100,5161,1048.6560062818462,947.5970437467332,1423.197486447054,1411.2382857043413,1188.5343611695719,1169.1431,1224.271
2013-12-16 10:30:00+0100,5161,1179.4793917935458,1048.6560062818462,1654.0882962650503,1989.6625026613476,1242.5371512471145,1197.0688,1295.2336
2013-12-16 10:40:00+0100,5161,1383.9190951228377,1179.4793917935458,1956.6677261248697,1708.210446520534,1300.04611654578,1271.5159,1374.8779
2013-12-16 10:50:00+0100,5161,1328.7417570240796,1383.9190951228377,2178.82359727996,1852.7535570636392,1522.8866798412414,1412.1061,1513.5157
2013-12-16 11:00:00+0100,5161,1379.0597632825377,1328.7417570240796,2410.5361845545704,1988.0820989810163,1549.370642245631,1490.9727,1547.3411
2013-12-16 11:10:00+0100,5161,1550.8688936110702,1379.0597632825377,2694.756232764572,1964.107523596671,1612.0759164927122,1551.6156,1597.9655
2013-12-16 11:20:00+0100,5161,1559.0097491432098,1550.8688936110702,2692.7952534146607,2397.895690555917,1760.8978775252626,1655.5931,1710.373
2013-12-16 11:30:00+0100,5161,1864.4412668384607,1559.0097491432098,3070.390642219805,2260.8451190121705,1818.5320226553686,1728.0082,1745.993
2013-12-16 11:40:00+0100,5161,1848.0159941613676,1864.4412668384607,3627.385374497855,2480.8487193137407,2064.2192992866667,1894.8331,1941.3262
2013-12-16 11:50:00+0100,5161,1709.395735805505,1848.0159941613676,4001.855802806851,2701.784054709249,2106.7842655458076,2004.5315,1978.5725
2013-12-16 12:00:00+0100,5161,1961.1586788892744,1709.395735805505,3704.959649336,3042.143501918763,2009.4677726770187,2000.2054,1946.3263
2013-12-16 12:10:00+0100,5161,2086.6457171056536,1961.1586788892744,3940.878880350676,2974.84649265185,2125.7794757251327,2077.2615,2085.88
2013-12-16 12:20:00+0100,5161,1910.0787205696104,2086.6457171056536,4146.152557067573,2903.1368230771623,2310.162844020083,2184.0735,2175.1008
2013-12-16 12:30:00+0100,5161,2116.087653160095,1910.0787205696104,4702.429396927357,3203.482488155365,2232.2923504220353,2176.34,2128.9988
2013-12-16 12:40:00+0100,5161,2292.7482134476304,2116.087653160095,4197.4839187130565,3222.116314975196,2309.749789941604,2234.2842,2243.9429
2013-12-16 12:50:00+0100,5161,2109.00940990448,2292.7482134476304,4313.297506928444,3078.2804084569216,2459.4578095618144,2348.6309,2336.2722
2013-12-16 13:00:00+0100,5161,2360.4445818960667,2109.00940990448,4521.218095306307,3505.7679437451297,2352.808219663573,2347.545,2330.7637
2013-12-16 13:10:00+0100,5161,2505.1449072983232,2360.4445818960667,4276.979574834928,3160.8877549543977,2501.635612578154,2428.9668,2482.3843
2013-12-16 13:20:00+0100,5161,2585.237919911742,2505.1449072983232,4215.811088315037,3734.7728602316342,2719.5059013426544,2546.5176,2552.1143
2013-12-16 13:30:00+0100,5161,2969.49118283391,2585.237919911742,4585.126202876505,3456.371974688431,2755.7713975632873,2654.2148,2699.2866
2013-12-16 13:40:00+0100,5161,3057.3300635814667,2969.49118283391,4331.675766026485,3440.243894930929,2994.17299383081,2872.6875,2892.8997
2013-12-16 13:50:00+0100,5161,2938.055849298835,3057.3300635814667,4647.472812656546,3618.858078122139,3137.9461759725273,3053.0405,2992.839
2013-12-16 14:00:00+0100,5161,2866.0697467289865,2938.055849298835,4314.49494897353,3394.5558057911694,3117.1937590658686,3102.8784,3028.892
2013-12-16 14:10:00+0100,5161,2798.730135753751,2866.0697467289865,4461.57812802383,3321.402214694768,3086.8435229487714,3077.2383,3008.8396
2013-12-16 14:20:00+0100,5161,2803.094330511987,2798.730135753751,4641.836149060749,3433.35287214705,3080.3969629187977,3016.0674,2955.6172
2013-12-16 14:30:00+0100,5161,2646.8399924077094,2803.094330511987,4657.426219926798,3996.081152064377,3030.1295810209704,2971.0352,2931.7275
2013-12-16 14:40:00+0100,5161,2462.657563470304,2646.8399924077094,4848.69882954174,3518.5361174941063,2843.7547806756193,2879.8267,2821.068
2013-12-16 14:50:00+0100,5161,2350.5299440845847,2462.657563470304,4774.550091847777,3350.2096201851964,2768.762034863411,2740.6658,2692.7285
2013-12-16 15:00:00+0100,5161,2328.2552805393934,2350.5299440845847,5094.702536772937,3353.4286125972867,2669.3829311206105,2599.268,2566.3987
2013-12-16 15:10:00+0100,5161,2480.4861855767667,2328.2552805393934,4900.985921062529,3593.060817831196,2553.611569325913,2498.1255,2510.9536
2013-12-16 15:20:00+0100,5161,2310.5578825362027,2480.4861855767667,4870.212882982218,3450.299761425704,2567.550745602305,2496.707,2546.9785
2013-12-16 15:30:00+0100,5161,2615.643416478124,2310.5578825362027,4977.6389506299165,3290.502706490457,2540.7145584271548,2437.414,2453.3452
2013-12-16 15:40:00+0100,5161,2538.4104779213667,2615.643416478124,5138.296318029636,3320.6372522551683,2694.6923008177246,2506.0586,2618.514
2013-12-16 15:50:00+0100,5161,2448.473700255156,2538.4104779213667,5059.0967372980085,3220.2751697290805,2700.4748435683623,2528.4526,2576.5205
2013-12-16 16:00:00+0100,5161,2772.0136646926403,2448.473700255156,5037.606168091297,3231.744538130996,2801.5225565900123,2494.6968,2575.9028
2013-12-16 16:10:00+0100,5161,2690.5194538746146,2772.0136646926403,5495.66310974583,3408.0668133348227,2873.3855326873554,2582.1843,2655.974
2013-12-16 16:20:00+0100,5161,2592.6479249436525,2690.5194538746146,5228.213708072901,3187.6295619271696,2801.8017079901088,2616.75,2695.861
2013-12-16 16:30:00+0100,5161,2785.391028440383,2592.6479249436525,5216.353439141065,2956.6041019558907,2801.627807601244,2590.8335,2681.1836
2013-12-16 16:40:00+0100,5161,2619.258759855118,2785.391028440383,4891.538451804605,3463.5615937624243,2903.248893959948,2635.2217,2727.978
2013-12-16 16:50:00+0100,5161,2633.5863296665484,2619.258759855118,4855.828825362027,3122.2015447616577,2814.8585553903804,2605.436,2686.0479
2013-12-16 17:00:00+0100,5161,2544.4758943021297,2633.5863296665484,5024.623289696872,3157.810699386173,2807.9993906308496,2579.6292,2673.039
2013-12-16 17:10:00+0100,5161,2674.036875410762,2544.4758943021297,5049.597528021783,3118.6732453107834,2696.7730894626225,2525.6038,2626.6973
2013-12-16 17:20:00+0100,5161,2557.1148941367865,2674.036875410762,4870.101089179516,2964.624510331836,2771.982472057425,2535.8506,2666.8608
2013-12-16 17:30:00+0100,5161,2391.7551046684384,2557.1148941367865,5109.131633702666,3050.649580937112,2683.985299389813,2505.3845,2594.5461
2013-12-16 17:40:00+0100,5161,2553.301686152816,2391.7551046684384,4830.62208366394,2808.974495823728,2509.5636086345744,2417.1772,2518.7446
2013-12-16 17:50:00+0100,5161,2696.6912469640374,2553.301686152816,4632.567171704257,2942.399228520051,2576.1330920948167,2411.896,2555.7456
2013-12-16 18:00:00+0100,5161,2386.3591151312,2696.6912469640374,4651.007828474045,2844.132604420185,2703.50147561068,2473.9692,2596.83
2013-12-16 18:10:00+0100,5161,2363.5815520584583,2386.3591151312,4238.470309466124,3190.8273325264454,2604.838473052241,2407.668,2458.6829
2013-12-16 18:20:00+0100,5161,2429.0902668498456,2363.5815520584583,4344.74887965247,3298.340826153755,2579.277446499673,2338.1387,2424.083
2013-12-16 18:30:00+0100,5161,2416.330785932776,2429.0902668498456,4521.734092614439,3014.8993870913982,2510.769734729877,2313.6428,2406.2742
2013-12-16 18:40:00+0100,5161,2332.4737288989127,2416.330785932776,4171.736446782947,2896.694212973118,2387.2146908876966,2299.652,2384.6868
2013-12-16 18:50:00+0100,5161,2197.7907793637714,2332.4737288989127,3998.057906876144,2403.4284917749465,2294.2097584023295,2262.1284,2297.0474
2013-12-16 19:00:00+0100,5161,2127.2326130064903,2197.7907793637714,3769.200293513772,2552.499110836536,2260.5878590596653,2183.7793,2179.0222
2013-12-16 19:10:00+0100,5161,2131.437070241954,2127.2326130064903,3586.2947301469976,2454.973622440186,2229.9479036343,2100.0642,2105.7837
2013-12-16 19:20:00+0100,5161,1931.281835240894,2131.437070241954,3689.5105619989336,2421.072681155056,2181.944446172156,2046.0239,2049.4275
2013-12-16 19:30:00+0100,5161,1857.6206101306016,1931.281835240894,3227.637445395463,2441.866730839014,2019.924312687487,1941.7856,1887.1528
2013-12-16 19:40:00+0100,5161,1720.8192969154916,1857.6206101306016,3015.9349183280137,2372.472842823714,1893.0823965639925,1841.405,1820.1296
2013-12-16 19:50:00+0100,5161,1719.8895411171252,1720.8192969154916,2572.910240020603,2110.3863886200124,1733.3958450949058,1726.7177,1692.2683
2013-12-16 20:00:00+0100,5161,1494.5802612304688,1719.8895411171252,2516.9482781205443,2018.1278113961453,1679.088347146574,1650.5566,1656.6101
2013-12-16 20:10:00+0100,5161,1387.2497441958983,1494.5802612304688,2467.77602542605,1706.8801408410072,1511.9988282916831,1526.8013,1491.3679
2013-12-16 20:20:00+0100,5161,1310.2693385779858,1387.2497441958983,2052.0832868888974,1786.988149559882,1412.690297698923,1402.5753,1380.7439
2013-12-16 20:30:00+0100,5161,1161.1025181673467,1310.2693385779858,1838.9320656061168,1724.0849400326842,1258.6193980011858,1293.8282,1293.2241
2013-12-16 20:40:00+0100,5161,1097.78901720047,1161.1025181673467,1492.3569933772087,1363.390592853364,1143.487258149515,1173.5364,1197.3451
2013-12-16 20:50:00+0100,5161,1052.0191261384753,1097.78901720047,1468.8189687728882,1208.850480556488,1077.2973689238574,1071.4963,1098.1807
2013-12-16 21:00:00+0100,5161,966.3624756340288,1052.0191261384753,1252.7515287835267,1070.4512834165362,1001.2585139456039,991.1869,1057.3396
2013-12-16 21:10:00+0100,5161,789.5047751803068,966.3624756340288,1153.8198126096397,1269.2037367426092,949.0679077878185,912.5953,975.4388
2013-12-16 21:20:00+0100,5161,889.2621611036593,789.5047751803068,1117.1543667316437,911.999233505514,869.5679414349297,801.1348,865.3015
2013-12-16 21:30:00+0100,5161,790.8689146913821,889.2621611036593,1081.65367102623,1163.3449238538742,916.8990502074661,755.7672,837.60834
2013-12-16 21:40:00+0100,5161,795.4713525984553,790.8689146913821,1042.9480239588884,1251.944438405335,783.1423973489573,702.4652,760.9076
2013-12-16 21:50:00+0100,5161,769.1046688556671,795.4713525984553,972.184854067862,749.9757533807424,777.1516072005181,669.2862,741.9013
2013-12-16 22:00:00+0100,5161,695.0575365126133,769.1046688556671,988.6887124518398,1104.5600905790925,767.4669066657748,642.75214,695.07574
2013-12-16 22:10:00+0100,5161,614.0003849342465,695.0575365126133,962.3027900829912,735.9486355781555,657.7811083269846,602.54846,662.77466
2013-12-16 22:20:00+0100,5161,642.0886544041568,614.0003849342465,698.7659947574139,599.9604115560651,612.2264299318215,547.5031,599.5339
2013-12-16 22:30:00+0100,5161,682.7366894025472,642.0886544041568,682.762465169304,510.0028079301119,589.7921545139043,521.069,594.1594
2013-12-16 22:40:00+0100,5161,582.5712958872318,682.7366894025472,580.8407558754552,485.58017831185134,621.4491298338218,526.14874,591.1827
2013-12-16 22:50:00+0100,5161,860.3829675465822,582.5712958872318,517.4075894469861,519.7008233070374,610.4903289597457,503.08624,557.03595
2013-12-16 23:00:00+0100,5161,633.4714399147779,860.3829675465822,528.2638434309629,619.576466396451,740.3030914506679,590.4745,635.3275
2013-12-16 23:10:00+0100,5161,543.3787638384965,633.4714399147779,532.6689639527467,667.1830057043699,623.8217350341517,587.96704,577.0943
2013-12-16 23:20:00+0100,5161,597.4092039305833,543.3787638384965,452.690993219614,492.0888917062548,545.32782078245,544.59564,528.72156
2013-12-16 23:30:00+0100,5161,610.5447117079166,597.4092039305833,438.2314453125,368.2917087078095,539.6380363145869,532.77576,534.7535
2013-12-16 23:40:00+0100,5161,333.7360539440415,610.5447117079166,394.4473719213274,338.84745245426893,555.5882051663503,538.2901,534.12427
2013-12-16 23:50:00+0100,5161,394.0917120393715,333.7360539440415,346.1808357834816,361.5020139653352,386.07274254394406,445.78564,381.9801
2013-12-17 00:00:00+0100,5161,417.165837675333,394.0917120393715,346.4602656364441,321.246198011213,374.3778733078342,395.422,394.17065
2013-12-17 00:10:00+0100,5161,311.1909091674024,417.165837675333,335.47937023529084,283.5748756963876,366.2046537822832,378.40198,385.9895
2013-12-17 00:20:00+0100,5161,445.86246674810536,311.1909091674024,321.91082763671875,269.9622014302877,296.51637293835375,336.0879,342.63916
2013-12-17 00:30:00+0100,5161,342.16658101865323,445.86246674810536,286.60002294927835,234.3920980371768,364.6529842147439,357.30774,374.56665
2013-12-17 00:40:00+0100,5161,318.0864276353386,342.16658101865323,299.6621978718904,297.9335042014718,351.2190900142195,345.63293,329.19128
2013-12-17 00:50:00+0100,5161,304.5793121297029,318.0864276353386,247.85450744628903,277.501916218549,313.11941180098313,327.2815,323.86768
2013-12-17 01:00:00+0100,5161,302.7649881727993,304.5793121297029,235.4923522908357,226.25292936712503,300.17959891622206,311.03015,304.4049
2013-12-17 01:10:00+0100,5161,232.73165893554688,302.7649881727993,268.6986389160156,282.7734754383564,305.32407545755507,301.4381,296.14185
2013-12-17 01:20:00+0100,5161,268.77480563521385,232.73165893554688,252.07262668013573,257.86285025207326,235.14701021474008,271.85535,251.68982
2013-12-17 01:30:00+0100,5161,226.48288122564557,268.77480563521385,218.3795745808748,213.0936838321504,244.6216804461055,263.75928,261.88818
2013-12-17 01:40:00+0100,5161,187.17807006835935,226.48288122564557,231.682373046875,177.86849559494294,230.78594497684503,247.09863,232.26135
2013-12-17 01:50:00+0100,5161,223.17185619473457,187.17807006835935,209.62327575683597,255.63413695880445,207.40857703384776,221.54504,215.14648
2013-12-17 02:00:00+0100,5161,234.3607482910156,223.17185619473457,209.1171081502107,202.1334855545429,204.7132582155129,217.44006,208.40564
2013-12-17 02:10:00+0100,5161,216.705078125,234.3607482910156,235.20217695832253,169.40472054481506,224.24704398156516,222.76111,216.07678
2013-12-17 02:20:00+0100,5161,229.82293701171875,216.705078125,214.242672725406,235.39459228515625,218.49249660677577,222.67908,203.86609
2013-12-17 02:30:00+0100,5161,209.51702880859372,229.82293701171875,207.96501111984253,197.1322021484375,221.319902580769,228.1753,209.64832
2013-12-17 02:40:00+0100,5161,183.13839721679688,209.51702880859372,218.9016876220703,193.9627685546875,227.12082316237456,226.30286,201.9845
2013-12-17 02:50:00+0100,5161,202.82635498046875,183.13839721679688,192.5211761433748,215.8475748002529,201.76989331857345,215.23206,192.396
2013-12-17 03:00:00+0100,5161,204.51138305664065,202.82635498046875,199.50375366210935,197.7018896713853,191.53061183338727,214.36963,192.58423
2013-12-17 03:10:00+0100,5161,173.6049041748047,204.51138305664065,205.0874786376953,170.36480871587992,198.67518675507267,216.38574,199.91968
2013-12-17 03:20:00+0100,5161,195.62657165527344,173.6049041748047,198.84103087970288,224.65426330157788,185.4154189416406,207.39783,186.55334
2013-12-17 03:30:00+0100,5161,199.5399902302888,195.62657165527344,199.2838648535544,206.94720458984372,190.38796358368518,208.67041,191.89404
2013-12-17 03:40:00+0100,5161,188.9645233154297,199.5399902302888,209.12245178222656,177.65283203125,202.72845564372346,212.86987,197.94312
2013-12-17 03:50:00+0100,5161,206.67401123046875,188.9645233154297,184.2607879638672,271.3110046386719,199.4711592135369,212.90552,198.92786
2013-12-17 04:00:00+0100,5161,213.54119873046875,206.67401123046875,201.11851501464844,199.0724334716797,197.68157636411775,219.5503,202.1018
2013-12-17 04:10:00+0100,5161,164.38319396972656,213.54119873046875,209.11014611908467,185.74604281783104,222.30727657681206,228.07312,206.85437
2013-12-17 04:20:00+0100,5161,205.71875,164.38319396972656,183.4329833984375,284.8129577636719,194.46987310719038,216.42725,203.02405
2013-12-17 04:30:00+0100,5161,189.83380126953125,205.71875,199.95718894788297,205.6805877685547,193.74679782224942,221.39954,208.51672
2013-12-17 04:40:00+0100,5161,165.30068969726562,189.83380126953125,200.83169201016423,198.1882751423982,196.5449684678154,221.37,206.58191
2013-12-17 04:50:00+0100,5161,211.25015258789065,165.30068969726562,179.14809875079663,238.008622802794,183.61248572829203,211.81372,210.79675
2013-12-17 05:00:00+0100,5161,207.73287963867188,211.25015258789065,210.1460418701172,210.8924053151277,198.38452012181068,221.43787,218.34448
2013-12-17 05:10:00+0100,5161,186.83726501464844,207.73287963867188,205.14393004553855,191.1696014404297,206.60392084036977,229.41333,221.33105
2013-12-17 05:20:00+0100,5161,212.570068359375,186.83726501464844,189.9265353679657,221.15599060058597,197.5492818058064,227.30713,219.87927
2013-12-17 05:30:00+0100,5161,199.1199951171875,212.570068359375,202.2359619140625,201.75530910491943,212.26163521245212,234.42505,230.8031
2013-12-17 05:40:00+0100,5161,189.68364111334083,199.1199951171875,209.5828063923982,213.70207858085632,214.58695383138388,235.6908,233.98486
2013-12-17 05:50:00+0100,5161,206.41656188556223,189.68364111334083,187.69508520513773,246.19755682349205,199.61764866683941,232.23364,234.99988
2013-12-17 06:00:00+0100,5161,199.144287109375,206.41656188556223,199.13739475910552,210.6618376959232,202.06322893300919,235.56299,236.65906
2013-12-17 06:10:00+0100,5161,175.57236352562904,199.144287109375,207.14259191491877,209.51753775030372,208.14157797365553,236.08618,241.89905
2013-12-17 06:20:00+0100,5161,211.89520543813703,175.57236352562904,193.52405123302012,246.43174743652344,194.10062178058234,227.30725,240.92798
2013-12-17 06:30:00+0100,5161,229.97295531409327,211.89520543813703,233.35506562778028,191.04633823037148,214.51211724749444,233.6156,260.74243
2013-12-17 06:40:00+0100,5161,222.11826781817945,229.97295531409327,318.2608933065203,230.9454410076141,235.64153457074235,246.69104,266.48938
2013-12-17 06:50:00+0100,5161,266.95532238372834,222.11826781817945,289.03190554567846,265.63671053835424,230.1049561125633,253.96729,283.60193
2013-12-17 07:00:00+0100,5161,266.6577213779092,266.95532238372834,270.349063873291,265.48935493826866,257.36304356596884,275.35828,308.59583
2013-12-17 07:10:00+0100,5161,264.9793915823102,266.6577213779092,247.37620861828327,275.43653217481915,282.53414436614236,292.2262,330.5144
2013-12-17 07:20:00+0100,5161,299.75562501477543,264.9793915823102,269.40009347349405,355.4200160544715,285.1410965169385,302.89734,347.6399
2013-12-17 07:30:00+0100,5161,341.219008902146,299.75562501477543,277.75619173049927,316.6432990063913,299.57118443668446,322.7495,380.943
2013-12-17 07:40:00+0100,5161,302.0063554410008,341.219008902146,299.50862015452003,334.1882572437171,339.6050944025921,353.54456,404.04016
2013-12-17 07:50:00+0100,5161,336.06754883902613,302.0063554410008,318.2389877587557,375.8591044821078,338.4141806677334,361.5995,414.43677
2013-12-17 08:00:00+0100,5161,375.19312046992127,336.06754883902613,395.3235400468111,447.01624793733936,367.65646603028836,377.18982,449.21448
2013-12-17 08:10:00+0100,5161,397.58103281562217,375.19312046992127,432.19434482604265,465.6983606495196,399.3075880306606,403.79712,462.3938
2013-12-17 08:20:00+0100,5161,489.18374225037405,397.58103281562217,419.6881964009372,571.7452777836588,444.6757171294054,432.29028,502.62207
2013-12-17 08:30:00+0100,5161,534.242199934728,489.18374225037405,572.1271346487338,664.5267912313575,530.6096851216424,488.0689,549.01953
2013-12-17 08:40:00+0100,5161,660.0386979133473,534.242199934728,695.2920494013233,741.2478836316732,622.1744092075173,548.6557,606.18896
2013-12-17 08:50:00+0100,5161,617.4211453885073,660.0386979133473,704.8020488757757,1250.8732176624471,722.0125572886376,641.9434,694.3858
2013-12-17 09:00:00+0100,5161,824.7165201518801,617.4211453885073,789.2132026883774,1034.0663801395567,690.8573584241824,694.9898,730.99316
2013-12-17 09:10:00+0100,5161,862.9116922084359,824.7165201518801,869.7986212518881,987.9583377693198,840.535588898189,809.9169,851.098
2013-12-17 09:20:00+0100,5161,903.3844648167724,862.9116922084359,834.4705630962271,1067.165175213711,907.6149380804976,913.8459,905.6774
2013-12-17 09:30:00+0100,5161,993.210584070941,903.3844648167724,946.5521233145264,1182.172999240458,960.1881345311813,1000.4712,982.77814
2013-12-17 09:40:00+0100,5161,1057.9623263754183,993.210584070941,943.6082969040144,1181.2798172287876,1046.3131859079003,1093.2397,1034.6831
2013-12-17 09:50:00+0100,5161,1036.068794727733,1057.9623263754183,961.7044561978546,1314.2956605755026,1133.8991451878135,1181.923,1124.5728
2013-12-17 10:00:00+0100,5161,1217.5114034552244,1036.068794727733,1011.9496034830808,1286.0300032384694,1128.8831556323564,1228.9489,1156.1276
2013-12-17 10:10:00+0100,5161,1188.2633247934282,1217.5114034552244,947.5970437467332,1508.0197195228538,1256.7605653138003,1326.5093,1288.3561
2013-12-17 10:20:00+0100,5161,1214.9234494667617,1188.2633247934282,1048.6560062818462,1461.9300613578523,1293.724524766222,1382.4912,1281.3555
2013-12-17 10:30:00+0100,5161,1532.3737856127557,1214.9234494667617,1179.4793917935458,1595.795809569594,1371.2778884403276,1420.0713,1390.063
2013-12-17 10:40:00+0100,5161,1466.265516682353,1532.3737856127557,1383.9190951228377,1769.154766069376,1558.1326661192616,1571.2246,1566.9186
2013-12-17 10:50:00+0100,5161,1664.7876627892256,1466.265516682353,1328.7417570240796,1872.693348899484,1598.172541543544,1655.5931,1580.9395
2013-12-17 11:00:00+0100,5161,1818.2194047782689,1664.7876627892256,1379.0597632825377,2127.701862974849,1755.5106084985046,1780.565,1752.7822
2013-12-17 11:10:00+0100,5161,1694.5821592077846,1818.2194047782689,1550.8688936110702,2029.3066221911577,1883.7034810669527,1926.7333,1854.8318
2013-12-17 11:20:00+0100,5161,1874.44212046155,1694.5821592077846,1559.0097491432098,2434.388793900609,1927.898735081017,1964.0446,1852.2495
2013-12-17 11:30:00+0100,5161,2035.2654095515609,1874.44212046155,1864.4412668384607,2413.487625180569,2045.3738609584777,2038.565,1980.4663
2013-12-17 11:40:00+0100,5161,2138.964478112757,2035.2654095515609,1848.0159941613676,2543.2110638298327,2143.221470367761,2150.7935,2080.916
2013-12-17 11:50:00+0100,5161,2250.600204743445,2138.964478112757,1709.395735805505,2489.2895936943823,2201.0689681818767,2264.537,2204.5315
2013-12-17 12:00:00+0100,5161,2388.472890138859,2250.600204743445,1961.1586788892744,2868.7605500571663,2345.800471034262,2376.463,2312.689
2013-12-17 12:10:00+0100,5161,2460.7341449931264,2388.472890138859,2086.6457171056536,2853.106027571135,2452.382793251718,2496.2314,2434.0454
2013-12-17 12:20:00+0100,5161,2415.103668061667,2460.7341449931264,1910.0787205696104,2651.83184543252,2580.4342628549284,2593.9087,2556.393
2013-12-17 12:30:00+0100,5161,2763.06824362278,2415.103668061667,2116.087653160095,2957.816610839218,2557.509820828117,2623.8843,2613.3535
2013-12-17 12:40:00+0100,5161,2744.737301338464,2763.06824362278,2292.7482134476304,2898.6071864664555,2677.5798655623885,2769.186,2784.6538
2013-12-17 12:50:00+0100,5161,2774.4428109366563,2744.737301338464,2109.00940990448,2911.712063290179,2795.989431222124,2861.5483,2829.048
2013-12-17 13:00:00+0100,5161,3062.4579429827863,2774.4428109366563,2360.4445818960667,2930.4552357286448,2851.40105328799,2917.7434,2942.9565
2013-12-17 13:10:00+0100,5161,3291.727459190064,3062.4579429827863,2505.1449072983232,3141.110170096159,3037.193446470193,3058.4858,3075.2993
2013-12-17 13:20:00+0100,5161,3444.106118970085,3291.727459190064,2585.237919911742,3368.4010865986347,3299.668780933336,3243.7202,3246.6326
2013-12-17 13:30:00+0100,5161,3373.38554072642,3444.106118970085,2969.49118283391,3231.143322754884,3438.5227807530523,3418.856,3390.0625
2013-12-17 13:40:00+0100,5161,3342.42711520195,3373.38554072642,3057.3300635814667,3662.5670895118383,3531.277156056249,3489.6772,3406.3115
2013-12-17 13:50:00+0100,5161,3505.432507671416,3342.42711520195,2938.055849298835,4065.188670188189,3467.8105177807593,3499.9573,3425.298
2013-12-17 14:00:00+0100,5161,3803.9376439899206,3505.432507671416,2866.0697467289865,3625.688413652417,3443.124495792699,3556.7725,3502.3052
2013-12-17 14:10:00+0100,5161,3543.513430914667,3803.9376439899206,2798.730135753751,3464.351207662374,3673.4955949407067,3709.5752,3637.6406
2013-12-17 14:20:00+0100,5161,3208.639128871669,3543.513430914667,2803.094330511987,3512.0167293436825,3544.996625398706,3708.8608,3583.73
2013-12-17 14:30:00+0100,5161,3234.5732660740614,3208.639128871669,2646.8399924077094,3121.0405842826003,3335.245969115963,3555.061,3441.6748
2013-12-17 14:40:00+0100,5161,3110.6792828440666,3234.5732660740614,2462.657563470304,3254.76270449796,3267.8897879462947,3447.004,3381.9092
2013-12-17 14:50:00+0100,5161,3139.6963711220887,3110.6792828440666,2350.5299440845847,3103.1319062896077,3124.2793472729527,3331.3826,3255.4521
2013-12-17 15:00:00+0100,5161,2945.246563687921,3139.6963711220887,2328.2552805393934,3059.992821929627,3095.989198303583,3267.0464,3226.81
2013-12-17 15:10:00+0100,5161,2766.085687495768,2945.246563687921,2480.4861855767667,3195.943867206573,2986.500891713401,3150.657,3070.6304
2013-12-17 15:20:00+0100,5161,3100.931945450604,2766.085687495768,2310.5578825362027,3294.035019118572,2894.925158960937,2992.1238,2992.4053
2013-12-17 15:30:00+0100,5161,3517.6779112890363,3100.931945450604,2615.643416478124,3016.15031029546,3052.2530495412925,3005.95,3074.0425
2013-12-17 15:40:00+0100,5161,3524.895012039691,3517.6779112890363,2538.4104779213667,3410.023750213557,3303.1208101232583,3187.5479,3269.4656
2013-12-17 15:50:00+0100,5161,3358.103344012052,3524.895012039691,2448.473700255156,3132.7172279313672,3387.353835264446,3325.3062,3336.2314
2013-12-17 16:00:00+0100,5161,3876.959736146033,3358.103344012052,2772.0136646926403,3000.3344534997013,3431.427784137596,3341.6016,3332.2695
2013-12-17 16:10:00+0100,5161,3759.03809717932,3876.959736146033,2690.5194538746146,2832.408098689106,3664.401272870505,3532.0068,3650.71
2013-12-17 16:20:00+0100,5161,3837.149378605187,3759.03809717932,2592.6479249436525,2797.685499191284,3638.054302622505,3626.2397,3624.5083
2013-12-17 16:30:00+0100,5161,3774.9140622094274,3837.149378605187,2785.391028440383,2896.3176125314203,3684.286448744523,3707.3398,3766.331
2013-12-17 16:40:00+0100,5161,3495.1524720154703,3774.9140622094274,2619.258759855118,2963.0565239340067,3649.8685988224015,3730.6309,3743.1836
2013-12-17 16:50:00+0100,5161,3764.598762895912,3495.1524720154703,2633.5863296665484,2810.551955550909,3569.2614078514684,3622.6284,3645.9336
2013-12-17 17:00:00+0100,5161,3746.046305317432,3764.598762895912,2544.4758943021297,3221.400594741106,3678.2182576737205,3637.503,3747.4336
2013-12-17 17:10:00+0100,5161,3641.8799053855473,3746.046305317432,2674.036875410762,3373.3516969658667,3642.4538732038955,3647.813,3693.2002
2013-12-17 17:20:00+0100,5161,3795.9837991647655,3641.8799053855473,2557.1148941367865,3393.078522546973,3543.1289772546997,3611.3706,3657.413
2013-12-17 17:30:00+0100,5161,3566.969062323915,3795.9837991647655,2391.7551046684384,2861.037509932008,3602.9468261932934,3640.3232,3693.3008
2013-12-17 17:40:00+0100,5161,3228.2769412845373,3566.969062323915,2553.301686152816,2986.179413652804,3515.0296768400417,3571.7305,3564.7437
2013-12-17 17:50:00+0100,5161,3273.097458690405,3228.2769412845373,2696.6912469640374,2777.123550668359,3254.774978562238,3376.5347,3371.91
2013-12-17 18:00:00+0100,5161,3197.3653415951994,3273.097458690405,2386.3591151312,2905.2559753097594,3159.545939652843,3244.794,3305.1548
2013-12-17 18:10:00+0100,5161,3225.8513958752155,3197.3653415951994,2363.5815520584583,2720.4802747368813,3097.336043498411,3129.098,3173.5088
2013-12-17 18:20:00+0100,5161,2850.039070222527,3225.8513958752155,2429.0902668498456,2817.2682985439897,3129.8444338830113,3065.942,3139.3193
2013-12-17 18:30:00+0100,5161,3065.798077179876,2850.039070222527,2416.330785932776,2693.632960356772,2861.6778352471624,2883.5735,2908.0806
2013-12-17 18:40:00+0100,5161,2853.2895212311414,3065.798077179876,2332.4737288989127,2602.609239384532,2872.8950196641485,2835.4326,2943.5713
2013-12-17 18:50:00+0100,5161,2902.8008186359075,2853.2895212311414,2197.7907793637714,2266.33924639225,2729.8002703267757,2736.9897,2737.226
2013-12-17 19:00:00+0100,5161,2814.68616271019,2902.8008186359075,2127.2326130064903,2333.984681647504,2774.5416387652294,2690.79,2760.7524
2013-12-17 19:10:00+0100,5161,2951.3239257633686,2814.68616271019,2131.437070241954,2419.1216359052924,2719.830098328278,2635.9375,2613.068
2013-12-17 19:20:00+0100,5161,2730.481601481908,2951.3239257633686,1931.281835240894,2262.950774190598,2757.397154707745,2655.5745,2690.4517
2013-12-17 19:30:00+0100,5161,2447.7034334540367,2730.481601481908,1857.6206101306016,2255.9500266462564,2594.644721341468,2598.6514,2593.9717
2013-12-17 19:40:00+0100,5161,2416.3673938810825,2447.7034334540367,1720.8192969154916,2073.716851285484,2411.3792326229077,2449.589,2422.6526
2013-12-17 19:50:00+0100,5161,2257.174806769239,2416.3673938810825,1719.8895411171252,2024.529088633135,2314.4982192554635,2328.9634,2326.6782
2013-12-17 20:00:00+0100,5161,2049.7352514863014,2257.174806769239,1494.5802612304688,1960.2728443905944,2175.7224873603473,2195.8306,2212.191
2013-12-17 20:10:00+0100,5161,1769.0593136165407,2049.7352514863014,1387.2497441958983,1765.1613938091905,1958.7924846512676,2036.4558,2044.1228
2013-12-17 20:20:00+0100,5161,1671.0308433003956,1769.0593136165407,1310.2693385779858,1788.7562425349024,1727.4331415844924,1833.1772,1825.7745
2013-12-17 20:30:00+0100,5161,1472.3550332591403,1671.0308433003956,1161.1025181673467,1526.2216004617512,1591.3790178133422,1664.6487,1715.4961
2013-12-17 20:40:00+0100,5161,1444.2585642252234,1472.3550332591403,1097.78901720047,1562.607452056196,1431.4721475780748,1494.8875,1526.6797
2013-12-17 20:50:00+0100,5161,1219.85064029583,1444.2585642252234,1052.0191261384753,1344.0308256447315,1331.487169931546,1378.7682,1429.5991
2013-12-17 21:00:00+0100,5161,1171.9623263180256,1219.85064029583,966.3624756340288,1141.0891007620958,1161.9910153232647,1238.7205,1271.4476
2013-12-17 21:10:00+0100,5161,1066.5071246417938,1171.9623263180256,789.5047751803068,1088.2320817485452,1155.7223678436828,1130.4202,1183.8872
2013-12-17 21:20:00+0100,5161,1065.675341432565,1066.5071246417938,889.2621611036593,1244.7518601864576,1092.0641972175645,1029.3135,1072.6875
2013-12-17 21:30:00+0100,5161,1107.4399915177491,1065.675341432565,790.8689146913821,1315.3727117009694,1048.81321878062,963.81616,1060.041
2013-12-17 21:40:00+0100,5161,1170.195066541433,1107.4399915177491,795.4713525984553,1154.696453534067,1027.469598617136,939.6707,1030.9902
2013-12-17 21:50:00+0100,5161,881.8594390131766,1170.195066541433,769.1046688556671,1005.1485387075808,1075.1307783460015,952.4548,1060.2037
2013-12-17 22:00:00+0100,5161,747.4791412841878,881.8594390131766,695.0575365126133,909.8451282496098,918.3100808495112,870.3954,915.4624
2013-12-17 22:10:00+0100,5161,636.7719641007716,747.4791412841878,614.0003849342465,738.1878586600069,772.163534529478,755.6747,795.5375
2013-12-17 22:20:00+0100,5161,549.4325336033944,636.7719641007716,642.0886544041568,658.3388374894857,649.2637920135905,635.74414,674.13855
2013-12-17 22:30:00+0100,5161,636.7147837991361,549.4325336033944,682.7366894025472,566.2238482648972,540.2702041735394,526.5704,581.8707
2013-12-17 22:40:00+0100,5161,583.7481435962254,636.7147837991361,582.5712958872318,574.1558963432908,556.4718220285378,486.0172,567.9169
2013-12-17 22:50:00+0100,5161,538.8654251512489,583.7481435962254,860.3829675465822,467.28870827594073,539.6846957753015,454.06677,550.40515
2013-12-17 23:00:00+0100,5161,543.9615154989297,538.8654251512489,633.4714399147779,427.3443373963237,505.56577271440835,422.16467,523.1503
2013-12-17 23:10:00+0100,5161,439.5157633800409,543.9615154989297,543.3787638384965,353.8074452504516,511.8208449580347,405.47705,517.8571
2013-12-17 23:20:00+0100,5161,424.5902443852392,439.5157633800409,597.4092039305833,352.962769149628,462.5203962541424,363.56848,453.31213
2013-12-17 23:30:00+0100,5161,452.1990549255279,424.5902443852392,610.5447117079166,362.0094341635704,404.29763309061127,329.9513,430.2528
2013-12-17 23:40:00+0100,5161,361.0226544726757,452.1990549255279,333.7360539440415,381.3824896365404,407.5517881115801,322.02527,426.98535
2013-12-17 23:50:00+0100,5161,371.86603303143056,361.0226544726757,394.0917120393715,364.4811244010925,370.2805477398298,292.83508,369.01465
2013-12-18 00:00:00+0100,5161,434.7363900952041,371.86603303143056,417.165837675333,295.880738645792,345.4026903569966,278.6621,364.68677
2013-12-18 00:10:00+0100,5161,406.5352952629328,434.7363900952041,311.1909091674024,257.1831000521779,391.14617784282257,298.5177,379.00623
2013-12-18 00:20:00+0100,5161,314.7143750999239,406.5352952629328,445.86246674810536,267.6398453328875,381.40236398390635,312.11414,376.88074
2013-12-18 00:30:00+0100,5161,311.52430883795023,314.7143750999239,342.16658101865323,244.4247303083539,321.3189533116654,292.0299,333.13928
2013-12-18 00:40:00+0100,5161,268.64500351884635,311.52430883795023,318.0864276353386,224.0058022141457,313.7779180236385,276.8401,317.25232
2013-12-18 00:50:00+0100,5161,269.088640678674,268.64500351884635,304.5793121297029,247.90589678811372,273.7432371575591,254.98645,294.7848
2013-12-18 01:00:00+0100,5161,303.0961391009623,269.088640678674,302.7649881727993,236.0701401187689,253.45716517636964,242.84521,296.5879
2013-12-18 01:10:00+0100,5161,274.72974849905586,303.0961391009623,232.73165893554688,218.04058867692947,271.19929665477633,251.65063,301.99536
2013-12-18 01:20:00+0100,5161,234.2820495206979,274.72974849905586,268.77480563521385,221.78624162077904,263.053140114072,253.70117,286.55457
2013-12-18 01:30:00+0100,5161,258.4670647084713,234.2820495206979,226.48288122564557,205.38935408054385,236.75361111812555,242.17285,263.99304
2013-12-18 01:40:00+0100,5161,235.9508026082185,258.4670647084713,187.17807006835935,203.1748780021444,249.12013576942644,243.51282,271.7389
2013-12-18 01:50:00+0100,5161,214.01556396484372,235.9508026082185,223.17185619473457,189.0767144244164,237.81038356117423,239.92786,252.76196
2013-12-18 02:00:00+0100,5161,244.06613725423813,214.01556396484372,234.3607482910156,221.350797502324,220.28319833970255,230.44128,241.34668
2013-12-18 02:10:00+0100,5161,221.3958230912685,244.06613725423813,216.705078125,186.0138244014233,227.8317322312309,235.67517,242.06897
2013-12-18 02:20:00+0100,5161,390.5313467074302,221.3958230912685,229.82293701171875,187.60724488645792,220.75149240623438,234.12244,230.11438
2013-12-18 02:30:00+0100,5161,385.113703340292,390.5313467074302,209.51702880859372,203.60865483712405,312.2500569251309,296.7041,293.01733
2013-12-18 02:40:00+0100,5161,443.733720459044,385.113703340292,183.13839721679688,188.0696050869301,342.20355477161485,348.75342,310.0171
2013-12-18 02:50:00+0100,5161,424.521811246872,443.733720459044,202.82635498046875,201.8974518267787,407.06084855458056,408.2627,339.31958
2013-12-18 03:00:00+0100,5161,514.8599243164062,424.521811246872,204.51138305664065,239.15576308127493,409.4457580165748,444.9325,351.49622
2013-12-18 03:10:00+0100,5161,243.2739105224609,514.8599243164062,173.6049041748047,197.30264889309183,459.9491077054412,503.38593,421.62146
2013-12-18 03:20:00+0100,5161,216.104736328125,243.2739105224609,195.62657165527344,184.5748116075993,314.5331138243194,441.97217,287.40002
2013-12-18 03:30:00+0100,5161,226.12570190429688,216.104736328125,199.5399902302888,221.6767132282257,260.1299849764244,372.39038,279.95776
2013-12-18 03:40:00+0100,5161,232.0737335041631,226.12570190429688,188.9645233154297,200.77550166641595,216.10913533349438,325.63696,245.84473
2013-12-18 03:50:00+0100,5161,208.0513153076172,232.0737335041631,206.67401123046875,218.46409942116588,208.97129562175417,297.63452,261.8357
2013-12-18 04:00:00+0100,5161,225.40232347586425,208.0513153076172,213.54119873046875,209.1507574459538,183.30126930651107,271.6621,226.07886
2013-12-18 04:10:00+0100,5161,227.494851676398,225.40232347586425,164.38319396972656,183.07991688046604,216.3970889815244,260.93616,249.66162
2013-12-18 04:20:00+0100,5161,215.54005432128903,227.494851676398,205.71875,204.4224855741486,226.26316577005588,256.78308,236.0614
2013-12-18 04:30:00+0100,5161,227.6981964111328,215.54005432128903,189.83380126953125,207.92745014373213,215.86566033690787,250.82886,241.60437
2013-12-18 04:40:00+0100,5161,220.4795196492341,227.6981964111328,165.30068969726562,193.86778450012207,223.70183213784227,251.54224,224.28381
2013-12-18 04:50:00+0100,5161,219.9332275390625,220.4795196492341,211.25015258789065,222.2822258267552,228.00972191901903,250.55981,221.38525
2013-12-18 05:00:00+0100,5161,234.7387329019839,219.9332275390625,207.73287963867188,204.66638207435608,218.0432816077852,249.77625,220.09998
2013-12-18 05:10:00+0100,5161,256.2188415527344,234.7387329019839,186.83726501464844,187.19679011311385,224.62307440847923,255.10767,224.55554
2013-12-18 05:20:00+0100,5161,246.5761230427888,256.2188415527344,212.570068359375,198.10166519042104,245.70065270963858,267.93848,232.72375
2013-12-18 05:30:00+0100,5161,248.0890472371248,246.5761230427888,199.1199951171875,217.32477900665253,245.62497908762336,274.68872,228.84167
2013-12-18 05:40:00+0100,5161,257.0533016808331,248.0890472371248,189.68364111334083,213.37644338887185,250.74722310836268,279.58337,231.7489
2013-12-18 05:50:00+0100,5161,243.37932161876236,257.0533016808331,206.41656188556223,254.153244777408,253.93859533518753,286.31726,227.12524
2013-12-18 06:00:00+0100,5161,263.1778957374627,243.37932161876236,199.144287109375,195.80129008647052,237.45275570949627,286.2953,233.39514
2013-12-18 06:10:00+0100,5161,227.68662615009816,263.1778957374627,175.57236352562904,178.2960260808468,252.80051703779222,293.02148,246.15771
2013-12-18 06:20:00+0100,5161,237.6364883992937,227.68662615009816,211.89520543813703,227.62848505360307,244.35237909940417,285.3225,242.32141
2013-12-18 06:30:00+0100,5161,320.8879175920156,237.6364883992937,229.97295531409327,202.4875974364695,245.95888943539842,281.79468,246.20569
2013-12-18 06:40:00+0100,5161,246.0983907420305,320.8879175920156,222.11826781817945,191.6806226100889,288.8285961563938,311.28076,281.77246
2013-12-18 06:50:00+0100,5161,260.01495956256986,246.0983907420305,266.95532238372834,222.91463655699044,261.6878655768527,308.15625,264.01514
2013-12-18 07:00:00+0100,5161,350.6496215738589,260.01495956256986,266.6577213779092,252.93442008533748,262.582738401768,307.23486,288.43384
2013-12-18 07:10:00+0100,5161,396.9144465995487,350.6496215738589,264.9793915823102,232.6190607343451,322.84399070741836,341.20312,343.0149
2013-12-18 07:20:00+0100,5161,404.7466851338977,396.9144465995487,299.75562501477543,298.3836287500453,374.63075703122945,387.39673,393.69543
2013-12-18 07:30:00+0100,5161,444.64056342397816,404.7466851338977,341.219008902146,293.59519328700844,387.6732656509602,425.01062,420.33862
2013-12-18 07:40:00+0100,5161,383.8240915269125,444.64056342397816,302.0063554410008,312.7747070394689,434.70270663727706,466.135,476.60706
2013-12-18 07:50:00+0100,5161,396.33359428384574,383.8240915269125,336.06754883902613,326.56754734762944,430.0425799248543,471.67603,466.1245
2013-12-18 08:00:00+0100,5161,413.65237796108704,396.33359428384574,375.19312046992127,424.138987030834,427.8692411151926,475.02576,504.8504
2013-12-18 08:10:00+0100,5161,642.7807691276539,413.65237796108704,397.58103281562217,400.1293313279748,428.1278212569767,482.8933,510.44318
2013-12-18 08:20:00+0100,5161,541.2099061831832,642.7807691276539,489.18374225037405,495.19463104754686,589.0070590960602,578.1826,625.9724
2013-12-18 08:30:00+0100,5161,618.9034131059889,541.2099061831832,534.242199934728,575.200016643852,613.9639686064918,617.128,619.5584
2013-12-18 08:40:00+0100,5161,646.4804179365747,618.9034131059889,660.0386979133473,783.3865140207345,697.0080716450184,668.0202,705.905
2013-12-18 08:50:00+0100,5161,736.5292336423299,646.4804179365747,617.4211453885073,1040.6680939510695,750.9833614817004,715.63715,746.26276
2013-12-18 09:00:00+0100,5161,844.3093335251324,736.5292336423299,824.7165201518801,1161.4548745043576,802.4075605129829,783.6034,847.0514
2013-12-18 09:10:00+0100,5161,899.549633794697,844.3093335251324,862.9116922084359,1010.1386081788804,830.2811545808047,876.8108,919.1328
2013-12-18 09:20:00+0100,5161,958.53695035266,899.549633794697,903.3844648167724,1017.552891609841,927.4371402198642,966.89124,985.7817
2013-12-18 09:30:00+0100,5161,1156.9509775042534,958.53695035266,993.210584070941,1044.2306735403836,1010.305865925618,1051.9945,1058.4846
2013-12-18 09:40:00+0100,5161,1070.9884897761513,1156.9509775042534,1057.9623263754183,1252.3245279308758,1145.2271423128645,1190.6864,1221.4131
2013-12-18 09:50:00+0100,5161,1130.0843978256453,1070.9884897761513,1036.068794727733,1264.1052478231722,1163.5919051416531,1254.7373,1211.8872
2013-12-18 10:00:00+0100,5161,1296.178022733715,1130.0843978256453,1217.5114034552244,1474.8528257552534,1204.7302644562806,1308.2081,1301.6412
2013-12-18 10:10:00+0100,5161,1440.5530208811397,1296.178022733715,1188.2633247934282,1447.691715637513,1291.7135906442095,1407.3032,1408.8378
2013-12-18 10:20:00+0100,5161,1529.780009122216,1440.5530208811397,1214.9234494667617,1499.5226860873518,1489.8334557201692,1536.9252,1532.6818
2013-12-18 10:30:00+0100,5161,1691.0552410695818,1529.780009122216,1532.3737856127557,1890.1306264474988,1601.3174256446473,1661.5272,1642.752
2013-12-18 10:40:00+0100,5161,1911.0960344448688,1691.0552410695818,1466.265516682353,1830.474130700168,1727.8858517278545,1806.3914,1785.2578
2013-12-18 10:50:00+0100,5161,1785.5616563361257,1911.0960344448688,1664.7876627892256,2089.848502544337,1932.56873654585,1991.1965,1973.3674
2013-12-18 11:00:00+0100,5161,2071.849912453676,1785.5616563361257,1818.2194047782689,2179.2983851086465,1902.3501805667797,2054.3604,1964.599
2013-12-18 11:10:00+0100,5161,2104.383914614853,2071.849912453676,1694.5821592077846,2114.053648110479,2075.7691315103366,2187.5874,2166.2766
2013-12-18 11:20:00+0100,5161,2088.582891561091,2104.383914614853,1874.44212046155,2316.603356875479,2204.2234975971633,2285.4631,2216.1494
2013-12-18 11:30:00+0100,5161,2219.113983086136,2088.582891561091,2035.2654095515609,2502.175644148141,2218.0247421751205,2325.4175,2308.857
2013-12-18 11:40:00+0100,5161,2249.711708892137,2219.113983086136,2138.964478112757,2515.21040199697,2256.404929146292,2387.0903,2373.4553
2013-12-18 11:50:00+0100,5161,2448.1502009619144,2249.711708892137,2250.600204743445,2682.8719204802183,2372.0398302614917,2433.366,2426.544
2013-12-18 12:00:00+0100,5161,2599.890946491447,2448.1502009619144,2388.472890138859,2870.2237761134747,2527.512549828859,2536.4263,2588.9226
2013-12-18 12:10:00+0100,5161,2445.9319047033787,2599.890946491447,2460.7341449931264,3092.911006577313,2578.148890183608,2666.1697,2708.3745
2013-12-18 12:20:00+0100,5161,2537.695104751037,2445.9319047033787,2415.103668061667,2706.6938334681327,2573.8948771344812,2680.5225,2712.3525
2013-12-18 12:30:00+0100,5161,2588.793991503888,2537.695104751037,2763.06824362278,2981.687562137842,2702.074648946691,2703.592,2798.8413
2013-12-18 12:40:00+0100,5161,2524.9181373417377,2588.793991503888,2744.737301338464,3137.883324633178,2674.207709217139,2733.4512,2819.0598
2013-12-18 12:50:00+0100,5161,2801.240523925808,2524.9181373417377,2774.4428109366563,3144.632468146854,2659.136607377888,2722.0598,2836.1064
2013-12-18 13:00:00+0100,5161,2847.3314245156944,2801.240523925808,3062.4579429827863,3117.834352333098,2855.0193136274856,2818.9521,2953.6206
2013-12-18 13:10:00+0100,5161,3144.238094970584,2847.3314245156944,3291.727459190064,3257.9247336760163,2961.9660757320294,2909.6665,2970.5298
2013-12-18 13:20:00+0100,5161,3527.2244076781208,3144.238094970584,3444.106118970085,3512.278658974916,3186.7666950513935,3082.317,3157.0295
2013-12-18 13:30:00+0100,5161,3725.4208547770977,3527.2244076781208,3373.38554072642,3528.6335281282663,3478.6841968876975,3347.7852,3348.2534
2013-12-18 13:40:00+0100,5161,3822.518273725,3725.4208547770977,3342.42711520195,3814.967017062008,3744.1638916622824,3594.1357,3504.5469
2013-12-18 13:50:00+0100,5161,3866.7157318890095,3822.518273725,3505.432507671416,4178.795337587595,3865.4896317115576,3771.5444,3665.586
2013-12-18 14:00:00+0100,5161,3877.3700235027936,3866.7157318890095,3803.9376439899206,3768.344303209335,3879.034680368179,3879.2378,3803.3823
2013-12-18 14:10:00+0100,5161,3581.2972077418235,3877.3700235027936,3543.513430914667,3810.7360241375854,3880.1228200305804,3933.1724,3871.1777
2013-12-18 14:20:00+0100,5161,3756.336520228535,3581.2972077418235,3208.639128871669,3865.6615745723248,3695.021379901137,3839.4785,3763.435
2013-12-18 14:30:00+0100,5161,3436.163704559207,3756.336520228535,3234.5732660740614,3861.786456219852,3692.483387457364,3830.454,3832.063
2013-12-18 14:40:00+0100,5161,3591.04155421257,3436.163704559207,3110.6792828440666,3706.247072197497,3445.5538585895397,3705.274,3647.9077
2013-12-18 14:50:00+0100,5161,3316.722258077003,3591.04155421257,3139.6963711220887,3293.300569564104,3541.876526434619,3674.683,3771.6401
2013-12-18 15:00:00+0100,5161,3167.509067047388,3316.722258077003,2945.246563687921,4132.060605360952,3426.477504172267,3552.1519,3499.439
2013-12-18 15:10:00+0100,5161,3138.918802298605,3167.509067047388,2766.085687495768,3649.172246044152,3281.018555581062,3398.63,3442.9487
2013-12-18 15:20:00+0100,5161,3047.272921897471,3138.918802298605,3100.931945450604,3822.5463141202927,3294.9623859166113,3274.2046,3289.4097
2013-12-18 15:30:00+0100,5161,3150.52646265924,3047.272921897471,3517.6779112890363,3880.519311217242,3167.7765064417836,3149.4502,3174.8198
2013-12-18 15:40:00+0100,5161,2938.9462143916758,3150.52646265924,3524.895012039691,3408.5031995453173,3087.5098746163576,3100.686,3166.2134
2013-12-18 15:50:00+0100,5161,3039.3790743611758,2938.9462143916758,3358.103344012052,3525.7190243788064,3088.751845734888,2985.3918,3021.514
2013-12-18 16:00:00+0100,5161,3118.2082297939924,3039.3790743611758,3876.959736146033,3255.458365865052,3100.8655096792672,2936.4673,3068.537
2013-12-18 16:10:00+0100,5161,3213.4921394772828,3118.2082297939924,3759.03809717932,3275.646060355008,3107.0617494383205,2937.901,3048.1924
2013-12-18 16:20:00+0100,5161,3012.903516433027,3213.4921394772828,3837.149378605187,3332.90994438529,3220.6982607019186,2981.4697,3109.046
2013-12-18 16:30:00+0100,5161,2953.8872925043106,3012.903516433027,3774.9140622094274,3342.680235236883,3086.2572348159497,2938.294,2986.4253
2013-12-18 16:40:00+0100,5161,2920.7847642973065,2953.8872925043106,3495.1524720154703,3253.679118029773,3081.209086912287,2876.0496,2985.4302
2013-12-18 16:50:00+0100,5161,2932.362139798701,2920.7847642973065,3764.598762895912,3496.881367594004,3065.193657533101,2817.0903,2903.117
2013-12-18 17:00:00+0100,5161,3075.2096470061806,2932.362139798701,3746.046305317432,3577.3231850638986,3011.8144455476236,2781.8677,2921.9275
2013-12-18 17:10:00+0100,5161,3023.2145622585085,3075.2096470061806,3641.8799053855473,3480.604616186407,3044.4592309139816,2818.1724,2945.1877
2013-12-18 17:20:00+0100,5161,2955.809600714594,3023.2145622585085,3795.9837991647655,3174.128425717354,3018.4248088413274,2833.7244,2932.9922
2013-12-18 17:30:00+0100,5161,2909.414115346968,2955.809600714594,3566.969062323915,3291.367910772562,2994.037343209291,2818.3406,2931.2427
2013-12-18 17:40:00+0100,5161,2701.296989619732,2909.414115346968,3228.2769412845373,3078.2401952035725,2965.1712658470115,2786.659,2890.2495
2013-12-18 17:50:00+0100,5161,2824.244719207287,2701.296989619732,3273.097458690405,2965.4532930254936,2813.6480108948817,2683.1318,2768.3936
2013-12-18 18:00:00+0100,5161,2610.159326739609,2824.244719207287,3197.3653415951994,3164.623113460839,2833.0147586752564,2653.037,2773.1843
2013-12-18 18:10:00+0100,5161,2438.946429047733,2610.159326739609,3225.8513958752155,3204.414487030357,2676.0385506935395,2560.8706,2637.1162
2013-12-18 18:20:00+0100,5161,2638.441983964294,2438.946429047733,2850.039070222527,2884.510818988085,2578.0558891151986,2430.2678,2526.9075
2013-12-18 18:30:00+0100,5161,2572.860462583601,2638.441983964294,3065.798077179876,3250.848087641236,2667.921318718135,2415.302,2591.2412
2013-12-18 18:40:00+0100,5161,2564.826891555276,2572.860462583601,2853.2895212311414,3205.897119909525,2559.5141718749383,2398.06,2522.527
2013-12-18 18:50:00+0100,5161,2356.019431630906,2564.826891555276,2902.8008186359075,2673.733393840492,2554.487647783108,2389.0325,2529.3916
2013-12-18 19:00:00+0100,5161,2361.8774550896487,2356.019431630906,2814.68616271019,3022.727820720524,2568.7138109581565,2308.3472,2382.9768
2013-12-18 19:10:00+0100,5161,2249.489947170019,2361.8774550896487,2951.3239257633686,3384.589702396479,2474.387096507738,2249.2932,2361.585
2013-12-18 19:20:00+0100,5161,2056.950632258551,2249.489947170019,2730.481601481908,2868.2000062901643,2247.7209424099647,2171.945,2263.891
2013-12-18 19:30:00+0100,5161,2078.265871777432,2056.950632258551,2447.7034334540367,2660.8601510848966,2130.354466199934,2050.3494,2125.3655
2013-12-18 19:40:00+0100,5161,2282.870339318004,2078.265871777432,2416.3673938810825,2573.2561688795686,2108.7936484856264,1974.3303,2056.8472
2013-12-18 19:50:00+0100,5161,2069.83212351799,2282.870339318004,2257.174806769239,2610.7622905522585,2144.2718800440225,2007.5342,2117.822
2013-12-18 20:00:00+0100,5161,1856.3398842215536,2069.83212351799,2049.7352514863014,2081.9492304463056,1966.9133060672043,1971.7598,1984.3943
2013-12-18 20:10:00+0100,5161,1593.684855562111,1856.3398842215536,1769.0593136165407,1811.260747909546,1872.5195711561287,1865.0198,1846.9155
2013-12-18 20:20:00+0100,5161,1380.7185394242406,1593.684855562111,1671.0308433003956,1820.3606684729457,1663.4119810515294,1689.7103,1612.9802
2013-12-18 20:30:00+0100,5161,1368.4242303557694,1380.7185394242406,1472.3550332591403,1549.0147477824355,1431.7211934683419,1490.3016,1442.7148
2013-12-18 20:40:00+0100,5161,1136.7922083277372,1368.4242303557694,1444.2585642252234,1559.924520757049,1340.6099529443177,1352.9801,1350.9932
2013-12-18 20:50:00+0100,5161,1057.0448801517489,1136.7922083277372,1219.85064029583,1649.7778286412358,1156.9583768312405,1195.0654,1173.675
2013-12-18 21:00:00+0100,5161,952.5083278156816,1057.0448801517489,1171.9623263180256,1342.1210886836052,1040.103841233701,1064.5605,1077.1597
2013-12-18 21:10:00+0100,5161,885.5503848035005,952.5083278156816,1066.5071246417938,1336.400830655184,1014.887890014511,948.0195,996.8064
2013-12-18 21:20:00+0100,5161,945.3039512336254,885.5503848035005,1065.675341432565,1533.3967517044512,969.2276200127267,851.08813,919.162
2013-12-18 21:30:00+0100,5161,955.26440583542,945.3039512336254,1107.4399915177491,1394.561972297728,908.7260387774622,808.9508,878.44904
2013-12-18 21:40:00+0100,5161,908.5028562422958,955.26440583542,1170.195066541433,965.4535238817334,896.1724297114813,792.88885,856.1734
2013-12-18 21:50:00+0100,5161,948.1962133459748,908.5028562422958,881.8594390131766,1036.4664526730776,882.1884695000786,771.6305,810.3417
2013-12-18 22:00:00+0100,5161,824.9543947428465,948.1962133459748,747.4791412841878,932.7497923996416,892.7971405921978,771.4296,815.28973
2013-12-18 22:10:00+0100,5161,795.2902496297029,824.9543947428465,636.7719641007716,854.4689980265102,861.6945941059319,732.7148,739.80853
2013-12-18 22:20:00+0100,5161,611.889832417306,795.2902496297029,549.4325336033944,1072.956072254863,830.3097203593157,692.0302,714.09467
2013-12-18 22:30:00+0100,5161,578.933089426544,611.889832417306,636.7147837991361,745.3289307355881,644.6275567734655,601.63934,604.18823
2013-12-18 22:40:00+0100,5161,579.7583690561587,578.933089426544,583.7481435962254,629.2533648982644,611.8496608392088,524.7118,559.5448
2013-12-18 22:50:00+0100,5161,505.0706860635546,579.7583690561587,538.8654251512489,651.8451127931476,577.7361508870265,478.69043,539.5917
2013-12-18 23:00:00+0100,5161,457.7309750855202,505.0706860635546,543.9615154989297,747.0756738856435,475.9394834962918,430.52637,492.67462
2013-12-18 23:10:00+0100,5161,554.7293975789216,457.7309750855202,439.5157633800409,446.0726944376365,446.0531816011982,385.81946,457.60706
2013-12-18 23:20:00+0100,5161,463.8495180308819,554.7293975789216,424.5902443852392,580.1695241745911,526.0868121722661,395.04163,492.76782
2013-12-18 23:30:00+0100,5161,405.31708124279976,463.8495180308819,452.1990549255279,431.2757299296791,426.3201695105534,381.64832,443.68872
2013-12-18 23:40:00+0100,5161,362.2332935221493,405.31708124279976,361.0226544726757,395.4509295634925,402.3373131151416,353.18933,407.55762
2013-12-18 23:50:00+0100,5161,315.8397763520479,362.2332935221493,371.86603303143056,413.54331095406087,394.8425285858429,320.25488,363.81287
2013-12-19 00:00:00+0100,5161,274.1597082167864,315.8397763520479,434.7363900952041,328.7937122609583,322.5289739638778,284.61206,333.5691
2013-12-19 00:10:00+0100,5161,267.61261846125126,274.1597082167864,406.5352952629328,297.7911802922026,276.326535376962,248.79053,294.1754
2013-12-19 00:20:00+0100,5161,269.43480214476585,267.61261846125126,314.7143750999239,303.286086303764,264.2680296202956,225.76062,282.83496
2013-12-19 00:30:00+0100,5161,251.59936040418688,269.43480214476585,311.52430883795023,293.0272407258162,265.2309656130193,216.49048,277.28906
2013-12-19 00:40:00+0100,5161,241.11076791473897,251.59936040418688,268.64500351884635,448.9340060629184,262.20983426221886,209.31567,262.7412
2013-12-19 00:50:00+0100,5161,217.61388021707532,241.11076791473897,269.088640678674,297.6625920087099,243.92654519456647,204.46582,250.70264
2013-12-19 01:00:00+0100,5161,203.9383645951748,217.61388021707532,303.0961391009623,288.0597776845097,224.36554487073371,195.9076,232.4093
2013-12-19 01:10:00+0100,5161,204.19021272659305,203.9383645951748,274.72974849905586,235.02211293578148,212.2345236365366,187.38623,222.57678
2013-12-19 01:20:00+0100,5161,169.8319168463349,204.19021272659305,234.2820495206979,296.4831415191293,220.83578071220708,183.99158,220.78601
2013-12-19 01:30:00+0100,5161,162.96949462482007,169.8319168463349,258.4670647084713,327.79688865318894,190.75956659802517,171.9497,202.8335
2013-12-19 01:40:00+0100,5161,188.5365091264248,162.96949462482007,235.9508026082185,300.73005770891905,179.6420405177773,162.09521,197.82104
2013-12-19 01:50:00+0100,5161,145.8247344929841,188.5365091264248,214.01556396484372,282.35352343320847,208.70442601428448,166.8888,205.07288
2013-12-19 02:00:00+0100,5161,147.122799678531,145.8247344929841,244.06613725423813,395.53614687919617,174.55138497811362,158.09387,183.4668
2013-12-19 02:10:00+0100,5161,160.85327337571653,147.122799678531,221.3958230912685,213.5755696594715,165.93888059543258,152.12756,179.38855
2013-12-19 02:20:00+0100,5161,167.06288866588147,160.85327337571653,390.5313467074302,240.49989949911836,182.37235494177452,154.49658,172.43494
2013-12-19 02:30:00+0100,5161,144.1183779835701,167.06288866588147,385.113703340292,222.01194489002228,179.02316528476027,160.56128,173.18115
2013-12-19 02:40:00+0100,5161,168.7206529378891,144.1183779835701,443.733720459044,247.296572227031,172.50032481333216,158.07764,161.21643
2013-12-19 02:50:00+0100,5161,163.0735912322998,168.7206529378891,424.521811246872,244.7960146665573,189.97369762469626,165.10974,163.9972
2013-12-19 03:00:00+0100,5161,140.69020628929138,163.0735912322998,514.8599243164062,220.4600372314453,163.21346767091015,170.01611,160.40723
2013-12-19 03:10:00+0100,5161,169.99309850484133,140.69020628929138,243.2739105224609,239.775800652802,147.6201019672668,165.67334,161.63062
2013-12-19 03:20:00+0100,5161,146.30841064453125,169.99309850484133,216.104736328125,230.21942138671875,175.108242689088,172.87549,163.26904
2013-12-19 03:30:00+0100,5161,139.7334501631558,146.30841064453125,226.12570190429688,223.0183563232422,166.1590213405661,171.30713,160.65967
2013-12-19 03:40:00+0100,5161,157.53610934206517,139.7334501631558,232.0737335041631,235.02690866589543,158.9481297284524,167.21704,157.40479
2013-12-19 03:50:00+0100,5161,149.20889282226562,157.53610934206517,208.0513153076172,233.7168731689453,166.0103212440294,171.02148,149.49231
2013-12-19 04:00:00+0100,5161,137.03987730690278,149.20889282226562,225.40232347586425,213.24581909179688,159.9194760652216,172.05225,150.73718
2013-12-19 04:10:00+0100,5161,161.42362315842183,137.03987730690278,227.494851676398,229.92974853515625,156.70372633227512,168.2655,148.97583
2013-12-19 04:20:00+0100,5161,149.15987622737885,161.42362315842183,215.54005432128903,241.8769378662109,188.88943502021834,174.31812,159.92395
2013-12-19 04:30:00+0100,5161,137.69418029376538,149.15987622737885,227.6981964111328,403.520751953125,173.3098059970264,175.45667,166.94812
2013-12-19 04:40:00+0100,5161,167.3306121826172,137.69418029376538,220.4795196492341,221.8316650390625,154.45863436373813,171.67505,169.8971
2013-12-19 04:50:00+0100,5161,163.0625854410464,167.3306121826172,219.9332275390625,279.660641475406,185.84774393981667,179.55457,176.07568
2013-12-19 05:00:00+0100,5161,148.1273654177785,163.0625854410464,234.7387329019839,278.8628763098386,175.65077050689268,185.12244,183.70142
2013-12-19 05:10:00+0100,5161,192.2841339111328,148.1273654177785,256.2188415527344,226.44154516607523,165.62882613201526,183.41284,171.55664
2013-12-19 05:20:00+0100,5161,164.71341329813004,192.2841339111328,246.5761230427888,228.36318664142163,202.59894601127164,197.86987,187.16223
2013-12-19 05:30:00+0100,5161,144.27452258655103,164.71341329813004,248.0890472371248,339.11785888671875,193.75761878196278,199.9137,182.4259
2013-12-19 05:40:00+0100,5161,199.8322007954121,144.27452258655103,257.0533016808331,267.2360092774033,167.2073670457299,192.27966,185.82141
2013-12-19 05:50:00+0100,5161,156.33419799804688,199.8322007954121,243.37932161876236,237.3375730838743,195.87857393598512,206.2832,196.99365
2013-12-19 06:00:00+0100,5161,143.32224105671048,156.33419799804688,263.1778957374627,239.74741569161412,174.0101143908483,202.65479,193.21533
2013-12-19 06:10:00+0100,5161,201.51145419478416,143.32224105671048,227.68662615009816,229.47182921954663,166.70682896066168,193.07043,199.5365
2013-12-19 06:20:00+0100,5161,182.49236544966695,201.51145419478416,237.6364883992937,251.98468017578125,207.5732667798802,207.14099,214.40027
2013-12-19 06:30:00+0100,5161,133.89031226187944,182.49236544966695,320.8879175920156,225.16645273345057,199.29102852309822,212.92688,206.97717
2013-12-19 06:40:00+0100,5161,189.7395356446505,133.89031226187944,246.0983907420305,298.33815173694165,175.25255281011837,197.9878,196.5343
2013-12-19 06:50:00+0100,5161,187.9349362626672,189.7395356446505,260.01495956256986,274.08010410144925,207.4728039846451,205.57288,223.6637
2013-12-19 07:00:00+0100,5161,209.4609222412109,187.9349362626672,350.6496215738589,275.13665530085564,213.15872930045094,212.9403,250.52478
2013-12-19 07:10:00+0100,5161,197.42626953125,209.4609222412109,396.9144465995487,301.2577492723358,231.5159281767985,226.1449,275.0448
2013-12-19 07:20:00+0100,5161,212.63688813039332,197.42626953125,404.7466851338977,353.8493151292205,246.36231293945522,231.83362,276.3152
2013-12-19 07:30:00+0100,5161,216.06082782521844,212.63688813039332,444.64056342397816,410.376745082438,243.91961169706462,240.55469,309.65747
2013-12-19 07:40:00+0100,5161,261.4317096982268,216.06082782521844,383.8240915269125,356.06283049983904,238.03656128292226,248.2793,326.54785
2013-12-19 07:50:00+0100,5161,296.2709891498089,261.4317096982268,396.33359428384574,390.37230828404427,288.402884235574,270.53845,366.65515
2013-12-19 08:00:00+0100,5161,342.76183098036563,296.2709891498089,413.65237796108704,449.08650825347286,350.7238156478561,301.2234,395.4065
2013-12-19 08:10:00+0100,5161,346.6925705403555,342.76183098036563,642.7807691276539,606.3141612388426,388.5150909965621,341.75574,434.91724
2013-12-19 08:20:00+0100,5161,422.2298038487788,346.6925705403555,541.2099061831832,519.1370017383597,388.5216981884475,373.29956,446.59534
2013-12-19 08:30:00+0100,5161,488.4607691061101,422.2298038487788,618.9034131059889,543.125058782869,477.2595878946006,423.43896,515.1744
2013-12-19 08:40:00+0100,5161,604.7331489280332,488.4607691061101,646.4804179365747,737.9160758703947,548.5337431927031,486.9077,560.71106
2013-12-19 08:50:00+0100,5161,607.3706462499104,604.7331489280332,736.5292336423299,878.5917312167585,658.474829461187,579.3078,661.34424
2013-12-19 09:00:00+0100,5161,717.0960758626461,607.3706462499104,844.3093335251324,940.3500054169564,697.7040349531561,649.6309,711.3942
2013-12-19 09:10:00+0100,5161,744.4126111108926,717.0960758626461,899.549633794697,985.9355333883432,783.6031502456955,739.952,818.7623
2013-12-19 09:20:00+0100,5161,885.8691765420372,744.4126111108926,958.53695035266,1171.7846974618733,868.0361857690335,816.3402,874.5338
2013-12-19 09:30:00+0100,5161,956.9750009369454,885.8691765420372,1156.9509775042534,1372.587533712387,942.6002221807747,924.44556,991.4443
2013-12-19 09:40:00+0100,5161,974.4222701031832,956.9750009369454,1070.9884897761513,1200.8808206968242,985.646669696156,1032.0875,1069.9624
2013-12-19 09:50:00+0100,5161,1099.8968374867109,974.4222701031832,1130.0843978256453,1378.6602168931277,1089.19708761211,1111.7892,1134.876
2013-12-19 10:00:00+0100,5161,1223.026499718835,1099.8968374867109,1296.178022733715,1436.4905609380803,1179.396546060561,1211.9175,1222.4451
2013-12-19 10:10:00+0100,5161,1343.774101173156,1223.026499718835,1440.5530208811397,1531.6101241473225,1293.5014408083507,1331.1653,1339.8934
2013-12-19 10:20:00+0100,5161,1372.371398380783,1343.774101173156,1529.780009122216,1810.727083739359,1444.4534913995808,1461.9071,1460.6365
2013-12-19 10:30:00+0100,5161,1541.025355770078,1372.371398380783,1691.0552410695818,1808.5104356885424,1520.823737004033,1558.5894,1534.9084
2013-12-19 10:40:00+0100,5161,1538.610294252634,1541.025355770078,1911.0960344448688,2152.2361146584158,1675.2575773779677,1683.164,1678.5121
2013-12-19 10:50:00+0100,5161,1767.8144332904485,1538.610294252634,1785.5616563361257,2463.396086803463,1734.1020002937814,1760.5317,1728.4756
2013-12-19 11:00:00+0100,5161,1720.5001678679257,1767.8144332904485,2071.849912453676,2421.6683802221087,1841.311143468149,1893.4188,1910.5398
2013-12-19 11:10:00+0100,5161,1655.2977164004114,1720.5001678679257,2104.383914614853,2478.262162140396,1853.9563114538037,1958.7855,1900.0018
2013-12-19 11:20:00+0100,5161,1764.8961813736823,1655.2977164004114,2088.582891561091,2504.706497858104,1889.7305162757775,1953.4434,1910.2238
2013-12-19 11:30:00+0100,5161,1819.6340641006827,1764.8961813736823,2219.113983086136,2712.789320996788,1950.9509962543311,1975.7019,1969.7916
2013-12-19 11:40:00+0100,5161,2052.695614159107,1819.6340641006827,2249.711708892137,2844.146779563278,1989.3193825002281,2009.0933,2018.1248
2013-12-19 11:50:00+0100,5161,2101.996870509174,2052.695614159107,2448.1502009619144,2794.5777931947378,2124.62888869753,2124.9927,2187.4485
2013-12-19 12:00:00+0100,5161,2135.135216736817,2101.996870509174,2599.890946491447,2787.7522233203053,2219.3625473812517,2227.1318,2236.0776
2013-12-19 12:10:00+0100,5161,2269.461391167366,2135.135216736817,2445.9319047033787,3066.8423506319523,2325.1645858254246,2298.0225,2309.432
2013-12-19 12:20:00+0100,5161,2298.472874045372,2269.461391167366,2537.695104751037,3377.993937833992,2388.318594642684,2386.9084,2432.4792
2013-12-19 12:30:00+0100,5161,2442.743281326082,2298.472874045372,2588.793991503888,2602.693983323872,2363.578868422145,2449.9612,2485.2678
2013-12-19 12:40:00+0100,5161,2534.780571367592,2442.743281326082,2524.9181373417377,2806.230331214901,2598.48937590891,2538.9834,2623.128
2013-12-19 12:50:00+0100,5161,2562.878809822374,2534.780571367592,2801.240523925808,3819.3223014947134,2749.071792923453,2630.2646,2708.3667
2013-12-19 13:00:00+0100,5161,2649.3838578589493,2562.878809822374,2847.3314245156944,3434.330885358155,2744.054829212796,2693.1477,2799.255
2013-12-19 13:10:00+0100,5161,3079.7336100019747,2649.3838578589493,3144.238094970584,3432.624528612941,2851.0886980044766,2757.7583,2878.3037
2013-12-19 13:20:00+0100,5161,2879.3524971906445,3079.7336100019747,3527.2244076781208,3517.0327703505754,3099.9808038967303,2968.9685,3094.2534
2013-12-19 13:30:00+0100,5161,3051.982548860484,2879.3524971906445,3725.4208547770977,3574.9489617671934,3075.544759746103,3033.1836,3055.099
2013-12-19 13:40:00+0100,5161,3203.687965900521,3051.982548860484,3822.518273725,3910.5604380730656,3233.634795324473,3116.9932,3217.746
2013-12-19 13:50:00+0100,5161,3184.9202897276846,3203.687965900521,3866.7157318890095,3948.372937195003,3364.6957747261677,3225.0552,3254.7012
2013-12-19 14:00:00+0100,5161,3255.819984674861,3184.9202897276846,3877.3700235027936,4082.5532115474334,3289.6095696765346,3281.8647,3283.6316
2013-12-19 14:10:00+0100,5161,3134.4020108282566,3255.819984674861,3581.2972077418235,3696.050462222484,3249.7072392716886,3333.4116,3315.2986
2013-12-19 14:20:00+0100,5161,3258.1519189465907,3134.4020108282566,3756.336520228535,3813.7810620069504,3254.3268510517796,3310.0586,3256.482
2013-12-19 14:30:00+0100,5161,3144.569121638371,3258.1519189465907,3436.163704559207,3699.967184379697,3297.945096976564,3330.9001,3306.2053
2013-12-19 14:40:00+0100,5161,3201.752397619188,3144.569121638371,3591.04155421257,3733.689081452787,3203.009096553571,3299.2065,3226.4832
2013-12-19 14:50:00+0100,5161,2828.01231451222,3201.752397619188,3316.722258077003,3412.603164345026,3171.1261147467767,3292.4216,3231.5635
2013-12-19 15:00:00+0100,5161,3105.1986325983307,2828.01231451222,3167.509067047388,3413.8137326538563,2963.5203308311284,3137.0732,3015.8826
2013-12-19 15:10:00+0100,5161,2825.0267841257155,3105.1986325983307,3138.918802298605,3381.821543432772,3101.676638083642,3126.2751,3134.831
2013-12-19 15:20:00+0100,5161,2680.860378022131,2825.0267841257155,3047.272921897471,3300.1260094493628,2974.9520167602514,3017.896,2928.574
2013-12-19 15:30:00+0100,5161,2901.164466224611,2680.860378022131,3150.52646265924,3139.632036257535,2853.2293152686657,2874.8267,2860.0369
2013-12-19 15:40:00+0100,5161,2752.326108327892,2901.164466224611,2938.9462143916758,3457.9045190539327,2895.599386355014,2855.3926,2882.4478
2013-12-19 15:50:00+0100,5161,2739.160694694903,2752.326108327892,3039.3790743611758,3377.452175035607,2927.1403619205284,2791.4897,2828.692
2013-12-19 16:00:00+0100,5161,2807.9269298453,2739.160694694903,3118.2082297939924,3643.715350061655,2894.219957524371,2734.9375,2831.4583
2013-12-19 16:10:00+0100,5161,2584.647362088436,2807.9269298453,3213.4921394772828,3441.737980812788,2851.9907019748716,2718.8813,2816.2866
2013-12-19 16:20:00+0100,5161,2495.299643084407,2584.647362088436,3012.903516433027,3307.1277165412903,2725.33307960151,2622.9473,2704.5537
2013-12-19 16:30:00+0100,5161,2745.706779556,2495.299643084407,2953.8872925043106,3196.434474222362,2604.719048270168,2512.2783,2664.9321
2013-12-19 16:40:00+0100,5161,2450.802817953401,2745.706779556,2920.7847642973065,3302.368494689465,2765.7335059220727,2529.3064,2738.3394
2013-12-19 16:50:00+0100,5161,2718.5146470271284,2450.802817953401,2932.362139798701,3299.547623027116,2650.445011598224,2443.915,2602.8215
2013-12-19 17:00:00+0100,5161,2651.8242773678503,2718.5146470271284,3075.2096470061806,3301.9981369726597,2744.2537566637266,2478.4126,2726.6094
2013-12-19 17:10:00+0100,5161,2449.5356242571143,2651.8242773678503,3023.2145622585085,3395.228334321466,2754.257645582081,2490.1218,2670.9517
2013-12-19 17:20:00+0100,5161,2364.176937262353,2449.5356242571143,2955.809600714594,3318.2096867837245,2637.996889519571,2420.6875,2623.0386
2013-12-19 17:30:00+0100,5161,2622.104565907677,2364.176937262353,2909.414115346968,3377.822033098724,2478.5058636980048,2331.116,2526.7222
2013-12-19 17:40:00+0100,5161,2355.8409963909653,2622.104565907677,2701.296989619732,3321.28001113981,2612.466273808079,2365.2969,2603.6924
2013-12-19 17:50:00+0100,5161,2382.0017463591066,2355.8409963909653,2824.244719207287,3116.2612112239003,2481.361257298605,2306.184,2478.049
2013-12-19 18:00:00+0100,5161,2420.424663215876,2382.0017463591066,2610.159326739609,3282.072402997699,2453.9550431264247,2268.266,2483.2708
2013-12-19 18:10:00+0100,5161,2299.236286975444,2420.424663215876,2438.946429047733,2920.6165623073466,2434.103378622353,2260.13,2447.8845
2013-12-19 18:20:00+0100,5161,2240.3674621459213,2299.236286975444,2638.441983964294,2913.562818367034,2434.617632072366,2215.497,2387.8162
2013-12-19 18:30:00+0100,5161,2492.7871372252703,2240.3674621459213,2572.860462583601,3102.2371401910787,2345.2048617959713,2160.9888,2322.999
2013-12-19 18:40:00+0100,5161,2202.007008059707,2492.7871372252703,2564.826891555276,2826.370407115901,2422.01533713988,2219.2424,2402.124
2013-12-19 18:50:00+0100,5161,2133.3737056851387,2202.007008059707,2356.019431630906,2730.2243564829696,2300.3366852794193,2166.6072,2252.6055
2013-12-19 19:00:00+0100,5161,2326.321346014738,2133.3737056851387,2361.8774550896487,2674.455522275355,2256.6010471887575,2093.65,2211.107
2013-12-19 19:10:00+0100,5161,1970.2567949768272,2326.321346014738,2249.489947170019,2740.416112538427,2333.095886899791,2113.7114,2226.8147
2013-12-19 19:20:00+0100,5161,1808.8307590015463,1970.2567949768272,2056.950632258551,2972.8370211720467,2111.8809066923413,2008.71,2040.6764
2013-12-19 19:30:00+0100,5161,1778.773168116808,1808.8307590015463,2078.265871777432,2737.409261218505,1961.1185650791972,1865.2158,1903.3289
2013-12-19 19:40:00+0100,5161,1635.7877577841282,1778.773168116808,2282.870339318004,2659.536404762417,1903.5398403653196,1753.7485,1798.4269
2013-12-19 19:50:00+0100,5161,1787.2637054909137,1635.7877577841282,2069.83212351799,2739.4631794840097,1689.5210886009288,1635.0553,1676.3469
2013-12-19 20:00:00+0100,5161,1440.888634594914,1787.2637054909137,1856.3398842215536,2150.385015955486,1651.6333493910715,1613.7852,1698.3875
2013-12-19 20:10:00+0100,5161,1445.5644495785236,1440.888634594914,1593.684855562111,2196.946821372956,1507.4809125772395,1492.4908,1465.2294
2013-12-19 20:20:00+0100,5161,1165.5589973058668,1445.5644495785236,1380.7185394242406,1875.779033282772,1452.0019683955068,1402.5936,1420.5331
2013-12-19 20:30:00+0100,5161,983.617538779974,1165.5589973058668,1368.4242303557694,1743.6796794373658,1243.1088276636835,1248.7382,1225.11
2013-12-19 20:40:00+0100,5161,1067.5724749788642,983.617538779974,1136.7922083277372,1541.8087940216064,1052.8451305801211,1076.7213,1085.4155
2013-12-19 20:50:00+0100,5161,1064.6182104796171,1067.5724749788642,1057.0448801517489,1433.2479717731476,1021.2924923931736,988.56445,1041.42
2013-12-19 21:00:00+0100,5161,953.1277441680433,1064.6182104796171,952.5083278156816,1469.7458530247677,1032.5771263793392,942.1554,1013.864
2013-12-19 21:10:00+0100,5161,991.111922300246,953.1277441680433,885.5503848035005,1341.0448314845562,968.0135087951993,882.158,939.3657
2013-12-19 21:20:00+0100,5161,837.1151528432965,991.111922300246,945.3039512336254,1242.414835728705,1016.8496479699065,854.3071,926.7704
2013-12-19 21:30:00+0100,5161,743.8278604671359,837.1151528432965,955.26440583542,1241.818925410509,927.2312801265493,787.6199,822.8981
2013-12-19 21:40:00+0100,5161,719.1316641010344,743.8278604671359,908.5028562422958,1087.6320872880751,794.0828032019726,705.70074,760.5507
2013-12-19 21:50:00+0100,5161,640.9126473031938,719.1316641010344,948.1962133459748,1074.0119630534318,716.0159141235072,640.58234,691.7769
2013-12-19 22:00:00+0100,5161,713.2597136050463,640.9126473031938,824.9543947428465,960.9234385915332,637.9974667065745,574.23035,627.9655
2013-12-19 22:10:00+0100,5161,645.8009456310538,713.2597136050463,795.2902496297029,754.5193418588606,639.1933081213041,557.7184,633.86914
2013-12-19 22:20:00+0100,5161,572.8273867145181,645.8009456310538,611.889832417306,762.4220054149628,637.0337632102417,533.96674,606.1574
2013-12-19 22:30:00+0100,5161,602.1082598023349,572.8273867145181,578.933089426544,659.2328373193741,591.4300832878382,495.0821,559.6524
2013-12-19 22:40:00+0100,5161,612.7760814454523,602.1082598023349,579.7583690561587,555.5825976558262,575.3718462055123,480.83838,563.3443
2013-12-19 22:50:00+0100,5161,511.6283886358142,612.7760814454523,505.0706860635546,580.9802187372115,583.5335967563528,482.76575,551.03125
2013-12-19 23:00:00+0100,5161,441.113154925406,511.6283886358142,457.7309750855202,525.5370933253434,525.085457827925,454.8219,496.88232
2013-12-19 23:10:00+0100,5161,420.68938555940986,441.113154925406,554.7293975789216,554.5878165318281,486.4194029614841,410.37256,455.7163
2013-12-19 23:20:00+0100,5161,422.763929463923,420.68938555940986,463.8495180308819,662.1504651680589,448.2298565160725,374.33496,413.45142
2013-12-19 23:30:00+0100,5161,424.8137913197279,422.763929463923,405.31708124279976,521.4916060704854,397.0117776232368,355.9685,414.78906
2013-12-19 23:40:00+0100,5161,384.16812243685126,424.8137913197279,362.2332935221493,450.08639826701256,392.45691724358585,351.5664,395.1703
2013-12-19 23:50:00+0100,5161,292.0899202663568,384.16812243685126,315.8397763520479,445.55484840273857,393.13789284972614,340.00623,363.93494
2013-12-20 00:00:00+0100,5161,320.8548681214452,292.0899202663568,274.1597082167864,420.59390072413953,332.01434313294334,301.63623,309.98328
2013-12-20 00:10:00+0100,5161,295.08881587535143,320.8548681214452,267.61261846125126,370.53550614067353,310.18774878925456,285.69385,313.8932
2013-12-20 00:20:00+0100,5161,295.9307325184345,295.08881587535143,269.43480214476585,346.07658131141216,290.46257982943155,271.511,287.30737
2013-12-20 00:30:00+0100,5161,256.0935343876481,295.9307325184345,251.59936040418688,369.61817393807,283.3853471467205,265.55615,283.29626
2013-12-20 00:40:00+0100,5161,206.0202859789133,256.0935343876481,241.11076791473897,290.3642274506856,256.20991749574046,251.39636,258.31482
2013-12-20 00:50:00+0100,5161,217.9249498024583,206.0202859789133,217.61388021707532,292.408303222619,237.5255127798476,224.59827,235.89453
2013-12-20 01:00:00+0100,5161,242.26108364015815,217.9249498024583,203.9383645951748,280.555990006309,219.226066413793,211.05847,228.91699
2013-12-20 01:10:00+0100,5161,174.30727953463793,242.26108364015815,204.19021272659305,241.0024012007052,220.43947950014223,214.69421,230.69946
2013-12-20 01:20:00+0100,5161,178.36249640583992,174.30727953463793,169.8319168463349,269.8839682042599,193.68574927364438,196.3927,205.37854
2013-12-20 01:30:00+0100,5161,175.14631970226765,178.36249640583992,162.96949462482007,254.35899630188945,191.38660932946289,184.17883,205.7019
2013-12-20 01:40:00+0100,5161,152.33877563476562,175.14631970226765,188.5365091264248,235.0242723457632,179.2505196351055,176.92737,202.91882
2013-12-20 01:50:00+0100,5161,180.4087352231145,152.33877563476562,145.8247344929841,238.7945983845857,168.84231793408046,165.5481,189.40503
2013-12-20 02:00:00+0100,5161,171.0482498779893,180.4087352231145,147.122799678531,260.458553358214,180.22413892926645,168.92615,191.54382
2013-12-20 02:10:00+0100,5161,161.85028187185526,171.0482498779893,160.85327337571653,241.55755918775685,197.8434755967644,170.81177,187.93958
2013-12-20 02:20:00+0100,5161,185.78026989102364,161.85028187185526,167.06288866588147,262.96099242346827,192.77383470270155,169.88245,180.08508
2013-12-20 02:30:00+0100,5161,189.96630946546796,185.78026989102364,144.1183779835701,260.42348020826466,192.11669999487677,178.55676,187.43774
2013-12-20 02:40:00+0100,5161,159.52863615006208,189.96630946546796,168.7206529378891,208.14044478797587,196.58415777175338,188.28137,185.31213
2013-12-20 02:50:00+0100,5161,174.65320212394,159.52863615006208,163.0735912322998,232.44423521705903,185.24859283021047,185.01147,175.62537
2013-12-20 03:00:00+0100,5161,173.67647652962478,174.65320212394,140.69020628929138,220.63473814283495,168.45367414564052,187.38281,181.73035
2013-12-20 03:10:00+0100,5161,210.40673986822367,173.67647652962478,169.99309850484133,254.2137420613435,159.72533748990162,189.91492,177.92798
2013-12-20 03:20:00+0100,5161,215.73896129318743,210.40673986822367,146.30841064453125,223.34765876480375,195.70085258103194,205.90417,187.83325
2013-12-20 03:30:00+0100,5161,178.25208340585232,215.73896129318743,139.7334501631558,223.5336084663868,210.04856780164323,221.3678,197.53528
2013-12-20 03:40:00+0100,5161,188.90144665539265,178.25208340585232,157.53610934206517,191.43711492232976,195.76321552234148,218.76709,188.83716
2013-12-20 03:50:00+0100,5161,167.1031494140625,188.90144665539265,149.20889282226562,226.85070054605603,197.85388911659496,218.96497,192.86658
2013-12-20 04:00:00+0100,5161,169.1982845366001,167.1031494140625,137.03987730690278,209.4645629801089,182.47097782514544,211.46289,188.78577
2013-12-20 04:10:00+0100,5161,178.67270056158304,169.1982845366001,161.42362315842183,200.24271846096963,174.98356495252693,206.15674,190.46826
2013-12-20 04:20:00+0100,5161,154.4512481689453,178.67270056158304,149.15987622737885,222.69894694443792,177.91893475919534,206.33801,188.5686
2013-12-20 04:30:00+0100,5161,164.45602971315384,154.4512481689453,137.69418029376538,212.7274616220966,167.1905278600459,198.34033,183.20874
2013-12-20 04:40:00+0100,5161,150.4501953125,164.45602971315384,167.3306121826172,182.2742675244808,168.93056261323818,195.63953,185.66748
2013-12-20 04:50:00+0100,5161,157.7834797129035,150.4501953125,163.0625854410464,209.29918979044305,165.60322866285168,189.40259,182.33276
2013-12-20 05:00:00+0100,5161,150.87732250988483,157.7834797129035,148.1273654177785,215.79264904931188,171.39736326507438,187.37085,182.74438
2013-12-20 05:10:00+0100,5161,154.23660165333422,150.87732250988483,192.2841339111328,211.6207995871082,161.3331790637635,184.05396,182.38611
2013-12-20 05:20:00+0100,5161,181.198687389493,154.23660165333422,164.71341329813004,203.0055206050165,160.10921533787229,182.95288,176.8103
2013-12-20 05:30:00+0100,5161,191.8864472657442,181.198687389493,144.27452258655103,217.58526466437613,181.35130444856236,192.60437,191.30957
2013-12-20 05:40:00+0100,5161,183.43314464279683,191.8864472657442,199.8322007954121,196.063177742064,190.13506482115517,204.92603,200.7351
2013-12-20 05:50:00+0100,5161,154.4609671384096,183.43314464279683,156.33419799804688,220.2783888578415,190.83076522755584,211.01929,200.469
2013-12-20 06:00:00+0100,5161,191.37866497039795,154.4609671384096,143.32224105671048,216.2783316586283,178.10078033987847,203.8595,209.89465
2013-12-20 06:10:00+0100,5161,142.15965779760154,191.37866497039795,201.51145419478416,204.5174616255099,194.32043886075627,210.84863,233.00916
2013-12-20 06:20:00+0100,5161,163.7712437350419,142.15965779760154,182.49236544966695,245.32408604311055,173.79353669738228,199.18176,223.51038
2013-12-20 06:30:00+0100,5161,186.4108647108078,163.7712437350419,133.89031226187944,243.2547912597656,171.64839990428234,196.60242,237.69507
2013-12-20 06:40:00+0100,5161,174.1564987078309,186.4108647108078,189.7395356446505,224.07481026649475,184.92700832026947,204.30615,233.66577
2013-12-20 06:50:00+0100,5161,208.7821584045887,174.1564987078309,187.9349362626672,266.9632568359375,210.11335890293967,206.49927,260.62158
2013-12-20 07:00:00+0100,5161,232.6047221943736,208.7821584045887,209.4609222412109,333.38897705078125,228.22865973391094,220.39551,270.5669
2013-12-20 07:10:00+0100,5161,239.0432701553218,232.6047221943736,197.42626953125,288.27514146157773,242.26023209087103,240.71204,310.3971
2013-12-20 07:20:00+0100,5161,270.358741119504,239.0432701553218,212.63688813039332,327.9789774417877,262.15094294100163,258.35986,332.71143
2013-12-20 07:30:00+0100,5161,315.4996730812127,270.358741119504,216.06082782521844,359.4491914063692,278.9459991533503,282.3628,359.1786
2013-12-20 07:40:00+0100,5161,319.7182399459416,315.4996730812127,261.4317096982268,346.8698005601764,313.63719782689566,317.2174,385.43616
2013-12-20 07:50:00+0100,5161,377.8523372887285,319.7182399459416,296.2709891498089,362.1041586175561,342.425571508198,344.8291,415.56616
2013-12-20 08:00:00+0100,5161,352.5507557828096,377.8523372887285,342.76183098036563,430.19520430639386,413.601366744567,385.61755,456.6195
2013-12-20 08:10:00+0100,5161,383.3799070321256,352.5507557828096,346.6925705403555,509.56057966762455,402.90751317785185,406.21082,471.3523
2013-12-20 08:20:00+0100,5161,457.7913806628785,383.3799070321256,422.2298038487788,490.62923373433296,428.49631699331223,429.60046,516.9168
2013-12-20 08:30:00+0100,5161,519.1234721210203,457.7913806628785,488.4607691061101,675.91561772977,500.10164042589975,474.80603,566.5181
2013-12-20 08:40:00+0100,5161,592.0156015709508,519.1234721210203,604.7331489280332,661.7514558050898,554.0865377379757,533.16064,622.54724
2013-12-20 08:50:00+0100,5161,682.5119982254109,592.0156015709508,607.3706462499104,809.6392161548138,635.5478841691481,604.7247,675.6082
2013-12-20 09:00:00+0100,5161,815.2566005319823,682.5119982254109,717.0960758626461,807.560701249924,704.7283408018005,692.98975,755.58484
2013-12-20 09:10:00+0100,5161,893.1666257232428,815.2566005319823,744.4126111108926,788.6155556876329,823.7932066327542,810.88153,867.10126
2013-12-20 09:20:00+0100,5161,951.8005725741386,893.1666257232428,885.8691765420372,953.0805176038411,945.8684816503758,929.3666,967.8164
2013-12-20 09:30:00+0100,5161,889.6656958885724,951.8005725741386,956.9750009369454,1068.5499943062896,993.6264532374405,1035.4998,1035.0493
2013-12-20 09:40:00+0100,5161,1044.020788690832,889.6656958885724,974.4222701031832,1104.9961928852135,998.1582308759878,1078.9734,1054.3927
2013-12-20 09:50:00+0100,5161,1141.5233592901495,1044.020788690832,1099.8968374867109,1353.6152318842942,1150.9674947351932,1160.2662,1175.4496
2013-12-20 10:00:00+0100,5161,1331.021993621078,1141.5233592901495,1223.026499718835,1626.3648071133648,1219.3463099553426,1257.7706,1258.3038
2013-12-20 10:10:00+0100,5161,1221.18203080073,1331.021993621078,1343.774101173156,1478.5724227732862,1345.9646223276168,1402.8993,1415.4012
2013-12-20 10:20:00+0100,5161,1363.3948228247464,1221.18203080073,1372.371398380783,1741.181463091576,1373.8683862405287,1457.2568,1406.3752
2013-12-20 10:30:00+0100,5161,1549.3873883076012,1363.3948228247464,1541.025355770078,1726.1101848224644,1475.2743369665502,1534.5801,1533.7601
2013-12-20 10:40:00+0100,5161,1544.8606651201844,1549.3873883076012,1538.610294252634,1817.2911235247736,1594.3312366331147,1661.2573,1674.4397
2013-12-20 10:50:00+0100,5161,1697.7923305556178,1544.8606651201844,1767.8144332904485,2025.330930645636,1676.1390969939503,1743.7709,1709.734
2013-12-20 11:00:00+0100,5161,1738.7125567793846,1697.7923305556178,1720.5001678679257,2278.3988857269287,1771.821360717035,1849.3113,1823.0894
2013-12-20 11:10:00+0100,5161,1758.369952834037,1738.7125567793846,1655.2977164004114,2206.234600167023,1824.5099283933043,1930.5505,1896.6816
2013-12-20 11:20:00+0100,5161,1717.3818382013706,1758.369952834037,1764.8961813736823,2354.2550248343614,1915.8450952596736,1979.1259,1957.8633
2013-12-20 11:30:00+0100,5161,2046.750439077616,1717.3818382013706,1819.6340641006827,2681.5029232501984,1922.4419042180837,1978.9939,1962.3861
2013-12-20 11:40:00+0100,5161,1989.82886210084,2046.750439077616,2052.695614159107,2659.69423738122,2094.8106340948175,2102.8784,2168.447
2013-12-20 11:50:00+0100,5161,2381.054754009354,1989.82886210084,2101.996870509174,2660.2270113788545,2123.637821405869,2170.2742,2167.7817
2013-12-20 12:00:00+0100,5161,2271.2347370646894,2381.054754009354,2135.135216736817,2823.0892419815063,2340.5316945100662,2364.1543,2450.4133
2013-12-20 12:10:00+0100,5161,2400.478811084118,2271.2347370646894,2269.461391167366,2598.1020740047097,2328.157282806576,2452.0203,2416.472
2013-12-20 12:20:00+0100,5161,2226.840900272131,2400.478811084118,2298.472874045372,2539.9656950235367,2499.8618195404715,2537.3813,2604.8523
2013-12-20 12:30:00+0100,5161,2358.4516637027264,2226.840900272131,2442.743281326082,2899.1408144645397,2421.3519925738283,2508.006,2520.6057
2013-12-20 12:40:00+0100,5161,2492.564023889601,2358.4516637027264,2534.780571367592,2910.5456995666027,2478.4911125352,2519.7673,2641.0193
2013-12-20 12:50:00+0100,5161,2654.988257787016,2492.564023889601,2562.878809822374,2911.841005500406,2554.6338332094388,2583.086,2680.5732
2013-12-20 13:00:00+0100,5161,2834.7442089233664,2654.988257787016,2649.3838578589493,3157.744201235473,2787.21003346456,2694.2397,2838.4004
2013-12-20 13:10:00+0100,5161,2796.336681354791,2834.7442089233664,3079.7336100019747,3533.6422243714333,2964.2836747805068,2840.8882,2914.723
2013-12-20 13:20:00+0100,5161,3057.3893992580706,2796.336681354791,2879.3524971906445,3574.6271080859005,2992.88769872071,2916.022,2990.5247
2013-12-20 13:30:00+0100,5161,3188.3404420614243,3057.3893992580706,3051.982548860484,3611.0507113710046,3179.5996655346894,3052.4321,3146.2686
2013-12-20 13:40:00+0100,5161,3221.680862954643,3188.3404420614243,3203.687965900521,3886.835133522749,3251.0302991911108,3191.108,3218.1614
2013-12-20 13:50:00+0100,5161,3524.606359951198,3221.680862954643,3184.9202897276846,3509.259044483304,3276.628248984515,3284.3457,3275.945
2013-12-20 14:00:00+0100,5161,3223.604556981474,3524.606359951198,3255.819984674861,3665.632684402168,3411.6598194698936,3450.186,3424.7285
2013-12-20 14:10:00+0100,5161,3420.880631878972,3223.604556981474,3134.4020108282566,3187.1186501808697,3296.8046535095054,3434.6262,3324.9614
2013-12-20 14:20:00+0100,5161,3430.3383481118944,3420.880631878972,3258.1519189465907,3205.1070182546973,3427.211892540352,3475.213,3462.2036
2013-12-20 14:30:00+0100,5161,3298.1098151505,3430.3383481118944,3144.569121638371,3643.244923513383,3438.598827765117,3504.3032,3405.1113
2013-12-20 14:40:00+0100,5161,3026.864762470126,3298.1098151505,3201.752397619188,3397.064687810838,3322.792421820469,3465.2402,3386.4756
2013-12-20 14:50:00+0100,5161,3372.5327009100583,3026.864762470126,2828.01231451222,3560.482267290354,3156.9959505683037,3320.8076,3219.9165
2013-12-20 15:00:00+0100,5161,3101.176009774208,3372.5327009100583,3105.1986325983307,3651.3508180230856,3312.620604128355,3350.5845,3381.81
2013-12-20 15:10:00+0100,5161,3045.3304901335505,3101.176009774208,2825.0267841257155,3520.2074077539146,3124.6235764727444,3277.5312,3173.334
2013-12-20 15:20:00+0100,5161,3055.9318594038486,3045.3304901335505,2680.860378022131,3536.851721227169,3120.186846804294,3193.622,3186.33
2013-12-20 15:30:00+0100,5161,2986.764907485631,3055.9318594038486,2901.164466224611,3414.395539917052,3077.2693504559475,3133.7256,3081.3232
2013-12-20 15:40:00+0100,5161,3136.2237370724324,2986.764907485631,2752.326108327892,3397.797563925385,3033.066181416785,3061.463,3082.9106
2013-12-20 15:50:00+0100,5161,3131.083723506716,3136.2237370724324,2739.160694694903,3335.6073825981584,3141.8358901921556,3064.4602,3113.6606
2013-12-20 16:00:00+0100,5161,3260.105559438467,3131.083723506716,2807.9269298453,3723.960491227743,3174.0558424887045,3066.2285,3093.5952
2013-12-20 16:10:00+0100,5161,3274.4448966160417,3260.105559438467,2584.647362088436,3445.136788070202,3214.319808125954,3113.4275,3165.6099
2013-12-20 16:20:00+0100,5161,3278.255120843649,3274.4448966160417,2495.299643084407,3692.674080207944,3281.5488483340414,3149.745,3191.4834
2013-12-20 16:30:00+0100,5161,3278.9111118987203,3278.255120843649,2745.706779556,3429.720185108483,3256.142198179714,3170.8428,3209.1147
2013-12-20 16:40:00+0100,5161,3529.724702576932,3278.9111118987203,2450.802817953401,3257.7410226128995,3274.981325353391,3179.5208,3206.2158
2013-12-20 16:50:00+0100,5161,3394.194245918712,3529.724702576932,2718.5146470271284,3349.9667813543347,3455.534383820688,3278.0503,3345.9863
2013-12-20 17:00:00+0100,5161,3234.207076132297,3394.194245918712,2651.8242773678503,3302.581385947764,3363.88310133294,3299.5698,3284.699
2013-12-20 17:10:00+0100,5161,3389.942995711055,3234.207076132297,2449.5356242571143,3253.2636120021343,3270.078103395048,3240.569,3262.694
2013-12-20 17:20:00+0100,5161,3076.820452208864,3389.942995711055,2364.176937262353,3346.231495190412,3351.500053409178,3248.4543,3289.1995
2013-12-20 17:30:00+0100,5161,3169.025573211955,3076.820452208864,2622.104565907677,3257.9729561805725,3141.336891277233,3134.085,3130.244
2013-12-20 17:40:00+0100,5161,3152.813289679587,3169.025573211955,2355.8409963909653,3364.583609394729,3141.5954928244673,3079.4185,3158.4377
2013-12-20 17:50:00+0100,5161,2945.257076263428,3152.813289679587,2382.0017463591066,3351.350615105417,3133.913017475872,3040.2068,3069.972
2013-12-20 18:00:00+0100,5161,2751.240667439997,2945.257076263428,2420.424663215876,3374.025703172025,3002.360047915806,2935.582,2970.9087
2013-12-20 18:10:00+0100,5161,2526.0863514084485,2751.240667439997,2299.236286975444,3460.481450006366,2875.067291666917,2782.4055,2840.857
2013-12-20 18:20:00+0100,5161,2513.1202022249345,2526.0863514084485,2240.3674621459213,3415.785531323403,2690.7362537637946,2587.0654,2661.5835
2013-12-20 18:30:00+0100,5161,2452.4890643645194,2513.1202022249345,2492.7871372252703,2978.5201367884874,2500.994987110077,2448.3267,2570.6733
2013-12-20 18:40:00+0100,5161,2226.2949653160176,2452.4890643645194,2202.007008059707,2735.3946807660395,2416.6578266360475,2342.8909,2487.053
2013-12-20 18:50:00+0100,5161,2231.854131095112,2226.2949653160176,2133.3737056851387,2953.750115606934,2331.0305543787617,2198.7854,2333.8865
2013-12-20 19:00:00+0100,5161,2045.1723882295191,2231.854131095112,2326.321346014738,2757.56410281884,2227.274669018405,2106.0164,2284.5486
2013-12-20 19:10:00+0100,5161,1932.1817307248712,2045.1723882295191,1970.2567949768272,2460.0091696083546,2056.87188966702,1987.252,2130.4722
2013-12-20 19:20:00+0100,5161,1809.0938705019653,1932.1817307248712,1808.8307590015463,2472.619755771011,1988.2729397689475,1870.5516,2028.6584
2013-12-20 19:30:00+0100,5161,1682.274806752801,1809.0938705019653,1778.773168116808,2404.7067721933126,1888.536525562113,1754.0557,1885.2944
2013-12-20 19:40:00+0100,5161,1658.539375348773,1682.274806752801,1635.7877577841282,2244.438107728958,1764.4776140601707,1636.9211,1760.7887
2013-12-20 19:50:00+0100,5161,1627.1317716639603,1658.539375348773,1787.2637054909137,2188.086236528703,1645.522725960785,1554.8164,1686.4153
2013-12-20 20:00:00+0100,5161,1571.7871063016355,1627.1317716639603,1440.888634594914,2114.7998368367557,1564.5958802664188,1497.9237,1607.5278
2013-12-20 20:10:00+0100,5161,1417.9407837826875,1571.7871063016355,1445.5644495785236,1742.118872180581,1506.506726425688,1448.3853,1539.7886
2013-12-20 20:20:00+0100,5161,1296.3012890554965,1417.9407837826875,1165.5589973058668,1801.3875089817448,1417.034803909427,1366.4178,1438.3633
2013-12-20 20:30:00+0100,5161,1142.2090883989003,1296.3012890554965,983.617538779974,1483.812475881365,1321.2898745827188,1266.9746,1325.8389
2013-12-20 20:40:00+0100,5161,1166.740219205618,1142.2090883989003,1067.5724749788642,1590.0328112606076,1189.6925345693544,1146.2502,1187.2915
2013-12-20 20:50:00+0100,5161,1058.699981406331,1166.740219205618,1064.6182104796171,1298.7938093319535,1127.4013071047166,1071.9188,1137.7363
2013-12-20 21:00:00+0100,5161,881.5584346428514,1058.699981406331,953.1277441680433,1373.568872703996,1054.7046101205115,993.8937,1048.4442
2013-12-20 21:10:00+0100,5161,897.3151420705253,881.5584346428514,991.111922300246,1172.5624519959092,926.0212109167728,883.3749,933.69336
2013-12-20 21:20:00+0100,5161,777.0236683189869,897.3151420705253,837.1151528432965,1073.6271069027716,884.4020049027245,810.74457,886.2312
2013-12-20 21:30:00+0100,5161,764.1147253837553,777.0236683189869,743.8278604671359,931.94871622324,793.0236441336269,727.75824,794.10645
2013-12-20 21:40:00+0100,5161,716.7286425508792,764.1147253837553,719.1316641010344,917.6876126416028,763.5889828876069,667.8441,738.32245
2013-12-20 21:50:00+0100,5161,641.4411480799317,716.7286425508792,640.9126473031938,922.9449613604812,733.0363413719379,616.42145,675.9096
2013-12-20 22:00:00+0100,5161,796.3833802692825,641.4411480799317,713.2597136050463,964.3768922366436,696.6568615991341,559.4447,619.8645
2013-12-20 22:10:00+0100,5161,612.7665881440043,796.3833802692825,645.8009456310538,1052.2079758644104,735.1767490689238,576.37286,668.6024
2013-12-20 22:20:00+0100,5161,640.7963233504561,612.7665881440043,572.8273867145181,920.1377437252668,622.9668431691296,538.0213,591.5092
2013-12-20 22:30:00+0100,5161,594.8789826311404,640.7963233504561,602.1082598023349,617.1152926683426,632.6286378080803,517.5038,589.116
2013-12-20 22:40:00+0100,5161,603.3621302385,594.8789826311404,612.7760814454523,664.4315094426274,589.2134575777102,493.3294,549.3223
2013-12-20 22:50:00+0100,5161,514.1576952550677,603.3621302385,511.6283886358142,520.1360331613687,563.3321648446498,483.90503,546.53436
2013-12-20 23:00:00+0100,5161,460.3304793834686,514.1576952550677,441.113154925406,524.8612292088801,517.8368794026617,452.27722,490.9063
2013-12-20 23:10:00+0100,5161,372.4422329530353,460.3304793834686,420.68938555940986,471.0636904079584,479.49184840128623,412.88147,452.82288
2013-12-20 23:20:00+0100,5161,336.61068517976673,372.4422329530353,422.763929463923,458.5327110555372,396.63828853791875,357.97888,392.78638
2013-12-20 23:30:00+0100,5161,280.37224644311937,336.61068517976673,424.8137913197279,475.2248053986696,350.65784684274934,309.9204,370.45898
2013-12-20 23:40:00+0100,5161,322.4158289320767,280.37224644311937,384.16812243685126,440.83529248985,285.74249400733424,262.57495,314.9048
2013-12-20 23:50:00+0100,5161,283.095229819417,322.4158289320767,292.0899202663568,438.2167266723118,307.1496871723408,249.88062,318.18823
2013-12-21 00:00:00+0100,5161,408.7940275669098,283.095229819417,320.8548681214452,469.7736322954297,297.37911884568337,236.07605,283.651
2013-12-21 00:10:00+0100,5161,251.385272026062,408.7940275669098,295.08881587535143,463.0298085808754,368.3533675325024,276.2567,330.4077
2013-12-21 00:20:00+0100,5161,240.89423906581945,251.385272026062,295.9307325184345,417.4766678426531,292.4830662898759,257.88525,262.53333
2013-12-21 00:30:00+0100,5161,218.9694687500596,240.89423906581945,256.0935343876481,359.43340146541595,264.545019267886,236.92017,263.41797
2013-12-21 00:40:00+0100,5161,215.7742153257132,218.9694687500596,206.0202859789133,294.4567414075136,227.7027658159299,216.65894,236.46729
2013-12-21 00:50:00+0100,5161,185.72180990764173,215.7742153257132,217.9249498024583,273.7511901855469,220.0865173105151,203.68091,243.64612
2013-12-21 01:00:00+0100,5161,219.38431651779683,185.72180990764173,242.26108364015815,258.82526755332947,182.4556602434353,187.18726,212.77307
2013-12-21 01:10:00+0100,5161,211.29132994788236,219.38431651779683,174.30727953463793,248.11181777715683,206.4208355771897,189.70142,228.65723
2013-12-21 01:20:00+0100,5161,178.29422701784642,211.29132994788236,178.36249640583992,248.4732878942159,207.7203500151484,193.13379,221.86462
2013-12-21 01:30:00+0100,5161,155.89794261642965,178.29422701784642,175.14631970226765,239.3702364638448,194.28517405752177,185.55017,223.48547
2013-12-21 01:40:00+0100,5161,151.62741088867188,155.89794261642965,152.33877563476562,223.1402688920498,175.97765199477405,172.32446,195.74768
2013-12-21 01:50:00+0100,5161,149.15113473683596,151.62741088867188,180.4087352231145,242.6577371496824,169.15246936973716,162.22913,194.28406
2013-12-21 02:00:00+0100,5161,150.27456665039062,149.15113473683596,171.0482498779893,253.78804333508012,158.5106279325945,155.92029,191.84668
2013-12-21 02:10:00+0100,5161,152.64249828457832,150.27456665039062,161.85028187185526,227.30003829300404,159.21151543716172,153.61108,182.97656
2013-12-21 02:20:00+0100,5161,146.28989657759666,152.64249828457832,185.78026989102364,238.52048949786692,163.23833991763115,154.46765,181.27051
2013-12-21 02:30:00+0100,5161,124.00859832763672,146.28989657759666,189.96630946546796,238.14121071249247,158.35951538808808,154.1886,177.60461
2013-12-21 02:40:00+0100,5161,140.7558370232582,124.00859832763672,159.52863615006208,218.9627091065049,147.23517820951582,146.5758,164.67175
2013-12-21 02:50:00+0100,5161,125.73199662566184,140.7558370232582,174.65320212394,231.4111328125,152.96936709775565,147.27759,164.00781
2013-12-21 03:00:00+0100,5161,123.58931127935648,125.73199662566184,173.67647652962478,249.91979464888573,148.97480451966294,143.948,154.89038
2013-12-21 03:10:00+0100,5161,146.927879948169,123.58931127935648,210.40673986822367,234.66259728261505,150.41037732651725,140.86694,150.39673
2013-12-21 03:20:00+0100,5161,124.3835678100586,146.927879948169,215.73896129318743,303.93986506649526,151.80190810065397,147.92896,152.09167
2013-12-21 03:30:00+0100,5161,133.63642367720604,124.3835678100586,178.25208340585232,211.4129623983172,138.05183623236474,146.39685,147.14124
2013-12-21 03:40:00+0100,5161,151.0684915482998,133.63642367720604,188.90144665539265,209.56808471679688,147.16100242382026,148.1731,152.22583
2013-12-21 03:50:00+0100,5161,124.37742507457732,151.0684915482998,167.1031494140625,229.40647173672917,155.1916836616379,156.66907,166.01672
2013-12-21 04:00:00+0100,5161,127.79239456355572,124.37742507457732,169.1982845366001,213.69743518420728,146.13219285149358,154.03967,148.39368
2013-12-21 04:10:00+0100,5161,139.45918096601963,127.79239456355572,178.67270056158304,207.87544012069705,143.24112157272828,152.51709,161.17053
2013-12-21 04:20:00+0100,5161,113.93146318942308,139.45918096601963,154.4512481689453,224.0792490541935,147.87899721092458,156.01575,155.61353
2013-12-21 04:30:00+0100,5161,122.52346356213091,113.93146318942308,164.45602971315384,218.72543387004407,134.36575644814664,149.98254,154.32446
2013-12-21 04:40:00+0100,5161,140.00160217285156,122.52346356213091,150.4501953125,193.4867340948549,134.2056762550453,147.90381,156.2638
2013-12-21 04:50:00+0100,5161,114.0126597795752,140.00160217285156,157.7834797129035,203.5699615478516,142.82387855856774,153.55579,158.63794
2013-12-21 05:00:00+0100,5161,134.51647613197565,114.0126597795752,150.87732250988483,195.64775402843952,135.75671399612142,149.08618,154.75757
2013-12-21 05:10:00+0100,5161,143.6350555419922,134.51647613197565,154.23660165333422,206.10976234823465,147.13244642626262,152.38806,158.39331
2013-12-21 05:20:00+0100,5161,108.21251916512848,143.6350555419922,181.198687389493,216.922207146883,150.59256059979884,159.14526,159.02258
2013-12-21 05:30:00+0100,5161,125.43552806973456,108.21251916512848,191.8864472657442,208.6894238431123,136.4963426274033,151.41882,159.85071
2013-12-21 05:40:00+0100,5161,124.96248626708984,125.43552806973456,183.43314464279683,195.53619862982305,136.04446571548752,150.58142,162.44067
2013-12-21 05:50:00+0100,5161,126.7348724976182,124.96248626708984,154.4609671384096,221.34469298907788,135.34069550899545,150.73401,169.92883
2013-12-21 06:00:00+0100,5161,122.21121533215046,126.7348724976182,191.37866497039795,199.60874022211647,140.0214701374612,151.63428,183.04712
2013-12-21 06:10:00+0100,5161,121.1892145872116,122.21121533215046,142.15965779760154,210.7466904297471,139.75405714302036,150.88586,192.22034
2013-12-21 06:20:00+0100,5161,108.15402837732108,121.1892145872116,163.7712437350419,226.1459167439607,136.68833618984414,149.76538,206.81494
2013-12-21 06:30:00+0100,5161,142.08626607060432,108.15402837732108,186.4108647108078,216.1643522545928,130.87754172677086,144.19568,208.30981
2013-12-21 06:40:00+0100,5161,152.9930419921875,142.08626607060432,174.1564987078309,217.6194274861482,153.42782020888382,152.19861,216.25745
2013-12-21 06:50:00+0100,5161,118.65697280317544,152.9930419921875,208.7821584045887,227.46522521972656,164.11264279839568,163.62305,223.4768
2013-12-21 07:00:00+0100,5161,147.3312530517578,118.65697280317544,232.6047221943736,220.13812414556745,146.60346825613442,159.56775,227.94116
2013-12-21 07:10:00+0100,5161,190.51248982548717,147.3312530517578,239.0432701553218,205.23605745809616,168.48326310352786,165.44702,249.34448
2013-12-21 07:20:00+0100,5161,157.04752973467112,190.51248982548717,270.358741119504,292.1518651675433,203.94548172301646,186.77441,279.4906
2013-12-21 07:30:00+0100,5161,164.99595284461975,157.04752973467112,315.4996730812127,264.3941883124644,190.11701938455258,191.38306,281.71545
2013-12-21 07:40:00+0100,5161,186.32490779832008,164.99595284461975,319.7182399459416,288.7262366179493,203.92904867665092,195.55212,298.30652
2013-12-21 07:50:00+0100,5161,186.68719988205703,186.32490779832008,377.8523372887285,295.5450569082168,221.23661055076164,206.28479,323.5337
2013-12-21 08:00:00+0100,5161,205.55936742352787,186.68719988205703,352.5507557828096,355.2448176656035,215.57217099213122,214.66663,332.37476
2013-12-21 08:10:00+0100,5161,196.18859915848589,205.55936742352787,383.3799070321256,284.7174547154573,229.26745541489436,227.25757,347.95447
2013-12-21 08:20:00+0100,5161,191.4324261684087,196.18859915848589,457.7913806628785,296.6551208496094,250.87343389247184,233.10632,360.11792
2013-12-21 08:30:00+0100,5161,309.66548382490873,191.4324261684087,519.1234721210203,353.60258799791336,254.92849018772617,234.46082,369.28857
2013-12-21 08:40:00+0100,5161,279.3141621539835,309.66548382490873,592.0156015709508,318.8532203435898,321.0332353836897,279.06934,430.41406
2013-12-21 08:50:00+0100,5161,268.8868436217308,279.3141621539835,682.5119982254109,431.9075480613974,340.4988065498425,304.67456,418.48938
2013-12-21 09:00:00+0100,5161,373.0302940745023,268.8868436217308,815.2566005319823,396.9768406290677,353.94142595716005,316.46655,450.53674
2013-12-21 09:10:00+0100,5161,390.9395726949442,373.0302940745023,893.1666257232428,556.0501934521599,430.0953393556427,362.54663,496.50372
2013-12-21 09:20:00+0100,5161,502.5740822244552,390.9395726949442,951.8005725741386,566.376297570765,451.4043299801727,406.17615,547.3824
2013-12-21 09:30:00+0100,5161,582.1601810393622,502.5740822244552,889.6656958885724,647.7457973398268,529.5770464991263,479.98877,624.12604
2013-12-21 09:40:00+0100,5161,601.1611159515451,582.1601810393622,1044.020788690832,691.977735105902,639.6797702265403,567.6792,708.1208
2013-12-21 09:50:00+0100,5161,754.681935731729,601.1611159515451,1141.5233592901495,858.0705598097411,730.9241855954663,639.1834,763.3258
2013-12-21 10:00:00+0100,5161,991.0583762765164,754.681935731729,1331.021993621078,1071.5850351899862,842.1761618553589,748.7959,890.7344
2013-12-21 10:10:00+0100,5161,1191.5289046433172,991.0583762765164,1221.18203080073,1279.6773999631405,1025.7399778934018,927.5176,1068.778
2013-12-21 10:20:00+0100,5161,1183.197367668152,1191.5289046433172,1363.3948228247464,1478.1903100907805,1255.753441896844,1146.6785,1259.9943
2013-12-21 10:30:00+0100,5161,1464.5921741228667,1183.197367668152,1549.3873883076012,1766.5224184308315,1334.9170105107316,1301.4316,1329.421
2013-12-21 10:40:00+0100,5161,1627.2996739264927,1464.5921741228667,1544.8606651201844,1882.1126570664344,1562.6596042009216,1515.4359,1559.2415
2013-12-21 10:50:00+0100,5161,1823.7962785203129,1627.2996739264927,1697.7923305556178,2168.786585775786,1756.9042058609562,1733.3778,1711.1855
2013-12-21 11:00:00+0100,5161,1806.9460696470344,1823.7962785203129,1738.7125567793846,2617.146557509899,1918.326266084363,1956.1375,1960.5013
2013-12-21 11:10:00+0100,5161,2013.1070019230249,1806.9460696470344,1758.369952834037,2771.8003980107605,1982.6079582559814,2083.6938,2002.0642
2013-12-21 11:20:00+0100,5161,2429.833700104442,2013.1070019230249,1717.3818382013706,2971.8318587318063,2203.41900337111,2224.4507,2207.725
2013-12-21 11:30:00+0100,5161,2454.5311195142567,2429.833700104442,2046.750439077616,3282.417503423989,2496.3652534501975,2477.4631,2483.181
2013-12-21 11:40:00+0100,5161,2610.092512436211,2454.5311195142567,1989.82886210084,3447.475569932547,2646.2353498790294,2647.713,2599.7766
2013-12-21 11:50:00+0100,5161,3039.9406327817705,2610.092512436211,2381.054754009354,3810.521138433367,2797.748234355436,2790.102,2772.0295
2013-12-21 12:00:00+0100,5161,3289.762530446053,3039.9406327817705,2271.2347370646894,3909.267076857388,3049.299393043967,3034.8213,3015.9426
2013-12-21 12:10:00+0100,5161,3277.9908505518106,3289.762530446053,2400.478811084118,3590.756774879992,3243.225276740396,3283.969,3253.5254
2013-12-21 12:20:00+0100,5161,3280.968469835818,3277.9908505518106,2226.840900272131,3674.948481619358,3348.8604980243276,3415.7231,3374.2456
2013-12-21 12:30:00+0100,5161,3712.048181417224,3280.968469835818,2358.4516637027264,3723.381178252399,3454.0091748986097,3468.1392,3441.4321
2013-12-21 12:40:00+0100,5161,3323.2079977184767,3712.048181417224,2492.564023889601,3996.8192165866494,3722.002327285757,3650.6782,3690.3677
2013-12-21 12:50:00+0100,5161,3579.2656138368184,3323.2079977184767,2654.988257787016,4184.376813232899,3518.8984794662115,3616.412,3547.448
2013-12-21 13:00:00+0100,5161,3672.262794647366,3579.2656138368184,2834.7442089233664,3868.3684290871024,3617.882052331223,3667.0474,3719.3271
2013-12-21 13:10:00+0100,5161,3719.959269590676,3672.262794647366,2796.336681354791,3845.864400148392,3680.0669170725096,3739.899,3718.9058
2013-12-21 13:20:00+0100,5161,3381.26713669562,3719.959269590676,3057.3893992580706,3849.219499111583,3749.743848731583,3802.8057,3849.7822
2013-12-21 13:30:00+0100,5161,3742.539615273476,3381.26713669562,3188.3404420614243,3967.209205657244,3610.367115719757,3702.8804,3690.3828
2013-12-21 13:40:00+0100,5161,3613.5343978405,3742.539615273476,3221.680862954643,4256.566564468318,3777.1723596566944,3762.3164,3894.3086
2013-12-21 13:50:00+0100,5161,3626.544607013464,3613.5343978405,3524.606359951198,3903.614664002147,3653.0360416774565,3760.9214,3767.0132
2013-12-21 14:00:00+0100,5161,3952.793232879427,3626.544607013464,3223.604556981474,4158.542100250721,3696.4975122291253,3756.7656,3856.65
2013-12-21 14:10:00+0100,5161,4221.103845073667,3952.793232879427,3420.880631878972,4237.691246725619,3884.420728877052,3876.1636,3989.2349
2013-12-21 14:20:00+0100,5161,4256.291641948395,4221.103845073667,3430.3383481118944,4117.8837365944055,4101.147827115333,4060.7231,4191.6113
2013-12-21 14:30:00+0100,5161,4343.981438159943,4256.291641948395,3298.1098151505,4251.685649622232,4189.330768705284,4194.9844,4289.549
2013-12-21 14:40:00+0100,5161,4247.047383580357,4343.981438159943,3026.864762470126,4369.544860525813,4345.816011488492,4309.2495,4446.095
2013-12-21 14:50:00+0100,5161,4482.81693739444,4247.047383580357,3372.5327009100583,4609.118254065514,4388.265537722145,4346.194,4429.7876
2013-12-21 15:00:00+0100,5161,4332.154911483463,4482.81693739444,3101.176009774208,4950.8653190508485,4489.4373192489,4453.834,4610.632
2013-12-21 15:10:00+0100,5161,4579.6785154991085,4332.154911483463,3045.3304901335505,5118.01520865038,4381.68359631776,4471.0703,4566.431
2013-12-21 15:20:00+0100,5161,4600.044253826141,4579.6785154991085,3055.9318594038486,5034.975779487577,4536.453446113017,4561.8496,4722.9497
2013-12-21 15:30:00+0100,5161,4888.674449876184,4600.044253826141,2986.764907485631,4939.492832295597,4591.216899945919,4621.4526,4729.59
2013-12-21 15:40:00+0100,5161,4814.121537830681,4888.674449876184,3136.2237370724324,5049.121249593794,4772.79161718871,4753.609,4934.6807
2013-12-21 15:50:00+0100,5161,5115.529977310449,4814.121537830681,3131.083723506716,4837.506850652397,4800.746977468962,4804.5386,4927.816
2013-12-21 16:00:00+0100,5161,4931.131839184847,5115.529977310449,3260.105559438467,5057.766425628215,5070.726299953229,4936.8765,5143.667
2013-12-21 16:10:00+0100,5161,5197.421613334504,4931.131839184847,3274.4448966160417,5568.092971213162,4982.1709140848825,4952.372,5080.8564
2013-12-21 16:20:00+0100,5161,5152.1009094156325,5197.421613334504,3278.255120843649,5257.154979407787,5152.022844192637,5048.109,5259.7734
2013-12-21 16:30:00+0100,5161,5161.938117656857,5152.1009094156325,3278.9111118987203,5529.1626414411,5172.906022036772,5091.5215,5229.4316
2013-12-21 16:40:00+0100,5161,5238.319095909596,5161.938117656857,3529.724702576932,5555.030854918063,5198.535741699163,5113.6924,5286.0996
2013-12-21 16:50:00+0100,5161,5195.269669038826,5238.319095909596,3394.194245918712,5631.809419184923,5215.444027828166,5147.815,5241.7134
2013-12-21 17:00:00+0100,5161,5096.810549128801,5195.269669038826,3234.207076132297,5643.941418260336,5207.7359177909275,5146.838,5237.0933
2013-12-21 17:10:00+0100,5161,4723.40589486697,5096.810549128801,3389.942995711055,5752.094357326627,5107.952176349415,5097.418,5144.314
2013-12-21 17:20:00+0100,5161,4707.659941330552,4723.40589486697,3076.820452208864,5626.722130730748,4915.379557882603,4903.165,4894.429
2013-12-21 17:30:00+0100,5161,4619.044510871172,4707.659941330552,3169.025573211955,5712.612191345543,4818.190785221648,4745.2773,4779.594
2013-12-21 17:40:00+0100,5161,4474.986659763032,4619.044510871172,3152.813289679587,5665.310786648479,4607.858908704311,4596.1694,4619.9165
2013-12-21 17:50:00+0100,5161,4293.825929809362,4474.986659763032,2945.257076263428,5206.185137575143,4452.643245766447,4432.484,4502.231
2013-12-21 18:00:00+0100,5161,4229.714975966897,4293.825929809362,2751.240667439997,5011.923705088731,4310.490048762458,4243.947,4303.4297
2013-12-21 18:10:00+0100,5161,3847.863467869931,4229.714975966897,2526.0863514084485,5022.722042052832,4242.82218521784,4088.0474,4196.8813
2013-12-21 18:20:00+0100,5161,3759.316084920254,3847.863467869931,2513.1202022249345,4812.745755016804,4015.5691658064497,3830.1812,3927.227
2013-12-21 18:30:00+0100,5161,3328.403848228627,3759.316084920254,2452.4890643645194,4872.275428834197,3833.371855380992,3615.5542,3789.893
2013-12-21 18:40:00+0100,5161,3298.841345477849,3328.403848228627,2226.2949653160176,4650.728160135448,3464.410638184546,3304.2207,3403.4175
2013-12-21 18:50:00+0100,5161,3376.934081275249,3298.841345477849,2231.854131095112,4396.776072560635,3339.062484397722,3083.4004,3276.081
2013-12-21 19:00:00+0100,5161,3115.2850294921664,3376.934081275249,2045.1723882295191,3943.4810456335545,3234.6428263315474,2983.117,3121.9165
2013-12-21 19:10:00+0100,5161,2839.4738183654845,3115.2850294921664,1932.1817307248712,3720.526346772909,3100.044479911373,2839.9282,2938.3047
2013-12-21 19:20:00+0100,5161,2628.260337971151,2839.4738183654845,1809.0938705019653,3775.094194401056,2954.3038384206397,2649.4277,2716.974
2013-12-21 19:30:00+0100,5161,2649.7196586951613,2628.260337971151,1682.274806752801,3760.401439486828,2785.764856724346,2449.3506,2534.0427
2013-12-21 19:40:00+0100,5161,2409.6824635267258,2649.7196586951613,1658.539375348773,3713.335242513567,2714.2198111476973,2333.7742,2436.9294
2013-12-21 19:50:00+0100,5161,2318.0322834812105,2409.6824635267258,1627.1317716639603,3593.795089862135,2459.523210049431,2191.5244,2272.9604
2013-12-21 20:00:00+0100,5161,2096.1625052146846,2318.0322834812105,1571.7871063016355,3191.9547670834,2315.5655838796833,2076.1743,2193.8994
2013-12-21 20:10:00+0100,5161,1898.7650320965915,2096.1625052146846,1417.9407837826875,2952.3725055050454,2152.789144495809,1937.0052,2019.8466
2013-12-21 20:20:00+0100,5161,1636.9043581783772,1898.7650320965915,1296.3012890554965,2834.2615923747653,1947.1142326067352,1786.347,1872.2416
2013-12-21 20:30:00+0100,5161,1420.6627049584058,1636.9043581783772,1142.2090883989003,2514.453484556463,1719.0611231427736,1607.3235,1660.1704
2013-12-21 20:40:00+0100,5161,1195.58486900368,1420.6627049584058,1166.740219205618,2228.603044487536,1537.5041578427058,1423.8708,1453.0356
2013-12-21 20:50:00+0100,5161,1291.733866252005,1195.58486900368,1058.699981406331,2209.0592938140035,1306.6860418315405,1237.4757,1273.6927
2013-12-21 21:00:00+0100,5161,1121.3543580546975,1291.733866252005,881.5584346428514,2157.261852457013,1256.7285668476043,1149.9341,1248.7812
2013-12-21 21:10:00+0100,5161,1123.2998954430225,1121.3543580546975,897.3151420705253,1667.415095329285,1120.9289238426995,1055.4268,1139.2104
2013-12-21 21:20:00+0100,5161,1009.4166914224623,1123.2998954430225,777.0236683189869,1718.8184385735658,1145.9329386930494,997.0037,1107.5991
2013-12-21 21:30:00+0100,5161,1009.5737075656652,1009.4166914224623,764.1147253837553,1810.9250176463397,1087.5843347006094,928.0574,1030.2478
2013-12-21 21:40:00+0100,5161,845.9598806776339,1009.5737075656652,716.7286425508792,1654.670650048938,1048.6311121681042,881.3807,998.3627
2013-12-21 21:50:00+0100,5161,824.4452177264029,845.9598806776339,641.4411480799317,1567.5032840647036,948.3137060120791,799.9587,891.1462
2013-12-21 22:00:00+0100,5161,1049.9863778203726,824.4452177264029,796.3833802692825,1468.984502462321,878.2104957956901,733.1165,839.92645
2013-12-21 22:10:00+0100,5161,899.4313743114471,1049.9863778203726,612.7665881440043,1233.6250386152533,942.2141386378999,765.8442,852.81537
2013-12-21 22:20:00+0100,5161,778.8371793627739,899.4313743114471,640.7963233504561,1192.074109515932,933.0850416329089,754.64044,803.75275
2013-12-21 22:30:00+0100,5161,784.3658094108105,778.8371793627739,594.8789826311404,1267.8161374446354,856.7009842688185,701.6292,735.77954
2013-12-21 22:40:00+0100,5161,847.2651707231998,784.3658094108105,603.3621302385,997.8399914756884,820.8495808400069,662.2997,702.927
2013-12-21 22:50:00+0100,5161,807.616051197052,847.2651707231998,514.1576952550677,1207.6161072370014,845.9531628524078,662.1593,699.2313
2013-12-21 23:00:00+0100,5161,717.503455542028,807.616051197052,460.3304793834686,1152.7896904051304,778.5939117473213,658.127,674.5008
2013-12-21 23:10:00+0100,5161,554.8814196128515,717.503455542028,372.4422329530353,946.7475296236807,720.2009911337202,627.0004,634.8725
2013-12-21 23:20:00+0100,5161,431.047170996666,554.8814196128515,336.61068517976673,757.1642120320466,612.6032733218225,547.3158,549.9092
2013-12-21 23:30:00+0100,5161,450.6121666021645,431.047170996666,280.37224644311937,693.1621568638948,491.92676439005857,446.0227,473.69824
2013-12-21 23:40:00+0100,5161,378.2580834493274,450.6121666021645,322.4158289320767,596.3415335118771,436.86137386125824,385.63293,450.44836
2013-12-21 23:50:00+0100,5161,413.0445861071348,378.2580834493274,283.095229819417,647.8712697901065,399.18534305824113,330.03687,387.87878
2013-12-22 00:00:00+0100,5161,416.8296044170857,413.0445861071348,408.7940275669098,617.8548440687591,391.1099919834394,310.6765,385.02112
2013-12-22 00:10:00+0100,5161,471.0095520019531,416.8296044170857,251.385272026062,518.4886106690974,390.1078363565883,309.3783,374.17456
2013-12-22 00:20:00+0100,5161,364.3126002092031,471.0095520019531,240.89423906581945,502.6976413864759,435.99770707195677,335.9569,399.0437
2013-12-22 00:30:00+0100,5161,317.07717767357826,364.3126002092031,218.9694687500596,423.2685794446734,375.4930204036998,324.66028,347.17346
2013-12-22 00:40:00+0100,5161,296.89960582443746,317.07717767357826,215.7742153257132,399.1672607776127,346.62764558388636,298.64575,320.63208
2013-12-22 00:50:00+0100,5161,202.7472024857998,296.89960582443746,185.72180990764173,370.3970816571382,314.2586175779047,275.12842,289.5526
2013-12-22 01:00:00+0100,5161,218.8810086026788,202.7472024857998,219.38431651779683,333.70284019300016,234.79128385557937,228.72058,251.54358
2013-12-22 01:10:00+0100,5161,220.17166697757784,218.8810086026788,211.29132994788236,319.2124539729557,212.2080106735791,202.6836,241.32056
2013-12-22 01:20:00+0100,5161,203.02659091353416,220.17166697757784,178.29422701784642,328.19090670126025,215.2991517435633,190.87598,238.59326
2013-12-22 01:30:00+0100,5161,209.57049560546875,203.02659091353416,155.89794261642965,307.716668050969,202.6483714405472,181.3623,234.16516
2013-12-22 01:40:00+0100,5161,187.7339630126953,209.57049560546875,151.62741088867188,280.9683756508166,211.56168910239677,180.47583,233.0227
2013-12-22 01:50:00+0100,5161,179.95673312136205,187.7339630126953,149.15113473683596,297.24446922540665,210.83978583232968,175.45227,220.20532
2013-12-22 02:00:00+0100,5161,176.4017791748047,179.95673312136205,150.27456665039062,296.80919007846387,194.9775437733774,170.79932,213.71619
2013-12-22 02:10:00+0100,5161,158.61143493652344,176.4017791748047,152.64249828457832,275.2043762207031,191.6306532590847,168.07666,207.50525
2013-12-22 02:20:00+0100,5161,179.7534004438785,158.61143493652344,146.28989657759666,295.9655848283437,181.36306339932878,161.51318,201.8761
2013-12-22 02:30:00+0100,5161,155.42877729126485,179.7534004438785,124.00859832763672,288.80578258633614,180.7476529481171,165.49658,205.45923
2013-12-22 02:40:00+0100,5161,161.6168331876397,155.42877729126485,140.7558370232582,261.1806669559446,180.434249872797,162.0238,200.8114
2013-12-22 02:50:00+0100,5161,163.42893321701558,161.6168331876397,125.73199662566184,364.0741241414216,187.51511350469548,162.04126,203.70544
2013-12-22 03:00:00+0100,5161,154.2881622314453,163.42893321701558,123.58931127935648,311.5498350437847,181.53828542974918,164.43713,200.79639
2013-12-22 03:10:00+0100,5161,142.01356200763257,154.2881622314453,146.927879948169,293.97247008868726,175.82284039179297,163.95703,200.74597
2013-12-22 03:20:00+0100,5161,155.68128085136414,142.01356200763257,124.3835678100586,271.569163566106,155.89747495512512,159.72693,195.12732
2013-12-22 03:30:00+0100,5161,147.15717723965645,155.68128085136414,133.63642367720604,252.2216339111328,164.71220985060083,162.02429,205.71655
2013-12-22 03:40:00+0100,5161,156.03911435604095,147.15717723965645,151.0684915482998,242.8067260660464,158.46527970790038,162.08423,207.00562
2013-12-22 03:50:00+0100,5161,151.39171651005745,156.03911435604095,124.37742507457732,245.7686401285464,161.79629602411467,165.69128,211.4502
2013-12-22 04:00:00+0100,5161,144.24456787109375,151.39171651005745,127.79239456355572,236.2476013142732,163.93874926029784,167.6289,194.11194
2013-12-22 04:10:00+0100,5161,145.346090067178,144.24456787109375,139.45918096601963,220.81198120117188,160.79399375328424,166.87805,191.104
2013-12-22 04:20:00+0100,5161,149.29714965820312,145.346090067178,113.93146318942308,274.60772705078125,160.5036677193644,166.77966,185.41223
2013-12-22 04:30:00+0100,5161,156.20476177334783,149.29714965820312,122.52346356213091,239.82627563067945,158.68014395558467,168.59033,186.11047
2013-12-22 04:40:00+0100,5161,148.22444260120392,156.20476177334783,140.00160217285156,224.39930883795023,162.31799525198545,173.04541,181.3938
2013-12-22 04:50:00+0100,5161,137.28138023614883,148.22444260120392,114.0126597795752,242.96359252929688,161.45622051578303,173.9762,171.4408
2013-12-22 05:00:00+0100,5161,175.68718467542203,137.28138023614883,134.51647613197565,221.03520165383816,155.84994641542494,170.43176,162.56702
2013-12-22 05:10:00+0100,5161,188.88161253929135,175.68718467542203,143.6350555419922,230.1690826416016,174.91532486853197,181.7218,173.87195
2013-12-22 05:20:00+0100,5161,153.52301891037496,188.88161253929135,108.21251916512848,224.5316452596453,187.56542394690726,196.56323,178.54956
2013-12-22 05:30:00+0100,5161,166.23944091796875,153.52301891037496,125.43552806973456,222.76653005072149,174.38221118814337,194.57434,173.67432
2013-12-22 05:40:00+0100,5161,139.73802185058594,166.23944091796875,124.96248626708984,230.7101788520813,179.03490668691617,195.97058,183.33752
2013-12-22 05:50:00+0100,5161,167.0637724287808,139.73802185058594,126.7348724976182,264.28102590033086,166.09056746340264,187.51611,171.27087
2013-12-22 06:00:00+0100,5161,157.21971130371094,167.0637724287808,122.21121533215046,232.15657943487167,165.48925959283824,190.4126,182.16626
2013-12-22 06:10:00+0100,5161,191.8217183627421,157.21971130371094,121.1892145872116,233.92330932617188,162.36651679994472,190.2627,175.3457
2013-12-22 06:20:00+0100,5161,174.4411163330078,191.8217183627421,108.15402837732108,241.91744995117188,196.44719258403825,202.72705,190.81921
2013-12-22 06:30:00+0100,5161,181.11990864464315,174.4411163330078,142.08626607060432,253.59950733184812,189.91057605565365,206.73706,198.60522
2013-12-22 06:40:00+0100,5161,198.5891876220703,181.11990864464315,152.9930419921875,242.0834594644839,195.80932742870795,211.05933,211.36658
2013-12-22 06:50:00+0100,5161,175.94361877441406,198.5891876220703,118.65697280317544,270.68292140960693,208.5177861255303,220.65857,214.99316
2013-12-22 07:00:00+0100,5161,185.9534271199373,175.94361877441406,147.3312530517578,246.90765233972343,200.9654758493947,219.54932,226.25232
2013-12-22 07:10:00+0100,5161,169.45209605881246,185.9534271199373,190.51248982548717,261.5444894731045,202.81721374173387,221.10107,239.96387
2013-12-22 07:20:00+0100,5161,143.36397655197652,169.45209605881246,157.04752973467112,279.1737778239185,195.9334043190093,216.27185,260.15015
2013-12-22 07:30:00+0100,5161,193.8992550373077,143.36397655197652,164.99595284461975,267.331536857062,177.59424671867652,202.22119,273.07446
2013-12-22 07:40:00+0100,5161,184.47607283690013,193.8992550373077,186.32490779832008,276.85343272873433,200.7946260865205,209.81287,281.8418
2013-12-22 07:50:00+0100,5161,240.3191444623517,184.47607283690013,186.68719988205703,280.8197326660156,198.28772808785317,214.3103,300.03638
2013-12-22 08:00:00+0100,5161,326.5225738401059,240.3191444623517,205.55936742352787,268.5918377637863,232.76076837225622,238.02429,322.75378
2013-12-22 08:10:00+0100,5161,215.69339513446903,326.5225738401059,196.18859915848589,298.42534616589546,308.67977980963985,289.88696,382.05884
2013-12-22 08:20:00+0100,5161,260.60252299683634,215.69339513446903,191.4324261684087,330.8031519841752,288.7291195417495,288.56946,356.02722
2013-12-22 08:30:00+0100,5161,264.78929217049154,260.60252299683634,309.66548382490873,353.7738959148992,311.24079568027616,297.8213,397.776
2013-12-22 08:40:00+0100,5161,250.56295109319035,264.78929217049154,279.3141621539835,453.2498204227886,311.7727895735916,306.82178,414.708
2013-12-22 08:50:00+0100,5161,314.7869736328721,250.56295109319035,268.8868436217308,440.5480621144525,313.06032787636343,307.23474,410.66333
2013-12-22 09:00:00+0100,5161,313.99713694828097,314.7869736328721,373.0302940745023,478.7310410875944,348.6743469151377,330.50793,453.73523
2013-12-22 09:10:00+0100,5161,307.73665173875634,313.99713694828097,390.9395726949442,506.2751587734092,385.4193660988964,349.3662,480.93372
2013-12-22 09:20:00+0100,5161,368.324166495353,307.73665173875634,502.5740822244552,694.0864592779544,386.12853611285544,359.58936,509.1695
2013-12-22 09:30:00+0100,5161,479.6991430595517,368.324166495353,582.1601810393622,641.4094671409694,422.3528742005545,388.67737,558.6169
2013-12-22 09:40:00+0100,5161,485.3155124450568,479.6991430595517,601.1611159515451,721.6056113593513,544.8172442921876,454.44104,627.1074
2013-12-22 09:50:00+0100,5161,637.4825332440669,485.3155124450568,754.681935731729,907.7251994691906,624.9079335748971,508.04626,669.427
2013-12-22 10:00:00+0100,5161,769.5695760227973,637.4825332440669,991.0583762765164,1114.594672961044,735.5494990558195,604.50507,802.13043
2013-12-22 10:10:00+0100,5161,1042.9388547502458,769.5695760227973,1191.5289046433172,1228.5955784574617,849.3091012677564,731.58966,900.97845
2013-12-22 10:20:00+0100,5161,1120.0113108158112,1042.9388547502458,1183.197367668152,1423.197486447054,1113.3859108033787,937.91174,1129.6482
2013-12-22 10:30:00+0100,5161,1506.1579304251936,1120.0113108158112,1464.5921741228667,1654.0882962650503,1262.1770236739603,1127.3673,1246.7932
2013-12-22 10:40:00+0100,5161,1612.7490173012484,1506.1579304251936,1627.2996739264927,1956.6677261248697,1572.8880423747728,1420.7294,1542.1439
2013-12-22 10:50:00+0100,5161,1948.468261512986,1612.7490173012484,1823.7962785203129,2178.82359727996,1732.9758994063463,1681.634,1680.8107
2013-12-22 11:00:00+0100,5161,1964.906423356384,1948.468261512986,1806.9460696470344,2410.5361845545704,2017.029250567825,1992.4489,2030.9176
2013-12-22 11:10:00+0100,5161,2264.958690211177,1964.906423356384,2013.1070019230249,2694.756232764572,2134.3586242267443,2200.381,2115.8953
2013-12-22 11:20:00+0100,5161,2556.0423930883408,2264.958690211177,2429.833700104442,2692.7952534146607,2395.037743748155,2430.3406,2389.359
2013-12-22 11:30:00+0100,5161,2781.1302648447454,2556.0423930883408,2454.5311195142567,3070.390642219805,2664.9548263834013,2681.1982,2613.5674
2013-12-22 11:40:00+0100,5161,2721.0408296063542,2781.1302648447454,2610.092512436211,3627.385374497855,2984.3764658590444,2912.3206,2839.3684
2013-12-22 11:50:00+0100,5161,2945.836029291153,2721.0408296063542,3039.9406327817705,4001.855802806851,2990.03169185943,3003.3645,2908.8945
2013-12-22 12:00:00+0100,5161,3088.5341503620148,2945.836029291153,3289.762530446053,3704.959649336,3087.9277360538345,3111.7383,3094.9556
2013-12-22 12:10:00+0100,5161,3307.929560095072,3088.5341503620148,3277.9908505518106,3940.878880350676,3213.503751224177,3222.1636,3198.4521
2013-12-22 12:20:00+0100,5161,3401.1374108035234,3307.929560095072,3280.968469835818,4146.152557067573,3461.3976663787794,3366.8276,3366.1216
2013-12-22 12:30:00+0100,5161,3480.995776310563,3401.1374108035234,3712.048181417224,4702.429396927357,3543.3452410750106,3486.9824,3452.459
2013-12-22 12:40:00+0100,5161,3382.0597372949123,3480.995776310563,3323.2079977184767,4197.4839187130565,3594.540737905321,3580.7534,3550.336
2013-12-22 12:50:00+0100,5161,3540.3797378465533,3382.0597372949123,3579.2656138368184,4313.297506928444,3644.683315010311,3588.5532,3544.4807
2013-12-22 13:00:00+0100,5161,3520.1589097976685,3540.3797378465533,3672.262794647366,4521.218095306307,3672.338297078789,3640.6445,3638.6797
2013-12-22 13:10:00+0100,5161,3635.412461936474,3520.1589097976685,3719.959269590676,4276.979574834928,3602.3398593770194,3665.4985,3623.2783
2013-12-22 13:20:00+0100,5161,3604.9354412443936,3635.412461936474,3381.26713669562,4215.811088315037,3755.5456543907967,3720.0122,3722.1987
2013-12-22 13:30:00+0100,5161,3322.620045211166,3604.9354412443936,3742.539615273476,4585.126202876505,3753.2952603805047,3740.8252,3709.19
2013-12-22 13:40:00+0100,5161,3709.612380057573,3322.620045211166,3613.5343978405,4331.675766026485,3605.856769108708,3634.542,3644.1543
2013-12-22 13:50:00+0100,5161,3698.952766767528,3709.612380057573,3626.544607013464,4647.472812656546,3756.764458202861,3704.1104,3783.2314
2013-12-22 14:00:00+0100,5161,3807.019605926064,3698.952766767528,3952.793232879427,4314.49494897353,3774.950884602511,3757.2983,3773.2563
2013-12-22 14:10:00+0100,5161,3881.2819955721498,3807.019605926064,4221.103845073667,4461.57812802383,3921.001904353457,3828.271,3924.893
2013-12-22 14:20:00+0100,5161,4090.781232982874,3881.2819955721498,4256.291641948395,4641.836149060749,3977.492573436206,3899.2466,3964.143
2013-12-22 14:30:00+0100,5161,4110.35037791729,4090.781232982874,4343.981438159943,4657.426219926798,4125.401873463095,4021.351,4141.1
2013-12-22 14:40:00+0100,5161,4074.694205597043,4110.35037791729,4247.047383580357,4848.69882954174,4223.008483352933,4110.573,4190.7266
2013-12-22 14:50:00+0100,5161,3939.6632138565183,4074.694205597043,4482.81693739444,4774.550091847777,4242.41099046676,4151.8237,4261.317
2013-12-22 15:00:00+0100,5161,4441.477659645316,3939.6632138565183,4332.154911483463,5094.702536772937,4147.335810804076,4119.963,4209.9365
2013-12-22 15:10:00+0100,5161,4475.815088510513,4441.477659645316,4579.6785154991085,4900.985921062529,4389.231958342345,4280.053,4500.9634
2013-12-22 15:20:00+0100,5161,4638.5595199763775,4475.815088510513,4600.044253826141,4870.212882982218,4489.021868824384,4407.2754,4552.24
2013-12-22 15:30:00+0100,5161,4911.653945326805,4638.5595199763775,4888.674449876184,4977.6389506299165,4686.090345310449,4540.3994,4745.033
2013-12-22 15:40:00+0100,5161,4693.617524579167,4911.653945326805,4814.121537830681,5138.296318029636,4916.490417181072,4719.337,4895.2188
2013-12-22 15:50:00+0100,5161,4772.321067943063,4693.617524579167,5115.529977310449,5059.0967372980085,4855.438108877935,4748.2334,4889.917
2013-12-22 16:00:00+0100,5161,4917.9441047385335,4772.321067943063,4931.131839184847,5037.606168091297,4909.0716398311,4775.355,4923.561
2013-12-22 16:10:00+0100,5161,5202.036854423583,4917.9441047385335,5197.421613334504,5495.66310974583,4988.809101150416,4838.582,5001.383
2013-12-22 16:20:00+0100,5161,5496.440290212631,5202.036854423583,5152.1009094156325,5228.213708072901,5099.267401078445,4984.8003,5146.5225
2013-12-22 16:30:00+0100,5161,5148.811449803412,5496.440290212631,5161.938117656857,5216.353439141065,5333.614514283764,5192.361,5358.8223
2013-12-22 16:40:00+0100,5161,5170.472532227635,5148.811449803412,5238.319095909596,4891.538451804605,5217.515507463035,5200.4863,5251.0825
2013-12-22 16:50:00+0100,5161,5197.568863451481,5170.472532227635,5195.269669038826,4855.828825362027,5195.655587067403,5191.4263,5264.382
2013-12-22 17:00:00+0100,5161,5111.876229450107,5197.568863451481,5096.810549128801,5024.623289696872,5179.592257691551,5182.893,5200.9233
2013-12-22 17:10:00+0100,5161,5203.031875245273,5111.876229450107,4723.40589486697,5049.597528021783,5052.14462152244,5133.6455,5158.4556
2013-12-22 17:20:00+0100,5161,4704.434477545321,5203.031875245273,4707.659941330552,4870.101089179516,5086.308084436219,5124.1133,5144.531
2013-12-22 17:30:00+0100,5161,4574.606348820031,4704.434477545321,4619.044510871172,5109.131633702666,4858.878195499458,4913.031,4884.3154
2013-12-22 17:40:00+0100,5161,4689.867364346981,4574.606348820031,4474.986659763032,4830.62208366394,4605.568312755612,4693.274,4731.105
2013-12-22 17:50:00+0100,5161,4508.657750785351,4689.867364346981,4293.825929809362,4632.567171704257,4562.728898045881,4581.6196,4619.9766
2013-12-22 18:00:00+0100,5161,4076.4366149790585,4508.657750785351,4229.714975966897,4651.007828474045,4394.49735702827,4435.839,4463.7476
2013-12-22 18:10:00+0100,5161,3945.866225130856,4076.4366149790585,3847.863467869931,4238.470309466124,4112.575852032129,4155.5117,4189.871
2013-12-22 18:20:00+0100,5161,3792.10985827446,3945.866225130856,3759.316084920254,4344.74887965247,4030.503088814711,3900.4673,4010.935
2013-12-22 18:30:00+0100,5161,3426.2136085927486,3792.10985827446,3328.403848228627,4521.734092614439,3813.2115058187037,3667.9194,3802.1577
2013-12-22 18:40:00+0100,5161,3258.9499021832016,3426.2136085927486,3298.841345477849,4171.736446782947,3510.8903887739866,3369.728,3504.565
2013-12-22 18:50:00+0100,5161,3132.6305363997817,3258.9499021832016,3376.934081275249,3998.057906876144,3301.579161819716,3105.222,3247.104
2013-12-22 19:00:00+0100,5161,2755.733234681189,3132.6305363997817,3115.2850294921664,3769.200293513772,3118.320518276505,2891.0513,2998.982
2013-12-22 19:10:00+0100,5161,2439.465816706419,2755.733234681189,2839.4738183654845,3586.2947301469976,2862.7042330331797,2620.984,2694.061
2013-12-22 19:20:00+0100,5161,2133.3720450401306,2439.465816706419,2628.260337971151,3689.5105619989336,2589.322248353167,2333.7507,2407.8823
2013-12-22 19:30:00+0100,5161,1886.3403613641856,2133.3720450401306,2649.7196586951613,3227.637445395463,2271.34411535008,2047.1316,2091.1357
2013-12-22 19:40:00+0100,5161,1736.2622395370272,1886.3403613641856,2409.6824635267258,3015.9349183280137,1988.9569319298391,1789.9945,1828.7146
2013-12-22 19:50:00+0100,5161,1414.5423265397549,1736.2622395370272,2318.0322834812105,2572.910240020603,1774.9875946716847,1591.2546,1671.3907
2013-12-22 20:00:00+0100,5161,1426.4116439387435,1414.5423265397549,2096.1625052146846,2516.9482781205443,1544.3808392364986,1380.6504,1416.9258
2013-12-22 20:10:00+0100,5161,1313.5432221889496,1426.4116439387435,1898.7650320965915,2467.77602542605,1431.3789748119827,1259.14,1370.1937
2013-12-22 20:20:00+0100,5161,1210.701518215239,1313.5432221889496,1636.9043581783772,2052.0832868888974,1289.205850615148,1164.7456,1266.1616
2013-12-22 20:30:00+0100,5161,1004.9642704427242,1210.701518215239,1420.6627049584058,1838.9320656061168,1202.262631290028,1083.9948,1216.0292
2013-12-22 20:40:00+0100,5161,878.2758471146226,1004.9642704427242,1195.58486900368,1492.3569933772087,1071.0041051232552,974.7641,1066.3064
2013-12-22 20:50:00+0100,5161,916.840959340334,878.2758471146226,1291.733866252005,1468.8189687728882,946.5361070010148,861.75073,987.2183
2013-12-22 21:00:00+0100,5161,756.3444944918156,916.840959340334,1121.3543580546975,1252.7515287835267,890.2121208320584,797.4155,939.2055
2013-12-22 21:10:00+0100,5161,573.8009775057435,756.3444944918156,1123.2998954430225,1153.8198126096397,793.1535701342817,711.4613,839.94525
2013-12-22 21:20:00+0100,5161,561.5312311649323,573.8009775057435,1009.4166914224623,1117.1543667316437,668.051177338048,593.96375,685.7555
2013-12-22 21:30:00+0100,5161,604.331436932087,561.5312311649323,1009.5737075656652,1081.65367102623,619.1076375919919,505.08185,633.6869
2013-12-22 21:40:00+0100,5161,415.2735824201373,604.331436932087,845.9598806776339,1042.9480239588884,602.555000651949,461.79382,617.5702
2013-12-22 21:50:00+0100,5161,512.7651681788266,415.2735824201373,824.4452177264029,972.184854067862,535.7275731709564,379.65637,501.79333
2013-12-22 22:00:00+0100,5161,696.9035314321518,512.7651681788266,1049.9863778203726,988.6887124518398,555.1022644763926,350.57422,501.72467
2013-12-22 22:10:00+0100,5161,547.4472419396043,696.9035314321518,899.4313743114471,962.3027900829912,611.5597885780799,401.20398,537.9363
2013-12-22 22:20:00+0100,5161,431.0218277327949,547.4472419396043,778.8371793627739,698.7659947574139,567.246211337258,400.9635,520.16187
2013-12-22 22:30:00+0100,5161,381.1056136637926,431.0218277327949,784.3658094108105,682.762465169304,515.0871335863436,356.8722,449.49353
2013-12-22 22:40:00+0100,5161,402.6502744331956,381.1056136637926,847.2651707231998,580.8407558754552,447.96839603192166,305.79883,406.9204
2013-12-22 22:50:00+0100,5161,363.702065511432,402.6502744331956,807.616051197052,517.4075894469861,400.9993512480617,280.8695,399.75647
2013-12-22 23:00:00+0100,5161,364.70595598220825,363.702065511432,717.503455542028,528.2638434309629,345.9199071610474,258.71155,366.83813
2013-12-22 23:10:00+0100,5161,293.626713514328,364.70595598220825,554.8814196128515,532.6689639527467,343.80959480491316,249.59448,342.08533
2013-12-22 23:20:00+0100,5161,271.7980287511018,293.626713514328,431.047170996666,452.690993219614,315.6365795379625,225.44763,303.7401
2013-12-22 23:30:00+0100,5161,254.0023698359728,271.7980287511018,450.6121666021645,438.2314453125,299.8920803018616,204.10437,291.77698
2013-12-22 23:40:00+0100,5161,280.6933127321536,254.0023698359728,378.2580834493274,394.4473719213274,268.02043149034597,188.35059,265.3723
2013-12-22 23:50:00+0100,5161,230.58522642817115,280.6933127321536,413.0445861071348,346.1808357834816,288.8227841708945,192.65576,266.24805
2013-12-16 00:00:00+0100,5059,441.6725463867188,499.6375518739224,659.7001342773438,404.4588572126813,474.2065282354402,410.81885,460.34613
2013-12-16 00:10:00+0100,5059,419.4904174804688,441.6725463867188,588.8172659724951,366.48870849609375,449.3333180158372,383.5656,431.39795
2013-12-16 00:20:00+0100,5059,459.475919008255,419.4904174804688,587.3340503168292,351.1474609375,427.8645388398339,358.26147,412.75006
2013-12-16 00:30:00+0100,5059,376.8822937011719,459.475919008255,505.8855974674225,353.1278686523437,425.1024296284272,357.36188,416.0667
2013-12-16 00:40:00+0100,5059,393.060853600502,376.8822937011719,498.68498957157135,310.04677760601044,383.2634685127523,338.66626,380.93085
2013-12-16 00:50:00+0100,5059,399.1571044921875,393.060853600502,482.82145933806896,276.0484924316406,377.51768854197854,333.89294,372.51093
2013-12-16 01:00:00+0100,5059,285.9407653808594,399.1571044921875,418.5851184427738,321.2721252441406,375.93601500751055,339.67255,369.78455
2013-12-16 01:10:00+0100,5059,386.7355320453644,285.9407653808594,397.7603507041931,331.4255676269531,329.5502012700257,309.78906,334.5172
2013-12-16 01:20:00+0100,5059,393.2965393066406,386.7355320453644,387.3037181943655,303.5733337402344,350.63284240042594,320.08716,352.815
2013-12-16 01:30:00+0100,5059,306.33349609375,393.2965393066406,362.5134913921356,303.7626652568579,358.09705325851024,336.37177,348.61737
2013-12-16 01:40:00+0100,5059,378.2484130859375,306.33349609375,366.2237066626549,289.24281430244446,326.9395665923705,321.45172,326.4436
2013-12-16 01:50:00+0100,5059,379.7450256347656,378.2484130859375,344.38333654403687,286.38397216796875,352.4403632069079,333.9906,337.93274
2013-12-16 02:00:00+0100,5059,313.56323969364166,379.7450256347656,326.85522723197937,350.3764343261719,356.19628672269494,348.563,343.208
2013-12-16 02:10:00+0100,5059,363.4713003635407,313.56323969364166,331.1098937988281,304.39862060546875,334.3511679399512,338.0664,324.49432
2013-12-16 02:20:00+0100,5059,355.7602844238281,363.4713003635407,348.21934563759714,316.6151733398437,347.85549728318915,345.86273,326.01007
2013-12-16 02:30:00+0100,5059,261.8946533203125,355.7602844238281,314.85606733709574,351.3813087940216,347.0894814629513,351.6291,329.9723
2013-12-16 02:40:00+0100,5059,322.9193725585937,261.8946533203125,306.01614282839,356.05270908772945,298.8124415451132,322.4372,300.91504
2013-12-16 02:50:00+0100,5059,333.5801696777344,322.9193725585937,335.45639464072883,244.24331665039065,301.543080049332,318.00354,301.05896
2013-12-16 03:00:00+0100,5059,266.3287048339844,333.5801696777344,283.2787780761719,270.99560546875,303.60543806896567,321.43463,302.9121
2013-12-16 03:10:00+0100,5059,306.63854014873505,266.3287048339844,281.2443289607764,260.4127502441406,285.819133574749,301.7964,285.41333
2013-12-16 03:20:00+0100,5059,328.3710021972656,306.63854014873505,338.18475341796875,248.1754608154297,295.5398136641294,299.44287,276.07678
2013-12-16 03:30:00+0100,5059,275.85809326171875,328.3710021972656,292.1773681640625,283.28765869140625,305.64032652452147,308.10278,282.04956
2013-12-16 03:40:00+0100,5059,306.56317138671875,275.85809326171875,301.58111572265625,286.77545166015625,294.5567608623007,298.15808,278.13232
2013-12-16 03:50:00+0100,5059,331.5537109375,306.56317138671875,346.2955460548401,270.962646484375,296.6092487206833,300.31213,267.98267
2013-12-16 04:00:00+0100,5059,273.42022705078125,331.5537109375,287.5334777832031,270.96856689453125,301.2781818334118,312.90515,286.265
2013-12-16 04:10:00+0100,5059,283.7524719238281,273.42022705078125,306.9956432580948,243.26821899414065,289.4735481308121,303.35132,275.6781
2013-12-16 04:20:00+0100,5059,342.6617126464844,283.7524719238281,330.9347229003906,263.4046936035156,281.730632646427,297.4237,268.36353
2013-12-16 04:30:00+0100,5059,282.18365478515625,342.6617126464844,271.0594787597656,233.78781127929688,301.52341454694243,314.61304,288.38037
2013-12-16 04:40:00+0100,5059,295.69342041015625,282.18365478515625,306.9076232910156,244.4639129638672,283.13371238950464,309.00684,272.911
2013-12-16 04:50:00+0100,5059,306.71826171875,295.69342041015625,315.5682883262634,216.33865324081853,282.29617921483475,307.4453,268.62817
2013-12-16 05:00:00+0100,5059,245.5802001953125,306.71826171875,252.07535020262003,251.96478271484372,290.3450676824113,310.43933,277.32996
2013-12-16 05:10:00+0100,5059,309.10986328125,245.5802001953125,306.58807373046875,261.28631591796875,268.3694380570372,290.83374,270.755
2013-12-16 05:20:00+0100,5059,342.4906005859375,309.10986328125,312.18585205078125,237.39718627929688,280.7130941037051,296.1537,277.6709
2013-12-16 05:30:00+0100,5059,240.64575386047363,342.4906005859375,271.6971127134748,240.56204223632807,296.6043871195366,315.61475,292.4851
2013-12-16 05:40:00+0100,5059,299.0203857421875,240.64575386047363,281.8018821850419,223.6974334716797,280.8396987590505,295.9054,273.54614
2013-12-16 05:50:00+0100,5059,351.99676513671875,299.0203857421875,308.5719299316406,337.3056640625,286.07137276536275,297.55457,284.1543
2013-12-16 06:00:00+0100,5059,318.0458068847656,351.99676513671875,260.5623520165682,243.73377990722656,307.7106539086357,320.37408,308.83716
2013-12-16 06:10:00+0100,5059,378.6978454589844,318.0458068847656,309.4451904296875,239.5529022216797,307.7684696688319,328.87646,319.57977
2013-12-16 06:20:00+0100,5059,356.13885498046875,378.6978454589844,327.26434326171875,254.14468383789065,335.57710709803143,356.97003,328.85925
2013-12-16 06:30:00+0100,5059,384.4663343429565,356.13885498046875,272.7059020996094,301.3893349170685,336.6109052984379,372.61914,329.85016
2013-12-16 06:40:00+0100,5059,370.8913269042969,384.4663343429565,297.13336181640625,277.02029156684875,367.0882197321787,393.71063,369.3579
2013-12-16 06:50:00+0100,5059,362.3276977539063,370.8913269042969,334.0758361816406,391.2243347167969,365.7063647926029,404.72443,366.00696
2013-12-16 07:00:00+0100,5059,336.9212951660156,362.3276977539063,292.1195306777954,354.6274108886719,368.79683057697537,407.83478,380.49072
2013-12-16 07:10:00+0100,5059,390.6144630908966,336.9212951660156,340.0699942111969,403.2388610839844,357.8334205342175,398.31604,377.7093
2013-12-16 07:20:00+0100,5059,425.8382214009762,390.6144630908966,330.664794921875,383.7511429786682,388.7633820374644,408.14178,410.66003
2013-12-16 07:30:00+0100,5059,418.441372692585,425.8382214009762,389.0876735895872,480.57073974609375,443.9453989443996,430.42828,422.19934
2013-12-16 07:40:00+0100,5059,511.0615020692349,418.441372692585,530.9491577148438,590.557145357132,465.8073177330433,446.55316,447.2683
2013-12-16 07:50:00+0100,5059,629.2299981201068,511.0615020692349,414.264892578125,676.4192504882812,574.8849342498189,493.35345,505.84668
2013-12-16 08:00:00+0100,5059,653.4199493527412,629.2299981201068,405.94514378905296,1209.013930797577,626.470350076589,577.95197,614.0248
2013-12-16 08:10:00+0100,5059,761.4895394742489,653.4199493527412,459.0292663574219,705.0551147460938,650.9518921172644,657.19336,696.0256
2013-12-16 08:20:00+0100,5059,882.3408587127924,761.4895394742489,463.0222036838532,755.3338012695312,722.6278196736637,758.547,810.48376
2013-12-16 08:30:00+0100,5059,1032.5479900836945,882.3408587127924,473.4036865234375,891.8099235296249,831.3731156300654,882.2652,924.81683
2013-12-16 08:40:00+0100,5059,1124.125929057598,1032.5479900836945,496.8063040715642,1065.533747673035,969.5457322622386,1032.1887,1086.3564
2013-12-16 08:50:00+0100,5059,1236.54909786582,1124.125929057598,529.2862542355433,1266.684814453125,1071.2112227778414,1175.1395,1190.4779
2013-12-16 09:00:00+0100,5059,1481.2484090328217,1236.54909786582,522.9733273130842,1295.272733926773,1153.5277458152352,1312.1605,1315.6295
2013-12-16 09:10:00+0100,5059,1428.5942800343037,1481.2484090328217,548.5274946093559,1258.5446548759935,1318.7178523000632,1488.0012,1492.5973
2013-12-16 09:20:00+0100,5059,1552.4650276601317,1428.5942800343037,623.2251401692629,1451.9678075313568,1366.1467102129407,1580.4902,1528.0784
2013-12-16 09:30:00+0100,5059,1488.8285202085972,1552.4650276601317,644.4241250753403,1478.8218436092138,1473.4842927792172,1672.5433,1643.1809
2013-12-16 09:40:00+0100,5059,1661.2596770226955,1488.8285202085972,673.4335113763809,1736.7175339460373,1500.6624396255766,1704.931,1634.5686
2013-12-16 09:50:00+0100,5059,1617.4147627055645,1661.2596770226955,900.9781875610352,1698.844245553017,1583.169578880968,1779.64,1784.889
2013-12-16 10:00:00+0100,5059,1664.4840800845996,1617.4147627055645,816.3873814684339,1788.044294834137,1600.9910990174826,1813.2404,1755.943
2013-12-16 10:10:00+0100,5059,1834.0756275504827,1664.4840800845996,978.781554043293,1784.3696237802503,1642.3250747079112,1848.1641,1838.9712
2013-12-16 10:20:00+0100,5059,1817.044125020504,1834.0756275504827,1081.3430896699429,1746.362913966179,1762.5833556001107,1927.1985,1923.5461
2013-12-16 10:30:00+0100,5059,1880.4313025474548,1817.044125020504,1091.9025938808918,2100.3781213760376,1790.7483561455128,1972.5804,1987.8691
2013-12-16 10:40:00+0100,5059,1992.1697914600368,1880.4313025474548,1309.0472070872784,1845.961302638054,1866.273877750035,2020.6992,2040.8215
2013-12-16 10:50:00+0100,5059,2007.4949115216727,1992.1697914600368,1374.876646220684,2070.148449420929,1982.380522739919,2088.065,2107.27
2013-12-16 11:00:00+0100,5059,1981.707434847951,2007.4949115216727,1422.574651569128,2394.079241141677,2027.689096417841,2135.9236,2169.782
2013-12-16 11:10:00+0100,5059,2184.568632930517,1981.707434847951,1650.9298084378242,2192.3229480683804,2072.4015601693914,2156.9465,2179.898
2013-12-16 11:20:00+0100,5059,1968.1713483333588,2184.568632930517,1733.5949952602386,2509.540857061744,2140.8534859993315,2238.2856,2281.6033
2013-12-16 11:30:00+0100,5059,2176.2668443620205,1968.1713483333588,1695.423495545983,2282.3520209491253,2079.5167677361774,2218.44,2227.0095
2013-12-16 11:40:00+0100,5059,2058.1229392290115,2176.2668443620205,1849.1559407413008,2295.7781864739954,2197.9677806370732,2275.7659,2332.7422
2013-12-16 11:50:00+0100,5059,2211.933327019214,2058.1229392290115,1892.6140369176865,2636.3859278410678,2201.7741569842474,2273.8918,2286.815
2013-12-16 12:00:00+0100,5059,2043.037795871496,2211.933327019214,2023.576424896717,2547.462463915348,2243.8806673017702,2325.3516,2372.6118
2013-12-16 12:10:00+0100,5059,2347.748122204561,2043.037795871496,2123.922232955694,2386.385662049055,2208.1472763429847,2299.414,2307.5762
2013-12-16 12:20:00+0100,5059,2503.830031335354,2347.748122204561,2235.9751107543707,2545.2891100645065,2331.8166046344304,2388.6577,2455.5806
2013-12-16 12:30:00+0100,5059,2471.3292385339737,2503.830031335354,2122.588119257241,2672.169901609421,2418.5854836513754,2497.8687,2500.5254
2013-12-16 12:40:00+0100,5059,2487.816031932831,2471.3292385339737,2134.2459467053413,2449.638574182987,2478.690189380274,2550.245,2602.8284
2013-12-16 12:50:00+0100,5059,2553.489550098777,2487.816031932831,2539.855275005102,2405.586647972465,2558.9359330896477,2585.31,2643.9243
2013-12-16 13:00:00+0100,5059,2654.522474050522,2553.489550098777,2578.363960713148,2750.24948103074,2580.033539551493,2628.6567,2723.2358
2013-12-16 13:10:00+0100,5059,2750.8956342488527,2654.522474050522,2608.72702619806,2690.3519432246685,2618.9472189859766,2688.1255,2781.2559
2013-12-16 13:20:00+0100,5059,2822.153837412596,2750.8956342488527,2484.750298842788,2598.714247569442,2705.5518454064513,2753.0059,2870.8184
2013-12-16 13:30:00+0100,5059,2701.687588185072,2822.153837412596,2361.1786516606808,2912.2058924883604,2799.0717726115263,2809.9875,2913.0325
2013-12-16 13:40:00+0100,5059,2846.5891635268927,2701.687588185072,2399.082014713902,3005.724110841751,2768.4468653738677,2795.7837,2922.5786
2013-12-16 13:50:00+0100,5059,2761.570383787155,2846.5891635268927,2422.209459338337,2801.3530978262424,2844.4446815522983,2833.9214,2988.8545
2013-12-16 14:00:00+0100,5059,2679.148138165474,2761.570383787155,2714.374319523573,2954.758877247572,2822.0795099374363,2820.9395,2962.9795
2013-12-16 14:10:00+0100,5059,2846.7757544219494,2679.148138165474,2583.798688564915,2898.16525284946,2756.179417502024,2779.019,2928.1948
2013-12-16 14:20:00+0100,5059,2534.2055844068527,2846.7757544219494,2698.714077949524,2765.648460030556,2789.740990756796,2810.1492,2972.0437
2013-12-16 14:30:00+0100,5059,2814.818886756897,2534.2055844068527,2606.965224403888,2740.535138845444,2664.2801732888324,2710.0156,2849.9739
2013-12-16 14:40:00+0100,5059,2797.125195130706,2814.818886756897,2682.9873453080654,2712.637917518616,2739.8764207313825,2749.706,2925.1216
2013-12-16 14:50:00+0100,5059,2632.9593005031347,2797.125195130706,2680.1705436855555,2600.775974094868,2766.831069238825,2759.1487,2906.5435
2013-12-16 15:00:00+0100,5059,2719.9247188568115,2632.9593005031347,2645.5211543887854,2776.597627609968,2697.036181124587,2699.3433,2871.3926
2013-12-16 15:10:00+0100,5059,2737.277991741896,2719.9247188568115,2729.070288453251,2660.270835399628,2764.5083682445093,2694.6199,2866.7402
2013-12-16 15:20:00+0100,5059,2688.812961548567,2737.277991741896,2856.53686947003,2870.1051854230464,2768.932004492295,2694.1335,2850.5151
2013-12-16 15:30:00+0100,5059,2614.559375439305,2688.812961548567,2966.3352924771607,2737.205358877778,2746.6836850186805,2672.6104,2824.223
2013-12-16 15:40:00+0100,5059,2702.1268563717604,2614.559375439305,2922.66154409945,2794.073317271192,2675.652613801536,2630.3398,2789.0479
2013-12-16 15:50:00+0100,5059,2748.791129623074,2702.1268563717604,2932.8668055273592,2531.232712894678,2698.7282638035194,2635.9011,2786.3801
2013-12-16 16:00:00+0100,5059,2634.2101971101947,2748.791129623074,3102.461088940501,2501.1160888671875,2709.121669173757,2652.1794,2788.8662
2013-12-16 16:10:00+0100,5059,2628.3539819419384,2634.2101971101947,2976.7158872187138,2450.359937131405,2664.0141477376965,2617.479,2751.1392
2013-12-16 16:20:00+0100,5059,2626.0117332339287,2628.3539819419384,2962.549505069852,2575.211632460356,2698.891676617594,2594.5266,2731.623
2013-12-16 16:30:00+0100,5059,2563.6245131343603,2626.0117332339287,3077.381833180785,2720.369869172573,2697.1539183525847,2579.2466,2710.891
2013-12-16 16:40:00+0100,5059,2649.91116718296,2563.6245131343603,3341.748473882675,2612.4014480113983,2642.5514444507007,2546.086,2664.9702
2013-12-16 16:50:00+0100,5059,2494.123686228413,2649.91116718296,2870.308100283146,2700.0930006355047,2672.636309843997,2556.061,2686.6816
2013-12-16 17:00:00+0100,5059,2457.799952390138,2494.123686228413,3017.3817789256573,2803.39121901989,2612.0238822728575,2503.2551,2598.2998
2013-12-16 17:10:00+0100,5059,2545.85936363088,2457.799952390138,2786.842946439981,2719.4896780252457,2582.971537834618,2456.44,2580.205
2013-12-16 17:20:00+0100,5059,2543.6949244737625,2545.85936363088,2738.216549366713,2916.3238401412964,2625.688970428157,2459.0825,2575.539
2013-12-16 17:30:00+0100,5059,2322.172638946213,2543.6949244737625,2814.9486830234528,2889.5675241947174,2611.368005397225,2455.6743,2566.254
2013-12-16 17:40:00+0100,5059,2663.5967763364315,2322.172638946213,3089.035936772824,2522.848718702793,2447.2955348324476,2369.751,2461.0576
2013-12-16 17:50:00+0100,5059,2480.970088933129,2663.5967763364315,2778.163501739502,2273.6085274261422,2570.7455381151235,2438.9956,2551.4731
2013-12-16 18:00:00+0100,5059,2258.5440983213484,2480.970088933129,2793.869938239455,2713.930140390992,2527.737771935408,2412.708,2440.919
2013-12-16 18:10:00+0100,5059,2365.501544713974,2258.5440983213484,2813.64042942226,2347.2269660532475,2381.4212732508904,2312.1372,2352.0315
2013-12-16 18:20:00+0100,5059,2013.1089017540216,2365.501544713974,2760.8712957948446,2157.865135908127,2368.9771412543105,2289.0518,2338.616
2013-12-16 18:30:00+0100,5059,2151.990870714188,2013.1089017540216,2674.6513351351023,2204.971930503845,2158.1166818259644,2142.8093,2105.806
2013-12-16 18:40:00+0100,5059,2143.1855330467224,2151.990870714188,2497.233303040266,1947.5545745491984,2132.811140057551,2096.643,2078.5388
2013-12-16 18:50:00+0100,5059,2088.398457944393,2143.1855330467224,2555.327821344137,1896.3413975536823,2112.5199531225976,2058.7139,2038.7349
2013-12-16 19:00:00+0100,5059,1917.87983353436,2088.398457944393,2471.190415386576,1900.782712250948,2081.0264059123147,2007.0967,1963.2474
2013-12-16 19:10:00+0100,5059,1961.185354799032,1917.87983353436,2423.603850245476,1874.884362474084,1951.7652896006603,1906.3292,1886.1364
2013-12-16 19:20:00+0100,5059,1886.3073817193508,1961.185354799032,2052.9523360431194,1662.7988510876894,1889.494052724106,1851.0603,1841.3702
2013-12-16 19:30:00+0100,5059,1575.932292222977,1886.3073817193508,1793.0516931414604,1684.8167578019202,1872.6304348808835,1784.8799,1745.3318
2013-12-16 19:40:00+0100,5059,1596.1409440487623,1575.932292222977,1750.443251132965,1843.3633918203411,1669.8611477227448,1630.4336,1551.6345
2013-12-16 19:50:00+0100,5059,1528.15261387825,1596.1409440487623,1542.7161044925451,1385.3277383893728,1589.637554675796,1533.1545,1472.6859
2013-12-16 20:00:00+0100,5059,1413.2109256833792,1528.15261387825,1552.5208114087582,1368.7177156358955,1523.4075111852185,1447.5867,1406.2418
2013-12-16 20:10:00+0100,5059,1425.4016382992268,1413.2109256833792,1458.4070469737053,1413.472499102354,1459.4541090732878,1356.0898,1331.0146
2013-12-16 20:20:00+0100,5059,1304.297706246376,1425.4016382992268,1356.0595490336418,1549.642977759242,1374.7729335757836,1302.4583,1310.4961
2013-12-16 20:30:00+0100,5059,1109.710706204176,1304.297706246376,1211.9283226430416,1051.3617249620147,1271.0693900622086,1235.1407,1206.9824
2013-12-16 20:40:00+0100,5059,1243.8564709764903,1109.710706204176,1163.1595060825348,976.9859556406736,1160.491839038974,1137.4694,1122.4352
2013-12-16 20:50:00+0100,5059,1135.4084794521332,1243.8564709764903,1058.6059140600264,1058.7889273017645,1146.6288363467843,1114.7552,1138.582
2013-12-16 21:00:00+0100,5059,1075.420757383108,1135.4084794521332,966.967941224575,891.2176733650267,1125.5906945050829,1074.9968,1058.8629
2013-12-16 21:10:00+0100,5059,1103.3552030175924,1075.420757383108,981.4010503292084,1138.565929889679,1069.3133044066615,1033.7485,1029.4342
2013-12-16 21:20:00+0100,5059,1062.017217516899,1103.3552030175924,827.834157705307,908.293279543519,1044.2219248364836,1015.5017,1021.0367
2013-12-16 21:30:00+0100,5059,1051.479086637497,1062.017217516899,701.6924040317535,970.766674220562,1013.8102085378596,993.6896,998.5128
2013-12-16 21:40:00+0100,5059,827.939001917839,1051.479086637497,754.453770160675,930.2709759920835,1051.0120853731444,976.428,980.3288
2013-12-16 21:50:00+0100,5059,939.146123468876,827.939001917839,731.9561157226562,1250.5222249031067,920.5172107172264,900.7865,869.2858
2013-12-16 22:00:00+0100,5059,864.9957001805305,939.146123468876,651.9787201881409,921.407726764679,903.6517498645029,876.53955,890.62695
2013-12-16 22:10:00+0100,5059,945.517716407776,864.9957001805305,763.3276000022888,794.7772712558508,838.2302381510424,841.189,838.4418
2013-12-16 22:20:00+0100,5059,929.39573392272,945.517716407776,631.354989618063,690.4801635742188,847.6048632747639,840.03534,867.8382
2013-12-16 22:30:00+0100,5059,795.0380264520645,929.39573392272,682.8200595378876,669.5327758789062,857.402572663183,837.1874,835.9335
2013-12-16 22:40:00+0100,5059,731.8589307409711,795.0380264520645,692.9621366262436,642.6120754075237,795.1131349891724,795.00684,800.1183
2013-12-16 22:50:00+0100,5059,685.2888186317869,731.8589307409711,672.8045828342438,689.6169414520264,810.7344881047845,742.03467,761.16455
2013-12-16 23:00:00+0100,5059,619.8266708552837,685.2888186317869,579.7040916383266,1241.078314140439,741.0754659229208,688.0384,721.29694
2013-12-16 23:10:00+0100,5059,686.6953942477703,619.8266708552837,567.5315551757812,744.9646095633507,666.4558877236544,629.0816,657.03656
2013-12-16 23:20:00+0100,5059,627.1446042656898,686.6953942477703,505.4060904234648,733.89101575315,635.8964230994278,606.78424,661.2148
2013-12-16 23:30:00+0100,5059,526.6758566647768,627.1446042656898,483.5201916694641,478.23168286681175,610.5744950414357,576.76044,620.91846
2013-12-16 23:40:00+0100,5059,549.476823091507,526.6758566647768,497.0124816894531,527.9005309045315,550.8894339844227,524.4564,566.90576
2013-12-16 23:50:00+0100,5059,507.3895468711853,549.476823091507,499.6375518739224,458.8825900554657,539.8815437528826,491.6311,559.93445
2013-12-17 00:00:00+0100,5059,502.8286802768707,507.3895468711853,441.6725463867188,550.4351903796196,514.932759354543,457.93982,520.9457
2013-12-17 00:10:00+0100,5059,557.6482734680176,502.8286802768707,419.4904174804688,544.6912464946508,503.83312532144896,434.6869,498.11963
2013-12-17 00:20:00+0100,5059,453.3353271484375,557.6482734680176,459.475919008255,488.5007506608963,509.26257353969004,440.87042,495.41876
2013-12-17 00:30:00+0100,5059,434.283935546875,453.3353271484375,376.8822937011719,426.5383731126785,459.96210494840926,418.78284,442.17133
2013-12-17 00:40:00+0100,5059,643.6171999019571,434.283935546875,393.060853600502,400.9922189200297,442.7354602218711,397.422,429.96625
2013-12-17 00:50:00+0100,5059,377.2396060228348,643.6171999019571,399.1571044921875,414.22625064849854,506.0331082929375,457.1867,511.55872
2013-12-17 01:00:00+0100,5059,420.1350708007813,377.2396060228348,285.9407653808594,368.5494863986969,420.1047637897024,424.71216,417.81104
2013-12-17 01:10:00+0100,5059,382.4946594238281,420.1350708007813,386.7355320453644,348.31712555885315,421.0507712657,407.42078,417.09418
2013-12-17 01:20:00+0100,5059,372.3956137448549,382.4946594238281,393.2965393066406,376.4095022678375,376.5317265421454,383.85596,375.01855
2013-12-17 01:30:00+0100,5059,354.8289794921875,372.3956137448549,306.33349609375,303.4646475315094,358.7875838636972,363.55597,383.7296
2013-12-17 01:40:00+0100,5059,326.95476979389787,354.8289794921875,378.2484130859375,321.478981256485,360.5627090592857,344.0675,347.2271
2013-12-17 01:50:00+0100,5059,285.24145925045013,326.95476979389787,379.7450256347656,356.39892578125,412.9029378933976,322.3009,333.94257
2013-12-17 02:00:00+0100,5059,307.2751842737198,285.24145925045013,313.56323969364166,956.8873291015624,356.9149494368662,293.03772,311.13013
2013-12-17 02:10:00+0100,5059,322.3454895019531,307.2751842737198,363.4713003635407,352.328665971756,334.6971223367903,279.662,310.30957
2013-12-17 02:20:00+0100,5059,270.39794921875,322.3454895019531,355.7602844238281,379.1968357563019,315.26171285431303,279.25073,299.9607
2013-12-17 02:30:00+0100,5059,287.3663330078125,270.39794921875,261.8946533203125,332.2477722167969,300.7769215801022,264.8352,279.20056
2013-12-17 02:40:00+0100,5059,300.2383278948255,287.3663330078125,322.9193725585937,372.4902038574219,309.6826997061387,260.28687,274.7434
2013-12-17 02:50:00+0100,5059,249.70933532714844,300.2383278948255,333.5801696777344,365.53425550460815,299.0778877545731,264.4635,275.4607
2013-12-17 03:00:00+0100,5059,278.1053161621094,249.70933532714844,266.3287048339844,306.302001953125,282.0795248323099,252.41064,262.2118
2013-12-17 03:10:00+0100,5059,289.5951538085937,278.1053161621094,306.63854014873505,368.0035011768341,306.11954023838575,252.65466,255.21973
2013-12-17 03:20:00+0100,5059,263.24371337890625,289.5951538085937,328.3710021972656,428.0559692382813,299.86878331650877,259.50317,258.85974
2013-12-17 03:30:00+0100,5059,275.84969830513,263.24371337890625,275.85809326171875,329.7439270019531,290.5808180513909,257.45093,258.59033
2013-12-17 03:40:00+0100,5059,302.6184078794904,275.84969830513,306.56317138671875,380.5074768066406,301.54577667913077,260.33728,252.11877
2013-12-17 03:50:00+0100,5059,267.3950500488281,302.6184078794904,331.5537109375,372.6082680225372,300.8048830788655,273.42163,257.9485
2013-12-17 04:00:00+0100,5059,294.6283264160156,267.3950500488281,273.42022705078125,317.63250732421875,287.6382222500206,272.86804,251.80383
2013-12-17 04:10:00+0100,5059,295.62774658203125,294.6283264160156,283.7524719238281,352.1720886230469,303.5714207544012,281.21033,260.57666
2013-12-17 04:20:00+0100,5059,270.77685546875,295.62774658203125,342.6617126464844,325.8515293598175,298.82164635076333,289.25635,264.51318
2013-12-17 04:30:00+0100,5059,253.1994781494141,270.77685546875,282.18365478515625,316.47023701667786,288.13135029096986,286.6223,265.61096
2013-12-17 04:40:00+0100,5059,297.3525390625,253.1994781494141,295.69342041015625,343.46044087409973,282.65920312054766,276.6588,263.90576
2013-12-17 04:50:00+0100,5059,271.640380859375,297.3525390625,306.71826171875,326.21588134765625,284.43916209431893,283.77368,277.97375
2013-12-17 05:00:00+0100,5059,261.4262084960937,271.640380859375,245.5802001953125,295.998291015625,283.9312969025284,281.95203,275.25732
2013-12-17 05:10:00+0100,5059,315.2352294921875,261.4262084960937,309.10986328125,333.8072731494904,289.73570338399935,276.14587,267.92126
2013-12-17 05:20:00+0100,5059,340.95709228515625,315.2352294921875,342.4906005859375,332.6810913085937,294.6647835650538,290.9613,289.48975
2013-12-17 05:30:00+0100,5059,281.9102783203125,340.95709228515625,240.64575386047363,291.0030212402344,327.83552478959274,314.85706,314.60632
2013-12-17 05:40:00+0100,5059,331.3453063964844,281.9102783203125,299.0203857421875,432.33995747566223,335.00571433316895,313.4922,300.66602
2013-12-17 05:50:00+0100,5059,279.8592529296875,331.3453063964844,351.99676513671875,462.1157836914063,348.77689431972647,327.6103,320.36218
2013-12-17 06:00:00+0100,5059,283.45941685140133,279.8592529296875,318.0458068847656,447.07880161702633,332.56261121197485,320.4701,316.11926
2013-12-17 06:10:00+0100,5059,337.38726806640625,283.45941685140133,378.6978454589844,462.56353840231895,319.3415655381416,313.1327,319.05383
2013-12-17 06:20:00+0100,5059,331.45905059948564,337.38726806640625,356.13885498046875,366.0852844119072,332.48796587743516,326.45184,331.7917
2013-12-17 06:30:00+0100,5059,294.9102783203125,331.45905059948564,384.4663343429565,369.2721252441406,338.7482933684612,337.01642,353.8863
2013-12-17 06:40:00+0100,5059,379.765869140625,294.9102783203125,370.8913269042969,395.40631103515625,334.93535867973605,331.7578,342.39386
2013-12-17 06:50:00+0100,5059,342.5234375,379.765869140625,362.3276977539063,431.4978332519531,362.5348849647877,357.06616,394.95203
2013-12-17 07:00:00+0100,5059,393.17279052734375,342.5234375,336.9212951660156,398.308890581131,367.869676859835,366.13,392.59216
2013-12-17 07:10:00+0100,5059,446.5734558105469,393.17279052734375,390.6144630908966,473.31730979681015,399.0666807145188,390.42334,436.72998
2013-12-17 07:20:00+0100,5059,479.6781097352505,446.5734558105469,425.8382214009762,459.42938751354814,435.2313798310655,430.6709,465.3181
2013-12-17 07:30:00+0100,5059,454.8965545594692,479.6781097352505,418.441372692585,501.792236328125,489.3722053127991,476.27582,520.4028
2013-12-17 07:40:00+0100,5059,550.1102639776655,454.8965545594692,511.0615020692349,622.4240984916687,511.12624839054104,502.48645,529.5548
2013-12-17 07:50:00+0100,5059,753.2258911132812,550.1102639776655,629.2299981201068,632.3024086654186,570.8982685048018,555.3415,610.015
2013-12-17 08:00:00+0100,5059,753.5955984592438,753.2258911132812,653.4199493527412,799.3837965726852,727.0825098855512,675.4206,780.6867
2013-12-17 08:10:00+0100,5059,825.6178844869137,753.5955984592438,761.4895394742489,1072.700334429741,792.467657008417,774.68536,852.09717
2013-12-17 08:20:00+0100,5059,969.2273511886596,825.6178844869137,882.3408587127924,977.503408536315,868.1923655753263,874.728,938.25397
2013-12-17 08:30:00+0100,5059,1102.4698280096054,969.2273511886596,1032.5479900836945,1091.5457247514278,975.282788120476,1000.98285,1073.8124
2013-12-17 08:40:00+0100,5059,1151.8214667476714,1102.4698280096054,1124.125929057598,1217.1279903990217,1088.3203422581873,1142.321,1209.9524
2013-12-17 08:50:00+0100,5059,1323.1920038163662,1151.8214667476714,1236.54909786582,1303.0552929490805,1207.5619897472234,1257.5482,1279.6628
2013-12-17 09:00:00+0100,5059,1353.7093198001385,1323.1920038163662,1481.2484090328217,1575.001906171441,1336.1549525416062,1392.0848,1415.5626
2013-12-17 09:10:00+0100,5059,1526.8392440974712,1353.7093198001385,1428.5942800343037,1681.3343237489462,1384.1837279137037,1487.7961,1471.4167
2013-12-17 09:20:00+0100,5059,1520.4929294884205,1526.8392440974712,1552.4650276601317,1558.278585314751,1483.2831585008562,1604.2043,1613.5204
2013-12-17 09:30:00+0100,5059,1443.8578650993295,1520.4929294884205,1488.8285202085972,1637.3097839355469,1544.5488216038768,1674.1345,1626.9799
2013-12-17 09:40:00+0100,5059,1733.727234005928,1443.8578650993295,1661.2596770226955,1781.1392637193203,1570.11830680388,1686.7515,1656.5278
2013-12-17 09:50:00+0100,5059,1723.3817115467973,1733.727234005928,1617.4147627055645,1995.1043225866745,1695.9608413694637,1789.6139,1807.8636
2013-12-17 10:00:00+0100,5059,1592.9744842019863,1723.3817115467973,1664.4840800845996,1961.1566395759585,1787.2504669873038,1855.1486,1841.5142
2013-12-17 10:10:00+0100,5059,1676.8530627470464,1592.9744842019863,1834.0756275504827,2290.391702447552,1750.232137633996,1850.127,1815.5623
2013-12-17 10:20:00+0100,5059,2029.139833971858,1676.8530627470464,1817.044125020504,2023.517894540448,1787.022096484212,1871.1227,1848.2817
2013-12-17 10:30:00+0100,5059,1878.19783256948,2029.139833971858,1880.4313025474548,2260.1370520633645,1987.2793420959551,2004.3662,2066.5923
2013-12-17 10:40:00+0100,5059,2047.585065294057,1878.19783256948,1992.1697914600368,2472.364390296861,1992.3540145990414,2041.2126,2055.9385
2013-12-17 10:50:00+0100,5059,2180.449947767891,2047.585065294057,2007.4949115216727,2301.199125074316,2059.3551618051233,2117.4258,2155.682
2013-12-17 11:00:00+0100,5059,2260.443010210991,2180.449947767891,1981.707434847951,2286.6116189956665,2178.954129859745,2210.0613,2211.3896
2013-12-17 11:10:00+0100,5059,2108.2442525476217,2260.443010210991,2184.568632930517,2466.041959511116,2246.059410515984,2294.64,2358.3604
2013-12-17 11:20:00+0100,5059,2238.887423411012,2108.2442525476217,1968.1713483333588,2453.9640071261674,2229.7073664059544,2298.369,2331.8203
2013-12-17 11:30:00+0100,5059,2177.577241897583,2238.887423411012,2176.2668443620205,2577.3739499580115,2319.565281488309,2345.4526,2386.526
2013-12-17 11:40:00+0100,5059,2299.4008621945977,2177.577241897583,2058.1229392290115,2892.697978845332,2300.6103022990246,2358.5127,2402.5378
2013-12-17 11:50:00+0100,5059,2414.3123682029545,2299.4008621945977,2211.933327019214,2647.214542521164,2318.1994031267186,2410.1157,2471.46
2013-12-17 12:00:00+0100,5059,2392.4524151086807,2414.3123682029545,2043.037795871496,2526.6144584622234,2410.8707128965125,2483.2607,2506.3923
2013-12-17 12:10:00+0100,5059,2683.2267963141203,2392.4524151086807,2347.748122204561,2653.1788116451357,2473.772017197697,2521.728,2558.843
2013-12-17 12:20:00+0100,5059,2642.9966831249185,2683.2267963141203,2503.830031335354,2747.950354548171,2668.575717654898,2642.854,2674.067
2013-12-17 12:30:00+0100,5059,2447.843034300953,2642.9966831249185,2471.3292385339737,3244.12724928651,2695.235643249364,2702.0312,2740.7505
2013-12-17 12:40:00+0100,5059,2542.86383991316,2447.843034300953,2487.816031932831,2985.628329050727,2635.436520364383,2670.7773,2730.395
2013-12-17 12:50:00+0100,5059,2836.182417292613,2542.86383991316,2553.489550098777,2954.0650687050074,2675.8807883007817,2686.9316,2758.901
2013-12-17 13:00:00+0100,5059,2705.4674441814423,2836.182417292613,2654.522474050522,3111.739042350091,2809.154135985697,2797.1597,2851.5132
2013-12-17 13:10:00+0100,5059,2972.2611294984818,2705.4674441814423,2750.8956342488527,3155.803439412266,2814.628130507761,2810.0527,2888.1797
2013-12-17 13:20:00+0100,5059,3007.295596241951,2972.2611294984818,2822.153837412596,3160.280677892268,2929.2580113840727,2901.1096,3003.5686
2013-12-17 13:30:00+0100,5059,3013.350670271553,3007.295596241951,2701.687588185072,3194.4549672603607,3001.761904080412,2955.7708,3030.7378
2013-12-17 13:40:00+0100,5059,3133.456047713757,3013.350670271553,2846.5891635268927,3238.298459261656,3042.11244986763,2979.376,3107.788
2013-12-17 13:50:00+0100,5059,2863.8773000091314,3133.456047713757,2761.570383787155,3301.3201722949743,3107.263232277595,3025.9,3144.335
2013-12-17 14:00:00+0100,5059,3008.377351999283,2863.8773000091314,2679.148138165474,3310.846501469612,3013.3873647235196,2956.1406,3057.6768
2013-12-17 14:10:00+0100,5059,2890.12061432004,3008.377351999283,2846.7757544219494,3209.618153169751,2997.651856081322,2965.7515,3093.749
2013-12-17 14:20:00+0100,5059,2734.471157733351,2890.12061432004,2534.2055844068527,3132.4636353850365,2995.34509515827,2927.2852,3051.5967
2013-12-17 14:30:00+0100,5059,2544.7540870457888,2734.471157733351,2814.818886756897,3463.6956903785467,2876.8508150461735,2848.9453,2982.1626
2013-12-17 14:40:00+0100,5059,2736.8467765897512,2544.7540870457888,2797.125195130706,2919.789198949933,2743.463621347928,2737.0527,2869.9756
2013-12-17 14:50:00+0100,5059,2691.2998386472464,2736.8467765897512,2632.9593005031347,3138.539323866368,2740.3302894471503,2741.3245,2894.4736
2013-12-17 15:00:00+0100,5059,2396.327885106206,2691.2998386472464,2719.9247188568115,2834.923872470856,2772.793991575699,2719.8457,2846.7964
2013-12-17 15:10:00+0100,5059,2737.6081418693066,2396.327885106206,2737.277991741896,3187.3694100794382,2651.282548512713,2592.5532,2709.8083
2013-12-17 15:20:00+0100,5059,2477.288901567459,2737.6081418693066,2688.812961548567,3031.5604850053787,2730.870119428211,2640.1555,2793.3364
2013-12-17 15:30:00+0100,5059,2892.689830501098,2477.288901567459,2614.559375439305,2918.2141991341487,2643.0626546630338,2565.156,2678.2412
2013-12-17 15:40:00+0100,5059,2803.812043622136,2892.689830501098,2702.1268563717604,2935.790938769001,2783.6739117518528,2663.5215,2816.7598
2013-12-17 15:50:00+0100,5059,2902.2222621184774,2803.812043622136,2748.791129623074,2772.834308624268,2803.8168892157064,2683.2014,2757.6887
2013-12-17 16:00:00+0100,5059,2747.3256308776326,2902.2222621184774,2634.2101971101947,2844.538910478353,2843.4689318166675,2724.4321,2824.0535
2013-12-17 16:10:00+0100,5059,3124.1048853695397,2747.3256308776326,2628.3539819419384,2766.8156712055206,2833.864575911593,2693.1997,2772.38
2013-12-17 16:20:00+0100,5059,3048.263620425016,3124.1048853695397,2626.0117332339287,3089.223127573729,2950.955099858599,2807.006,2902.946
2013-12-17 16:30:00+0100,5059,3095.519642964005,3048.263620425016,2563.6245131343603,2774.175522893667,2990.2407826252925,2845.514,2839.0952
2013-12-17 16:40:00+0100,5059,3181.468617990613,3095.519642964005,2649.91116718296,2913.9536820054054,3003.4529691012253,2882.961,2938.8315
2013-12-17 16:50:00+0100,5059,2941.1340262293816,3181.468617990613,2494.123686228413,2843.841826424002,3033.1338860550068,2935.3662,2947.0986
2013-12-17 17:00:00+0100,5059,2902.807999615092,2941.1340262293816,2457.799952390138,2853.480714276433,2955.4287655045637,2886.9058,2904.1326
2013-12-17 17:10:00+0100,5059,2714.873692039866,2902.807999615092,2545.85936363088,2829.6444744318724,2896.681499887068,2852.904,2875.5693
2013-12-17 17:20:00+0100,5059,3030.4997155857272,2714.873692039866,2543.6949244737625,2822.575424671173,2768.689503770496,2773.474,2803.9302
2013-12-17 17:30:00+0100,5059,2599.423307582736,3030.4997155857272,2322.172638946213,2781.036055445671,2879.3374476470967,2841.463,2832.1265
2013-12-17 17:40:00+0100,5059,2843.5127665400505,2599.423307582736,2663.5967763364315,2717.2132475078106,2712.41101155413,2725.6392,2706.2485
2013-12-17 17:50:00+0100,5059,2552.371131390333,2843.5127665400505,2480.970088933129,2600.113906353712,2725.1308396217346,2747.2393,2745.5078
2013-12-17 18:00:00+0100,5059,2385.381994485855,2552.371131390333,2258.5440983213484,2694.793646275997,2616.4855279966737,2654.396,2578.3054
2013-12-17 18:10:00+0100,5059,2270.154971637763,2385.381994485855,2365.501544713974,2531.378154281527,2470.2796074245675,2538.3945,2498.978
2013-12-17 18:20:00+0100,5059,2145.7807446420197,2270.154971637763,2013.1089017540216,2527.050729751587,2352.71620177688,2426.7773,2375.7612
2013-12-17 18:30:00+0100,5059,2272.686719879508,2145.7807446420197,2151.990870714188,2394.3535811943,2234.649332151286,2308.1196,2206.7883
2013-12-17 18:40:00+0100,5059,2324.8821067661047,2272.686719879508,2143.1855330467224,2249.61764793098,2204.0662853549793,2274.484,2208.0173
2013-12-17 18:50:00+0100,5059,2225.732046879828,2324.8821067661047,2088.398457944393,1996.8153042877093,2229.2006711480217,2261.8213,2192.334
2013-12-17 19:00:00+0100,5059,2236.8972417116165,2225.732046879828,1917.87983353436,2160.415838986635,2207.4991636108894,2206.644,2131.9458
2013-12-17 19:10:00+0100,5059,2005.543315042276,2236.8972417116165,1961.185354799032,2140.319803033024,2200.4382798068555,2167.7842,2114.5354
2013-12-17 19:20:00+0100,5059,1953.8908964586444,2005.543315042276,1886.3073817193508,2136.716918259859,2041.1041633948441,2052.8608,1962.6869
2013-12-17 19:30:00+0100,5059,1802.5775286853316,1953.8908964586444,1575.932292222977,2046.5722872912884,1928.5378304047279,1954.979,1858.4546
2013-12-17 19:40:00+0100,5059,1852.4194483459,1802.5775286853316,1596.1409440487623,1731.4648878611624,1820.760289840101,1832.2101,1724.6309
2013-12-17 19:50:00+0100,5059,1696.9372882843018,1852.4194483459,1528.15261387825,1756.636451188475,1777.7542211506313,1764.24,1691.6733
2013-12-17 20:00:00+0100,5059,1606.5922533357516,1696.9372882843018,1413.2109256833792,1688.59130692482,1699.9768558115086,1660.3073,1567.605
2013-12-17 20:10:00+0100,5059,1590.603752061725,1606.5922533357516,1425.4016382992268,1625.3926553577185,1583.230723492039,1557.2416,1476.9169
2013-12-17 20:20:00+0100,5059,1446.0182693898678,1590.603752061725,1304.297706246376,1324.3677187599242,1506.7430855899033,1482.358,1441.7957
2013-12-17 20:30:00+0100,5059,1323.7642673105,1446.0182693898678,1109.710706204176,1316.6862475313246,1420.093637200396,1387.3386,1345.8436
2013-12-17 20:40:00+0100,5059,1351.180976331234,1323.7642673105,1243.8564709764903,1236.932021483779,1327.2819350479738,1288.9906,1264.6436
2013-12-17 20:50:00+0100,5059,1179.2695380300283,1351.180976331234,1135.4084794521332,1163.248513698578,1360.8917999790558,1236.8593,1256.0507
2013-12-17 21:00:00+0100,5059,1079.5661282539368,1179.2695380300283,1075.420757383108,1774.60157578066,1261.4127222452944,1157.8789,1161.7155
2013-12-17 21:10:00+0100,5059,1028.0623512119057,1079.5661282539368,1103.3552030175924,1287.508194372058,1161.8371329599304,1081.0896,1104.5665
2013-12-17 21:20:00+0100,5059,1090.869218468666,1028.0623512119057,1062.017217516899,1242.5880634188652,1090.2587977680073,1019.73987,1026.0431
2013-12-17 21:30:00+0100,5059,956.1571611166,1090.869218468666,1051.479086637497,1261.8608743324876,1051.7773558014742,1000.3616,1037.5441
2013-12-17 21:40:00+0100,5059,862.8588737249374,956.1571611166,827.939001917839,1022.1285639554262,997.3303191011538,953.9463,956.3142
2013-12-17 21:50:00+0100,5059,919.108216524124,862.8588737249374,939.146123468876,1066.56831073761,932.1703651897642,896.4873,893.1656
2013-12-17 22:00:00+0100,5059,801.8913812972605,919.108216524124,864.9957001805305,1007.386139690876,945.468887144687,872.33594,882.4779
2013-12-17 22:10:00+0100,5059,840.0254804235883,801.8913812972605,945.517716407776,1131.5334216058254,874.9583547748573,824.69775,828.45123
2013-12-17 22:20:00+0100,5059,779.9642857653089,840.0254804235883,929.39573392272,911.045577019453,841.9778392770309,800.8813,813.38043
2013-12-17 22:30:00+0100,5059,783.5628025531769,779.9642857653089,795.0380264520645,877.7382683753967,811.332504814635,767.98975,768.6139
2013-12-17 22:40:00+0100,5059,769.184316277504,783.5628025531769,731.8589307409711,916.14546751976,845.0694754581896,744.7141,760.2947
2013-12-17 22:50:00+0100,5059,724.5754297375679,769.184316277504,685.2888186317869,1263.0488902926445,808.7744112673564,723.88477,746.9434
2013-12-17 23:00:00+0100,5059,680.9917877018452,724.5754297375679,619.8266708552837,896.8783011436462,808.0606837529766,695.27014,720.12787
2013-12-17 23:10:00+0100,5059,609.1262555122375,680.9917877018452,686.6953942477703,1194.1348114907742,784.7118779857171,660.15894,693.8767
2013-12-17 23:20:00+0100,5059,687.943656206131,609.1262555122375,627.1446042656898,1122.8019941532984,693.1301826466595,611.652,648.7469
2013-12-17 23:30:00+0100,5059,579.2199962735176,687.943656206131,526.6758566647768,827.6440096795559,661.5701765240477,598.1908,668.8646
2013-12-17 23:40:00+0100,5059,560.5221184492111,579.2199962735176,549.476823091507,590.8520375490189,599.5332714896917,558.334,592.9851
2013-12-17 23:50:00+0100,5059,585.9377197027206,560.5221184492111,507.3895468711853,575.1741116046906,592.4062721449955,521.1901,580.8041
2013-12-18 00:00:00+0100,5059,543.7736937105656,585.9377197027206,502.8286802768707,763.3271591663361,594.3678402731356,502.64587,549.6774
2013-12-18 00:10:00+0100,5059,489.55951446667314,543.7736937105656,557.6482734680176,638.1711921691895,549.7224776977282,479.56464,535.2766
2013-12-18 00:20:00+0100,5059,539.0692913532257,489.55951446667314,453.3353271484375,511.84302520751953,502.58746308991823,447.4884,488.94507
2013-12-18 00:30:00+0100,5059,504.4429931640625,539.0692913532257,434.283935546875,493.0200362056494,531.1554622389233,442.06726,487.7838
2013-12-18 00:40:00+0100,5059,474.9078183658421,504.4429931640625,643.6171999019571,541.5561532462016,499.67436486762153,434.51703,468.86328
2013-12-18 00:50:00+0100,5059,456.4115692079067,474.9078183658421,377.2396060228348,465.8863525390625,464.20033098773143,424.57477,454.05646
2013-12-18 01:00:00+0100,5059,410.78295063972473,456.4115692079067,420.1350708007813,442.6639615893364,459.8327799642292,415.0713,427.91742
2013-12-18 01:10:00+0100,5059,379.6580200195313,410.78295063972473,382.4946594238281,481.8441332876682,431.1038603034623,396.3224,406.50958
2013-12-18 01:20:00+0100,5059,401.6303684711456,379.6580200195313,372.3956137448549,439.9860229492188,402.2221516775028,372.51465,383.9959
2013-12-18 01:30:00+0100,5059,409.8603820800781,401.6303684711456,354.8289794921875,452.7424487173557,406.97170729869936,364.20795,370.44037
2013-12-18 01:40:00+0100,5059,410.0241394042969,409.8603820800781,326.95476979389787,507.9776995182037,402.9016825492917,365.35052,365.74353
2013-12-18 01:50:00+0100,5059,413.1297912597656,410.0241394042969,285.24145925045013,409.5478203296661,399.1383426086101,371.14844,369.4422
2013-12-18 02:00:00+0100,5059,381.07139921188354,413.1297912597656,307.2751842737198,407.8581582605839,404.2100331216841,379.98816,368.49414
2013-12-18 02:10:00+0100,5059,370.3176574707031,381.07139921188354,322.3454895019531,411.8441634774208,387.2996697316916,377.91858,368.17236
2013-12-18 02:20:00+0100,5059,391.4158630371094,370.3176574707031,270.39794921875,397.2263528704643,376.2457273475332,372.77124,355.7967
2013-12-18 02:30:00+0100,5059,339.1483154296875,391.4158630371094,287.3663330078125,432.5632019042969,377.5011286261025,376.94464,357.00024
2013-12-18 02:40:00+0100,5059,343.9882202148437,339.1483154296875,300.2383278948255,366.8083227276802,348.9189774076294,363.37158,334.44244
2013-12-18 02:50:00+0100,5059,354.6265869140625,343.9882202148437,249.70933532714844,337.3331604003906,344.1871070411813,353.67932,328.9272
2013-12-18 03:00:00+0100,5059,349.9417419433594,354.6265869140625,278.1053161621094,384.66996946930885,354.3747907923936,351.0849,320.85974
2013-12-18 03:10:00+0100,5059,357.0931701660156,349.9417419433594,289.5951538085937,411.0357971191406,357.81279862655833,349.4021,324.15985
2013-12-18 03:20:00+0100,5059,353.4743603169918,357.0931701660156,263.24371337890625,426.8201638758183,345.31494713175823,352.18402,320.28992
2013-12-18 03:30:00+0100,5059,323.44744873046875,353.4743603169918,275.84969830513,294.3900756835937,345.3612356444804,354.7627,317.1134
2013-12-18 03:40:00+0100,5059,330.1956787109375,323.44744873046875,302.6184078794904,346.5054042339325,324.27169787996144,346.5805,308.39258
2013-12-18 03:50:00+0100,5059,333.8312072753906,330.1956787109375,267.3950500488281,276.8249502014369,319.9440244391609,341.8905,306.99316
2013-12-18 04:00:00+0100,5059,349.3402404785156,333.8312072753906,294.6283264160156,303.039313852787,325.2629008456336,340.32745,307.98645
2013-12-18 04:10:00+0100,5059,332.1836242675781,349.3402404785156,295.62774658203125,341.10502409935,328.0363301854357,345.79138,320.37555
2013-12-18 04:20:00+0100,5059,342.7267150878906,332.1836242675781,270.77685546875,278.16077610850334,321.3225451508511,345.36096,319.14758
2013-12-18 04:30:00+0100,5059,374.74505615234375,342.7267150878906,253.1994781494141,301.1710507571697,329.52724042924945,348.828,325.13843
2013-12-18 04:40:00+0100,5059,368.853271484375,374.74505615234375,297.3525390625,327.84182572364807,344.01582996349975,364.1637,344.998
2013-12-18 04:50:00+0100,5059,359.9599609375,368.853271484375,271.640380859375,296.35281896591187,342.36576888682714,375.83356,350.18134
2013-12-18 05:00:00+0100,5059,320.0647277832031,359.9599609375,261.4262084960937,306.2347582876682,346.62190774631955,381.57196,350.98615
2013-12-18 05:10:00+0100,5059,361.5439147949219,320.0647277832031,315.2352294921875,311.8100280761719,336.0266206100674,370.23535,340.53992
2013-12-18 05:20:00+0100,5059,344.93467101454735,361.5439147949219,340.95709228515625,314.4833984375,334.14072683996403,374.07794,356.37262
2013-12-18 05:30:00+0100,5059,401.5830383300781,344.93467101454735,281.9102783203125,297.3431701660156,330.0223463266009,372.14948,346.35437
2013-12-18 05:40:00+0100,5059,397.4718933105469,401.5830383300781,331.3453063964844,302.524644438643,357.7733822152931,391.2605,367.55017
2013-12-18 05:50:00+0100,5059,396.86322021484375,397.4718933105469,279.8592529296875,293.94158935546875,362.71476933875783,407.3471,378.2696
2013-12-18 06:00:00+0100,5059,346.3754048347473,396.86322021484375,283.45941685140133,298.2731018066406,374.6414512402855,419.7588,394.54248
2013-12-18 06:10:00+0100,5059,356.5795288085937,346.3754048347473,337.38726806640625,323.27947998046875,352.0473395158438,409.69464,373.27734
2013-12-18 06:20:00+0100,5059,357.72877836227417,356.5795288085937,331.45905059948564,276.3125915527344,346.4371776939181,402.02667,381.1223
2013-12-18 06:30:00+0100,5059,379.6343078613281,357.72877836227417,294.9102783203125,346.8734741210937,357.1405798131144,395.54852,373.05872
2013-12-18 06:40:00+0100,5059,361.9119925349951,379.6343078613281,379.765869140625,370.592581987381,363.60399276321044,398.4367,398.08246
2013-12-18 06:50:00+0100,5059,413.221122354269,361.9119925349951,342.5234375,330.0849609375,369.0572151722299,395.26105,396.21375
2013-12-18 07:00:00+0100,5059,403.9544275999069,413.221122354269,393.17279052734375,414.7220362168737,413.0956889447306,411.55463,426.6786
2013-12-18 07:10:00+0100,5059,471.1231541633606,403.9544275999069,446.5734558105469,498.20127987861633,430.0438454304173,423.22668,452.93726
2013-12-18 07:20:00+0100,5059,481.87421119213104,471.1231541633606,479.6781097352505,507.02487909793854,459.0224315773854,457.42688,502.78198
2013-12-18 07:30:00+0100,5059,486.9402770996094,481.87421119213104,454.8965545594692,500.8140232563019,492.61613680035606,490.6875,517.795
2013-12-18 07:40:00+0100,5059,624.4268798828125,486.9402770996094,550.1102639776655,577.8698461097665,539.0151149392625,518.26917,543.7856
2013-12-18 07:50:00+0100,5059,638.6378173828125,624.4268798828125,753.2258911132812,648.3633422851562,617.9271716448973,590.33563,666.17993
2013-12-18 08:00:00+0100,5059,813.0422973632812,638.6378173828125,753.5955984592438,706.6959604918957,675.7147687877193,655.46185,709.9344
2013-12-18 08:10:00+0100,5059,815.5121459960938,813.0422973632812,825.6178844869137,896.7079519666731,799.3906362786472,771.23785,874.04126
2013-12-18 08:20:00+0100,5059,925.614501953125,815.5121459960938,969.2273511886596,914.4140614271164,855.2348617512279,863.71155,922.1221
2013-12-18 08:30:00+0100,5059,986.8480926305056,925.614501953125,1102.4698280096054,909.324108362198,937.1225178841894,970.65015,1065.0359
2013-12-18 08:40:00+0100,5059,1024.8682360239327,986.8480926305056,1151.8214667476714,1036.2612031549215,1022.3130662429903,1069.4618,1119.9832
2013-12-18 08:50:00+0100,5059,1120.727789402008,1024.8682360239327,1323.1920038163662,1165.261539697647,1081.919298640788,1149.0562,1190.3127
2013-12-18 09:00:00+0100,5059,1329.327401727438,1120.727789402008,1353.7093198001385,1193.8663429617882,1211.0164281249067,1233.5419,1269.6456
2013-12-18 09:10:00+0100,5059,1298.236986875534,1329.327401727438,1526.8392440974712,1675.2162775993347,1318.4854274954982,1364.468,1400.0211
2013-12-18 09:20:00+0100,5059,1384.458321809769,1298.236986875534,1520.4929294884205,1398.318089459557,1366.814135437631,1440.8683,1434.7454
2013-12-18 09:30:00+0100,5059,1469.4360310733318,1384.458321809769,1443.8578650993295,1684.266978416592,1469.557255606974,1514.8768,1513.1404
2013-12-18 09:40:00+0100,5059,1578.136167049408,1469.4360310733318,1733.727234005928,1810.543346464634,1526.9312879682643,1589.6075,1592.3796
2013-12-18 09:50:00+0100,5059,1854.771027092356,1578.136167049408,1723.3817115467973,1633.913679599762,1568.5985153210806,1674.1184,1694.9211
2013-12-18 10:00:00+0100,5059,1918.0593227487989,1854.771027092356,1592.9744842019863,1718.2716250419617,1752.9628256907226,1823.0657,1839.1858
2013-12-18 10:10:00+0100,5059,1979.1546534895897,1918.0593227487989,1676.8530627470464,1905.1145017147064,1899.621863239403,1940.8376,1913.6543
2013-12-18 10:20:00+0100,5059,1986.4985794872048,1979.1546534895897,2029.139833971858,1988.1498157083988,1960.405258299259,2032.5942,2044.4517
2013-12-18 10:30:00+0100,5059,2171.308528408408,1986.4985794872048,1878.19783256948,1958.009329259396,2022.4841127808145,2091.1152,2110.1475
2013-12-18 10:40:00+0100,5059,2056.852800786495,2171.308528408408,2047.585065294057,2246.4887924236245,2142.8439496938654,2187.452,2254.769
2013-12-18 10:50:00+0100,5059,2273.654825374484,2056.852800786495,2180.449947767891,2236.9654366457835,2157.6121088344776,2213.464,2260.9263
2013-12-18 11:00:00+0100,5059,2399.373897075653,2273.654825374484,2260.443010210991,2450.23410126986,2240.0977134040368,2300.588,2365.4236
2013-12-18 11:10:00+0100,5059,2414.599688693881,2399.373897075653,2108.2442525476217,2360.706220455468,2314.9210462759947,2398.167,2411.208
2013-12-18 11:20:00+0100,5059,2517.328711662907,2414.599688693881,2238.887423411012,2257.2394046783447,2358.650258126623,2465.1462,2510.2368
2013-12-18 11:30:00+0100,5059,2686.763586610556,2517.328711662907,2177.577241897583,2342.7936741001904,2460.6330483250495,2541.137,2575.5894
2013-12-18 11:40:00+0100,5059,2631.3560338020325,2686.763586610556,2299.4008621945977,2523.0796868503094,2554.936194612409,2643.96,2665.9883
2013-12-18 11:50:00+0100,5059,2698.804706022144,2631.3560338020325,2414.3123682029545,2344.093724951148,2584.4987102779914,2692.493,2700.646
2013-12-18 12:00:00+0100,5059,2644.445265620947,2698.804706022144,2392.4524151086807,2563.892720937729,2679.9545410353016,2747.443,2775.0898
2013-12-18 12:10:00+0100,5059,2527.148297742009,2644.445265620947,2683.2267963141203,2796.188427075744,2730.955377781899,2768.7734,2778.2727
2013-12-18 12:20:00+0100,5059,2794.059874836821,2527.148297742009,2642.9966831249185,3009.748408988118,2657.851694941058,2748.5854,2770.5173
2013-12-18 12:30:00+0100,5059,2793.75196903944,2794.059874836821,2447.843034300953,2996.6026315689087,2814.3394786502013,2829.499,2870.964
2013-12-18 12:40:00+0100,5059,2745.2158703655005,2793.75196903944,2542.86383991316,3488.274530205876,2845.168043179804,2875.5566,2906.0493
2013-12-18 12:50:00+0100,5059,2864.418632864952,2745.2158703655005,2836.182417292613,2929.322446346283,2840.5632407427784,2881.666,2929.894
2013-12-18 13:00:00+0100,5059,3068.5158089101315,2864.418632864952,2705.4674441814423,3129.390388149768,2893.806079063879,2921.6885,3010.4878
2013-12-18 13:10:00+0100,5059,3000.179790943861,3068.5158089101315,2972.2611294984818,3032.534039348364,3014.6857799574627,3004.9932,3071.8403
2013-12-18 13:20:00+0100,5059,3004.657846555114,3000.179790943861,3007.295596241951,3102.935576979071,3007.301825547065,3017.8047,3104.5278
2013-12-18 13:30:00+0100,5059,3191.4482726939023,3004.657846555114,3013.350670271553,2996.58512338996,3066.3599900510944,3018.4468,3123.4722
2013-12-18 13:40:00+0100,5059,3207.1083561480045,3191.4482726939023,3133.456047713757,3351.083207268733,3152.6748046897364,3073.9038,3188.2751
2013-12-18 13:50:00+0100,5059,3051.9417561925948,3207.1083561480045,2863.8773000091314,3350.9951696246862,3193.786243937218,3099.348,3215.4604
2013-12-18 14:00:00+0100,5059,3178.2044422775507,3051.9417561925948,3008.377351999283,3409.3946100771427,3141.3946601388043,3054.9817,3193.3823
2013-12-18 14:10:00+0100,5059,3111.879304975271,3178.2044422775507,2890.12061432004,3262.470269948244,3135.209512209787,3071.01,3219.962
2013-12-18 14:20:00+0100,5059,2973.613101367373,3111.879304975271,2734.471157733351,3188.5272028893232,3089.295250992952,3053.2546,3186.347
2013-12-18 14:30:00+0100,5059,3023.9789507091045,2973.613101367373,2544.7540870457888,3212.218751192093,3069.9217445687873,2994.647,3143.2397
2013-12-18 14:40:00+0100,5059,2870.223321333528,3023.9789507091045,2736.8467765897512,3355.152085710317,3050.1241675423635,2979.7979,3131.0728
2013-12-18 14:50:00+0100,5059,2810.923684209585,2870.223321333528,2691.2998386472464,3163.494055569172,2932.27890210614,2916.8145,3056.8706
2013-12-18 15:00:00+0100,5059,2524.714916691184,2810.923684209585,2396.327885106206,3138.42049407959,2929.346668586257,2860.6875,3009.6973
2013-12-18 15:10:00+0100,5059,2665.346254467964,2524.714916691184,2737.6081418693066,3357.430827945471,2758.9949666316843,2727.5498,2861.1719
2013-12-18 15:20:00+0100,5059,2788.057687729597,2665.346254467964,2477.288901567459,3068.2594859600067,2737.0203456250038,2702.5986,2823.3606
2013-12-18 15:30:00+0100,5059,2690.242444455624,2788.057687729597,2892.689830501098,2931.4197846353054,2757.657270104036,2726.0894,2835.1807
2013-12-18 15:40:00+0100,5059,2476.034276095219,2690.242444455624,2803.812043622136,2682.143711477518,2750.673723183403,2695.241,2798.4304
2013-12-18 15:50:00+0100,5059,2679.119615137577,2476.034276095219,2902.2222621184774,2925.211361348629,2676.492547420162,2595.3936,2699.2117
2013-12-18 16:00:00+0100,5059,2502.674736008048,2679.119615137577,2747.3256308776326,3033.021280527115,2701.444837967404,2609.9673,2735.4155
2013-12-18 16:10:00+0100,5059,2525.053588275332,2502.674736008048,3124.1048853695397,2649.476393207908,2652.5836142228263,2549.6738,2643.8271
2013-12-18 16:20:00+0100,5059,2681.922462645918,2525.053588275332,3048.263620425016,2890.9934138059616,2650.736072855191,2517.8267,2631.711
2013-12-18 16:30:00+0100,5059,2889.628046154976,2681.922462645918,3095.519642964005,2967.222726404667,2714.053972487777,2551.7617,2633.4111
2013-12-18 16:40:00+0100,5059,2542.51582467556,2889.628046154976,3181.468617990613,2775.517191444058,2832.4626537460395,2640.19,2706.559
2013-12-18 16:50:00+0100,5059,2753.370359454304,2542.51582467556,2941.1340262293816,3069.802027527243,2712.4881004972244,2564.4294,2631.4731
2013-12-18 17:00:00+0100,5059,2676.24709674716,2753.370359454304,2902.807999615092,2885.9887424707413,2746.128247706388,2596.1401,2684.8657
2013-12-18 17:10:00+0100,5059,2600.921858161688,2676.24709674716,2714.873692039866,2788.8345317281783,2720.8744666182915,2588.7637,2628.5303
2013-12-18 17:20:00+0100,5059,2616.277630828786,2600.921858161688,3030.4997155857272,2687.504903048277,2683.762715071766,2557.1772,2615.5918
2013-12-18 17:30:00+0100,5059,2503.0154487490654,2616.277630828786,2599.423307582736,3005.776672363281,2673.0837354232776,2544.979,2596.784
2013-12-18 17:40:00+0100,5059,2491.408648286015,2503.0154487490654,2843.5127665400505,2762.9190338999038,2585.416981642551,2496.9348,2542.7441
2013-12-18 17:50:00+0100,5059,2464.9944188930094,2491.408648286015,2552.371131390333,2557.830603499431,2498.6316535189244,2463.0427,2530.4624
2013-12-18 18:00:00+0100,5059,2273.4150946214795,2464.9944188930094,2385.381994485855,2577.3950676955283,2440.4164113004877,2431.4014,2471.3772
2013-12-18 18:10:00+0100,5059,2249.703392136842,2273.4150946214795,2270.154971637763,2303.6160855181515,2367.630541174246,2338.8096,2362.1235
2013-12-18 18:20:00+0100,5059,2227.005289554596,2249.703392136842,2145.7807446420197,2664.421365827322,2318.412360573935,2269.6423,2307.4648
2013-12-18 18:30:00+0100,5059,2196.08580596745,2227.005289554596,2272.686719879508,2439.043676182628,2294.0233655296092,2213.985,2234.402
2013-12-18 18:40:00+0100,5059,1929.9333803355692,2196.08580596745,2324.8821067661047,2384.309198468924,2251.710385885355,2161.1997,2165.4988
2013-12-18 18:50:00+0100,5059,1906.780620828271,1929.9333803355692,2225.732046879828,2430.476239472628,2102.9261073786247,2023.037,2003.0425
2013-12-18 19:00:00+0100,5059,1933.2943470478056,1906.780620828271,2236.8972417116165,2246.34812104702,2023.829506427102,1919.4083,1917.0087
2013-12-18 19:10:00+0100,5059,1699.9930716268718,1933.2943470478056,2005.543315042276,2297.522439941764,1972.724489267241,1855.7096,1849.8635
2013-12-18 19:20:00+0100,5059,1720.3447945713997,1699.9930716268718,1953.8908964586444,2083.02980530262,1814.4267466419028,1724.6412,1681.9941
2013-12-18 19:30:00+0100,5059,1700.022765878588,1720.3447945713997,1802.5775286853316,1884.9933336824176,1736.8796678071385,1639.8389,1649.6702
2013-12-18 19:40:00+0100,5059,1523.4856268167496,1700.022765878588,1852.4194483459,1619.454485744238,1738.9003139998094,1574.5409,1566.054
2013-12-18 19:50:00+0100,5059,1568.3332337886095,1523.4856268167496,1696.9372882843018,1999.8436387777328,1617.4083982749999,1472.0817,1436.2476
2013-12-18 20:00:00+0100,5059,1453.8413982391355,1568.3332337886095,1606.5922533357516,1679.337767958641,1596.4571264891379,1418.8932,1423.3625
2013-12-18 20:10:00+0100,5059,1269.386589154601,1453.8413982391355,1590.603752061725,1678.3756170272827,1506.513016249455,1351.4192,1318.3074
2013-12-18 20:20:00+0100,5059,1161.6351684331894,1269.386589154601,1446.0182693898678,1538.2764267921448,1356.5998336432929,1253.979,1220.3113
2013-12-18 20:30:00+0100,5059,1171.118881687522,1161.6351684331894,1323.7642673105,1376.2447352409365,1241.5037130531953,1161.4596,1151.7739
2013-12-18 20:40:00+0100,5059,991.7398555129766,1171.118881687522,1351.180976331234,1190.013686418533,1187.2931005777473,1107.9313,1116.0044
2013-12-18 20:50:00+0100,5059,957.0807618945836,991.7398555129766,1179.2695380300283,1193.6011365652084,1036.4419410469116,1027.1866,1015.3545
2013-12-18 21:00:00+0100,5059,985.3856724840588,957.0807618945836,1079.5661282539368,879.5428466796875,977.2096396963937,966.3163,968.84607
2013-12-18 21:10:00+0100,5059,816.4782897233963,985.3856724840588,1028.0623512119057,915.6829419769348,981.9062452102241,936.66156,948.8069
2013-12-18 21:20:00+0100,5059,850.4735231399536,816.4782897233963,1090.869218468666,977.5571973323822,910.1008335045397,873.1156,866.895
2013-12-18 21:30:00+0100,5059,817.6907020360231,850.4735231399536,956.1571611166,1041.2152499854565,882.6575964270822,838.1548,848.58124
2013-12-18 21:40:00+0100,5059,688.8506371974945,817.6907020360231,862.8588737249374,995.1739043593408,861.6220264207659,806.4167,804.6723
2013-12-18 21:50:00+0100,5059,702.469482421875,688.8506371974945,919.108216524124,969.6157252788544,784.4650294433812,748.3794,739.54987
2013-12-18 22:00:00+0100,5059,753.8612504005432,702.469482421875,801.8913812972605,870.2261227965355,756.4604809714104,708.83923,718.262
2013-12-18 22:10:00+0100,5059,676.8564317673445,753.8612504005432,840.0254804235883,860.20405626297,782.2497689929473,695.51135,711.8395
2013-12-18 22:20:00+0100,5059,758.3572957515717,676.8564317673445,779.9642857653089,965.6927669644356,738.6360992537776,665.2707,674.36206
2013-12-18 22:30:00+0100,5059,652.5493774414062,758.3572957515717,783.5628025531769,834.4397583007812,737.8706840530996,665.18964,699.101
2013-12-18 22:40:00+0100,5059,640.0535877943039,652.5493774414062,769.184316277504,667.7283450365067,686.6531509023109,635.02057,649.24194
2013-12-18 22:50:00+0100,5059,634.6242515295744,640.0535877943039,724.5754297375679,686.7643248140812,641.0240021635998,605.58997,654.7085
2013-12-18 23:00:00+0100,5059,604.5951188653708,634.6242515295744,680.9917877018452,535.6084695756435,634.2392817796663,580.89264,629.1391
2013-12-18 23:10:00+0100,5059,545.2345790117979,604.5951188653708,609.1262555122375,673.3050863742828,622.4440723461641,553.40106,606.9298
2013-12-18 23:20:00+0100,5059,540.5253916829824,545.2345790117979,687.943656206131,626.0801213085651,565.1780591204549,514.53326,559.76874
2013-12-18 23:30:00+0100,5059,593.6400115340948,540.5253916829824,579.2199962735176,485.9386520385742,541.7575691203072,483.67877,536.6258
2013-12-18 23:40:00+0100,5059,579.1790311187506,593.6400115340948,560.5221184492111,552.5887778485194,569.7074044585205,480.40045,545.1251
2013-12-18 23:50:00+0100,5059,502.6819579601288,579.1790311187506,585.9377197027206,578.4616559743881,566.7710777556836,480.28363,531.1676
2013-12-19 00:00:00+0100,5059,536.7287545204163,502.6819579601288,543.7736937105656,544.1087405085564,540.3917216977557,460.58502,493.8864
2013-12-19 00:10:00+0100,5059,487.2052359431982,536.7287545204163,489.55951446667314,612.5639042002149,540.700171566717,459.5689,501.9596
2013-12-19 00:20:00+0100,5059,436.3902104794979,487.2052359431982,539.0692913532257,550.2906934362836,506.1019108146264,448.99988,474.16638
2013-12-19 00:30:00+0100,5059,456.98666904866695,436.3902104794979,504.4429931640625,515.6191865205765,483.2601293689271,427.20154,437.39484
2013-12-19 00:40:00+0100,5059,429.7248829603195,456.98666904866695,474.9078183658421,576.8002117872238,475.45719300095,420.02295,427.53998
2013-12-19 00:50:00+0100,5059,370.9013283252716,429.7248829603195,456.4115692079067,528.7024145126343,441.7067662770713,408.97925,407.4115
2013-12-19 01:00:00+0100,5059,435.6061401367188,370.9013283252716,410.78295063972473,487.7918450832367,415.9583823232954,382.789,381.9306
2013-12-19 01:10:00+0100,5059,394.7007083892822,435.6061401367188,379.6580200195313,514.7918167114258,432.8200960560395,386.61017,393.42676
2013-12-19 01:20:00+0100,5059,400.94309851527214,394.7007083892822,401.6303684711456,502.5248538255692,408.7342845951269,380.56018,368.51813
2013-12-19 01:30:00+0100,5059,427.43804899277166,400.94309851527214,409.8603820800781,393.0340492725372,399.4371977013037,380.24432,372.85803
2013-12-19 01:40:00+0100,5059,336.4325561523437,427.43804899277166,410.0241394042969,388.4132690429688,409.9375487335209,392.42596,377.33032
2013-12-19 01:50:00+0100,5059,365.2894756793976,336.4325561523437,413.1297912597656,407.0362854003906,365.47748859816846,372.19672,359.1748
2013-12-19 02:00:00+0100,5059,346.5213317871094,365.2894756793976,381.07139921188354,347.6217064005323,368.5703410970653,364.66345,350.16663
2013-12-19 02:10:00+0100,5059,342.6711422544904,346.5213317871094,370.3176574707031,404.2024562358856,359.3839383487468,354.06726,329.7207
2013-12-19 02:20:00+0100,5059,320.3067765235901,342.6711422544904,391.4158630371094,387.6932678222656,349.7194932101394,345.39258,330.0653
2013-12-19 02:30:00+0100,5059,328.1425833553076,320.3067765235901,339.1483154296875,385.9140987992287,340.11309511247407,332.1037,309.14636
2013-12-19 02:40:00+0100,5059,280.1180725097656,328.1425833553076,343.9882202148437,386.3044376373291,339.5740047746924,325.4563,302.0902
2013-12-19 02:50:00+0100,5059,335.4681753963232,280.1180725097656,354.6265869140625,384.7451477050781,315.1314815915751,304.80396,282.1703
2013-12-19 03:00:00+0100,5059,298.214408159256,335.4681753963232,349.9417419433594,367.3899374753237,335.2636657517378,308.46533,299.04382
2013-12-19 03:10:00+0100,5059,309.21710205078125,298.214408159256,357.0931701660156,395.27368426322937,326.4540946380915,301.9325,274.4806
2013-12-19 03:20:00+0100,5059,300.12255859375,309.21710205078125,353.4743603169918,401.7376403808594,320.22034256211913,301.2129,287.57068
2013-12-19 03:30:00+0100,5059,246.72475397586825,300.12255859375,323.44744873046875,353.05073460936546,312.730536362155,299.04553,279.48926
2013-12-19 03:40:00+0100,5059,276.32565830647945,246.72475397586825,330.1956787109375,329.781494140625,285.6338627394738,278.60754,259.4613
2013-12-19 03:50:00+0100,5059,262.1130676269531,276.32565830647945,333.8312072753906,332.10986328125,287.29973380606447,271.6748,269.4557
2013-12-19 04:00:00+0100,5059,270.2798767089844,262.1130676269531,349.3402404785156,318.3724670410156,284.48788472083487,263.14478,259.8346
2013-12-19 04:10:00+0100,5059,252.8746490478516,270.2798767089844,332.1836242675781,349.4107666015625,284.0539476606523,260.37024,257.89062
2013-12-19 04:20:00+0100,5059,251.3556365966797,252.8746490478516,342.7267150878906,323.2978820800781,280.57257488113385,253.55005,253.14258
2013-12-19 04:30:00+0100,5059,252.64907836914065,251.3556365966797,374.74505615234375,329.8742980957031,279.3864068056239,248.13635,253.854
2013-12-19 04:40:00+0100,5059,252.2801108211279,252.64907836914065,368.853271484375,340.25031040608883,273.4197293923395,245.20264,251.6726
2013-12-19 04:50:00+0100,5059,271.09418247640133,252.2801108211279,359.9599609375,303.5739584863186,266.9467418213277,243.79553,251.8805
2013-12-19 05:00:00+0100,5059,250.35619114339352,271.09418247640133,320.0647277832031,313.9663391113281,278.76005758014657,250.47095,257.33618
2013-12-19 05:10:00+0100,5059,284.9673156738281,250.35619114339352,361.5439147949219,306.3070037961006,284.9655965472679,249.7948,254.5199
2013-12-19 05:20:00+0100,5059,278.65343302488327,284.9673156738281,344.93467101454735,378.34707430005074,293.9275488290398,261.57776,268.07703
2013-12-19 05:30:00+0100,5059,234.95042419433597,278.65343302488327,401.5830383300781,306.86782532930374,292.93903941811783,270.28894,266.8828
2013-12-19 05:40:00+0100,5059,278.2427673339844,234.95042419433597,397.4718933105469,301.5436581117101,278.3569134462388,261.0448,255.94165
2013-12-19 05:50:00+0100,5059,274.4030021429062,278.2427673339844,396.86322021484375,349.75587594509125,282.4874265193213,267.20068,271.36804
2013-12-19 06:00:00+0100,5059,246.9414978027344,274.4030021429062,346.3754048347473,310.3311899006367,291.403415594942,272.05383,274.3186
2013-12-19 06:10:00+0100,5059,316.2095947265625,246.9414978027344,356.5795288085937,367.4752881526947,291.2400856679985,265.84204,268.1328
2013-12-19 06:20:00+0100,5059,317.4205929636955,316.2095947265625,357.72877836227417,396.9370086789131,316.90237470130154,285.06677,292.33167
2013-12-19 06:30:00+0100,5059,308.8335266113281,317.4205929636955,379.6343078613281,370.3933340758085,337.39249338071437,303.6881,315.6328
2013-12-19 06:40:00+0100,5059,312.5832824707031,308.8335266113281,361.9119925349951,462.5887271165848,344.26159107136004,315.58105,326.0285
2013-12-19 06:50:00+0100,5059,378.3235778808594,312.5832824707031,413.221122354269,421.2170950770378,344.6294397132839,325.20404,336.36414
2013-12-19 07:00:00+0100,5059,398.9413757324219,378.3235778808594,403.9544275999069,413.060858130455,384.88011230110436,356.1897,386.82892
2013-12-19 07:10:00+0100,5059,383.5255104005337,398.9413757324219,471.1231541633606,478.9303078055382,416.28891078943707,390.247,421.10156
2013-12-19 07:20:00+0100,5059,505.4136962890625,383.5255104005337,481.87421119213104,506.4712219238281,429.8174365028137,411.24854,438.70453
2013-12-19 07:30:00+0100,5059,487.4411007761955,505.4136962890625,486.9402770996094,586.5367706459947,499.927772065377,471.20557,521.1927
2013-12-19 07:40:00+0100,5059,513.9204876124859,487.4411007761955,624.4268798828125,579.845957078971,548.7183250075047,514.4237,549.29395
2013-12-19 07:50:00+0100,5059,644.8988738954067,513.9204876124859,638.6378173828125,774.5173424864188,592.1668367749749,555.27637,596.0258
2013-12-19 08:00:00+0100,5059,664.4584611058235,644.8988738954067,813.0422973632812,787.2202233457938,670.4968336943535,634.54834,710.49677
2013-12-19 08:10:00+0100,5059,682.4676513671875,664.4584611058235,815.5121459960938,864.3499638736248,722.2981101559295,705.2507,779.05133
2013-12-19 08:20:00+0100,5059,738.489223331213,682.4676513671875,925.614501953125,926.0423920792527,771.7753436369037,763.35767,831.4715
2013-12-19 08:30:00+0100,5059,748.6995244920254,738.489223331213,986.8480926305056,992.1769235176034,859.9341157171239,823.9734,904.235
2013-12-19 08:40:00+0100,5059,879.4210893255658,748.6995244920254,1024.8682360239327,1386.621763586998,915.1475769292429,869.10254,954.37946
2013-12-19 08:50:00+0100,5059,1059.6797471046448,879.4210893255658,1120.727789402008,1429.962709583342,1049.1945053334812,946.9723,1047.8601
2013-12-19 09:00:00+0100,5059,1205.6597342342138,1059.6797471046448,1329.327401727438,1756.2965426445007,1175.6007687800727,1072.51,1168.7916
2013-12-19 09:10:00+0100,5059,1294.013331770897,1205.6597342342138,1298.236986875534,1758.0388174098916,1316.5768898868305,1219.7784,1295.565
2013-12-19 09:20:00+0100,5059,1403.564698159695,1294.013331770897,1384.458321809769,1974.704572390765,1417.3946498561274,1353.7917,1408.7031
2013-12-19 09:30:00+0100,5059,1366.8352419734,1403.564698159695,1469.4360310733318,1966.7431022822857,1525.0843190647076,1478.1143,1511.6105
2013-12-19 09:40:00+0100,5059,1410.3504968583584,1366.8352419734,1578.136167049408,2061.1874762773514,1558.895135007972,1540.2776,1546.3889
2013-12-19 09:50:00+0100,5059,1500.0517550706863,1410.3504968583584,1854.771027092356,1968.2762414515016,1580.927442658477,1587.1422,1608.5164
2013-12-19 10:00:00+0100,5059,1631.46152034821,1500.0517550706863,1918.0593227487989,2036.8433804512024,1628.6491874274518,1644.6716,1664.2776
2013-12-19 10:10:00+0100,5059,1594.840518295765,1631.46152034821,1979.1546534895897,2076.8930330807343,1725.9694078707737,1726.7356,1757.8088
2013-12-19 10:20:00+0100,5059,1743.9664865923114,1594.840518295765,1986.4985794872048,2128.870856255293,1785.4843118191184,1767.3123,1755.3215
2013-12-19 10:30:00+0100,5059,1792.1636858731508,1743.9664865923114,2171.308528408408,2329.306359767914,1878.2620206844404,1841.5581,1874.0347
2013-12-19 10:40:00+0100,5059,1852.2518773376944,1792.1636858731508,2056.852800786495,2473.4666711091995,1964.8994010672338,1905.9537,1925.442
2013-12-19 10:50:00+0100,5059,1815.0077830553053,1852.2518773376944,2273.654825374484,2551.570862416644,2011.3225435560416,1966.2896,2015.8082
2013-12-19 11:00:00+0100,5059,1953.04410103336,1815.0077830553053,2399.373897075653,2350.879529953003,2014.4534034882724,1991.3418,2022.7825
2013-12-19 11:10:00+0100,5059,1898.2078171754256,1953.04410103336,2414.599688693881,2518.3152763843536,2116.42577218274,2052.544,2123.5483
2013-12-19 11:20:00+0100,5059,1932.676700968761,1898.2078171754256,2517.328711662907,2802.101994648576,2114.832225229135,2074.087,2116.2568
2013-12-19 11:30:00+0100,5059,2083.846756402403,1932.676700968761,2686.763586610556,2476.346886396408,2137.240303062766,2098.5168,2162.5583
2013-12-19 11:40:00+0100,5059,2171.0338589549065,2083.846756402403,2631.3560338020325,2703.3648319095373,2253.139751023859,2165.8203,2232.8875
2013-12-19 11:50:00+0100,5059,2265.274917764589,2171.0338589549065,2698.804706022144,2956.3666141033173,2300.902950273978,2238.9263,2304.6553
2013-12-19 12:00:00+0100,5059,2178.1807789094746,2265.274917764589,2644.445265620947,2671.3422492295504,2386.4658964732785,2316.3801,2372.3188
2013-12-19 12:10:00+0100,5059,2262.130681910552,2178.1807789094746,2527.148297742009,2962.0967084211297,2417.4401705752803,2335.9014,2385.338
2013-12-19 12:20:00+0100,5059,2150.625786919147,2262.130681910552,2794.059874836821,2975.1735327243805,2452.202054864462,2377.286,2436.627
2013-12-19 12:30:00+0100,5059,2270.9173928052187,2150.625786919147,2793.75196903944,2991.226361632347,2433.7363356077963,2367.395,2410.1738
2013-12-19 12:40:00+0100,5059,2441.910452076234,2270.9173928052187,2745.2158703655005,3271.66731274128,2528.577452582453,2404.1587,2467.7847
2013-12-19 12:50:00+0100,5059,2547.372149646282,2441.910452076234,2864.418632864952,3418.487309232354,2663.6432676313507,2487.689,2518.7368
2013-12-19 13:00:00+0100,5059,2549.3322579562664,2547.372149646282,3068.5158089101315,3506.7032992839813,2746.864459488953,2573.913,2605.0322
2013-12-19 13:10:00+0100,5059,2767.840185150504,2549.3322579562664,3000.179790943861,3498.3464119508862,2798.5549612032146,2624.231,2658.1938
2013-12-19 13:20:00+0100,5059,2683.885985597968,2767.840185150504,3004.657846555114,3569.228170394897,2940.4193566796266,2726.4421,2780.9585
2013-12-19 13:30:00+0100,5059,2711.2275721132755,2683.885985597968,3191.4482726939023,3720.034119486809,3006.2473367495186,2756.064,2798.398
2013-12-19 13:40:00+0100,5059,2517.594219058752,2711.2275721132755,3207.1083561480045,4082.55567368865,2978.734278984615,2780.1255,2851.13
2013-12-19 13:50:00+0100,5059,2742.896074477583,2517.594219058752,3051.9417561925948,3707.8462032973766,2877.6585428459393,2725.004,2783.183
2013-12-19 14:00:00+0100,5059,2650.207410145551,2742.896074477583,3178.2044422775507,3686.603520691395,2911.4822961997534,2770.5427,2866.1292
2013-12-19 14:10:00+0100,5059,2467.652644385118,2650.207410145551,3111.879304975271,3479.665561318397,2866.3484331315135,2757.9316,2836.935
2013-12-19 14:20:00+0100,5059,2606.007620692253,2467.652644385118,2973.613101367373,3577.103066191077,2796.4103926419148,2676.9448,2807.3735
2013-12-19 14:30:00+0100,5059,2583.6454999297857,2606.007620692253,3023.9789507091045,3656.610429272056,2834.6897016199605,2674.6646,2814.8472
2013-12-19 14:40:00+0100,5059,2529.976586699486,2583.6454999297857,2870.223321333528,3678.0775300711393,2809.05642389689,2656.0522,2794.0989
2013-12-19 14:50:00+0100,5059,2546.670081887394,2529.976586699486,2810.923684209585,3535.566698908806,2730.7066117008235,2615.6113,2763.3013
2013-12-19 15:00:00+0100,5059,2376.378664597869,2546.670081887394,2524.714916691184,3376.8802597224712,2709.1617175740826,2590.3374,2758.6592
2013-12-19 15:10:00+0100,5059,2511.29652268067,2376.378664597869,2665.346254467964,3201.699222519994,2674.14728528734,2505.6667,2663.8777
2013-12-19 15:20:00+0100,5059,2380.689109571278,2511.29652268067,2788.057687729597,3431.9753159475517,2707.847759072157,2498.7876,2694.9314
2013-12-19 15:30:00+0100,5059,2496.920169059187,2380.689109571278,2690.242444455624,3477.4856910556555,2644.209838473011,2439.4731,2601.9243
2013-12-19 15:40:00+0100,5059,2670.8054644167423,2496.920169059187,2476.034276095219,3364.166735768318,2666.9086774489224,2438.6729,2630.016
2013-12-19 15:50:00+0100,5059,2527.7154273986816,2670.8054644167423,2679.119615137577,3284.31212309422,2736.76694870568,2494.6929,2662.216
2013-12-19 16:00:00+0100,5059,2489.7965146303177,2527.7154273986816,2502.674736008048,3185.4412741065025,2686.2259642755553,2471.1309,2632.7168
2013-12-19 16:10:00+0100,5059,2740.8387291063555,2489.7965146303177,2525.053588275332,3094.745655283332,2687.7478862893036,2440.9807,2607.1936
2013-12-19 16:20:00+0100,5059,2435.474085390568,2740.8387291063555,2681.922462645918,3113.179502431769,2791.6947513042114,2512.0815,2688.8667
2013-12-19 16:30:00+0100,5059,2455.376478910446,2435.474085390568,2889.628046154976,3142.384054169059,2687.3795817758437,2444.7305,2562.6943
2013-12-19 16:40:00+0100,5059,2387.4032974243164,2455.376478910446,2542.51582467556,3258.413883984089,2629.3260244462626,2410.7551,2575.8315
2013-12-19 16:50:00+0100,5059,2405.8399790227413,2387.4032974243164,2753.370359454304,2934.7273378372192,2561.0669740160733,2366.044,2511.1777
2013-12-19 17:00:00+0100,5059,2422.162465199828,2405.8399790227413,2676.24709674716,2884.92987036705,2528.296434703371,2343.1694,2498.6206
2013-12-19 17:10:00+0100,5059,2372.2351061739028,2422.162465199828,2600.921858161688,2943.276042625308,2542.0272827391354,2332.5479,2481.0232
2013-12-19 17:20:00+0100,5059,2159.3249642550945,2372.2351061739028,2616.277630828786,2892.756276845932,2531.3932707302893,2304.0393,2447.6685
2013-12-19 17:30:00+0100,5059,2137.3470635414124,2159.3249642550945,2503.0154487490654,3015.9224046319723,2426.78398819466,2205.071,2315.7966
2013-12-19 17:40:00+0100,5059,2231.6365476697683,2137.3470635414124,2491.408648286015,3012.972348794341,2364.332361024599,2131.7732,2258.6296
2013-12-19 17:50:00+0100,5059,2189.936018884182,2231.6365476697683,2464.9944188930094,2831.69304984808,2361.300200311289,2115.8743,2239.397
2013-12-19 18:00:00+0100,5059,2123.960101008415,2189.936018884182,2273.4150946214795,3028.6846694350243,2324.407450768527,2085.17,2200.0999
2013-12-19 18:10:00+0100,5059,2123.450945004821,2123.960101008415,2249.703392136842,2758.276624817401,2308.720128156191,2035.7183,2121.8208
2013-12-19 18:20:00+0100,5059,1877.5533915162089,2123.450945004821,2227.005289554596,2910.153413400054,2289.0184671634916,1999.3538,2088.7788
2013-12-19 18:30:00+0100,5059,2125.435024738312,1877.5533915162089,2196.08580596745,2794.0710643567145,2133.8563999492762,1884.2065,1911.1854
2013-12-19 18:40:00+0100,5059,2092.7605332136154,2125.435024738312,1929.9333803355692,2620.6811334490776,2160.0821511895547,1892.831,1953.3772
2013-12-19 18:50:00+0100,5059,1824.8811848503535,2092.7605332136154,1906.780620828271,2535.814506292343,2189.2164699371824,1885.6343,1900.8601
2013-12-19 19:00:00+0100,5059,1729.0023176968098,1824.8811848503535,1933.2943470478056,2712.6138501912355,2074.8728931530572,1785.001,1756.6185
2013-12-19 19:10:00+0100,5059,1680.3955777585506,1729.0023176968098,1699.9930716268718,2714.0427852422,1975.3266852938236,1683.2677,1667.7085
2013-12-19 19:20:00+0100,5059,1606.5752828014083,1680.3955777585506,1720.3447945713997,2616.867384403944,1856.6917188612542,1599.572,1593.258
2013-12-19 19:30:00+0100,5059,1626.303548321128,1606.5752828014083,1700.022765878588,2198.773012593389,1748.4504212293405,1519.919,1507.9246
2013-12-19 19:40:00+0100,5059,1547.6588878631592,1626.303548321128,1523.4856268167496,2152.584616959095,1726.5091698974309,1474.3069,1470.5835
2013-12-19 19:50:00+0100,5059,1395.2603765428066,1547.6588878631592,1568.3332337886095,2111.398042201996,1658.6615701423614,1420.9899,1395.0665
2013-12-19 20:00:00+0100,5059,1390.367150276899,1395.2603765428066,1453.8413982391355,1945.910023123026,1541.8271678243004,1340.0392,1314.3727
2013-12-19 20:10:00+0100,5059,1230.7984738349917,1390.367150276899,1269.386589154601,1868.3463666439056,1482.6924477569135,1286.9932,1290.3156
2013-12-19 20:20:00+0100,5059,1114.6784057617188,1230.7984738349917,1161.6351684331894,1818.642823457718,1382.5941272854916,1207.9216,1188.7031
2013-12-19 20:30:00+0100,5059,1020.2102182507516,1114.6784057617188,1171.118881687522,1755.345585256815,1263.4671084887013,1123.8413,1105.667
2013-12-19 20:40:00+0100,5059,942.3615101724864,1020.2102182507516,991.7398555129766,1559.6774010658264,1158.8246754243903,1043.6699,1027.3988
2013-12-19 20:50:00+0100,5059,842.1623622179031,942.3615101724864,957.0807618945836,1485.1571049541235,1059.0650841882725,971.2347,956.3543
2013-12-19 21:00:00+0100,5059,718.4313943386078,842.1623622179031,985.3856724840588,1268.6296478956938,954.8718014950714,897.42554,882.68915
2013-12-19 21:10:00+0100,5059,781.4336952418089,718.4313943386078,816.4782897233963,1170.3200998306274,850.4525252362453,814.97626,795.2686
2013-12-19 21:20:00+0100,5059,700.1835170090199,781.4336952418089,850.4735231399536,1040.1088942289352,845.8706419280503,776.62854,785.2766
2013-12-19 21:30:00+0100,5059,728.158460855484,700.1835170090199,817.6907020360231,1092.980312347412,800.9126281103314,730.8881,728.68677
2013-12-19 21:40:00+0100,5059,701.6063030362129,728.158460855484,688.8506371974945,1161.1085588932035,795.8261591125377,706.64233,707.1715
2013-12-19 21:50:00+0100,5059,737.4238821268082,701.6063030362129,702.469482421875,1038.0328856408596,770.4303228048552,682.95935,672.6035
2013-12-19 22:00:00+0100,5059,640.2519780248404,737.4238821268082,753.8612504005432,892.231575191021,754.1991920645593,675.357,683.80115
2013-12-19 22:10:00+0100,5059,642.9850929379463,640.2519780248404,676.8564317673445,839.0235376991332,707.1053698141689,641.5901,629.145
2013-12-19 22:20:00+0100,5059,583.519086226821,642.9850929379463,758.3572957515717,765.0784752001055,688.522312576529,614.21497,634.06036
2013-12-19 22:30:00+0100,5059,631.5819954872131,583.519086226821,652.5493774414062,817.5980598628521,642.7221616886283,575.1687,590.36725
2013-12-19 22:40:00+0100,5059,589.1495691873133,631.5819954872131,640.0535877943039,737.6973797678947,653.3757151743132,558.61053,608.3688
2013-12-19 22:50:00+0100,5059,559.725165694952,589.1495691873133,634.6242515295744,788.7016080617905,629.2696220734524,534.8607,570.3523
2013-12-19 23:00:00+0100,5059,568.6799505650997,559.725165694952,604.5951188653708,717.3833231222816,632.2349562400193,507.539,562.5277
2013-12-19 23:10:00+0100,5059,518.3544675111771,568.6799505650997,545.2345790117979,961.6253805160522,635.4197257637886,489.8451,538.9679
2013-12-19 23:20:00+0100,5059,516.4648615121841,518.3544675111771,540.5253916829824,880.5134739875793,606.5954886018093,462.97394,516.51056
2013-12-19 23:30:00+0100,5059,506.9211767911911,516.4648615121841,593.6400115340948,801.4865553379059,583.4495889613071,443.66187,504.54053
2013-12-19 23:40:00+0100,5059,482.3107867091894,506.9211767911911,579.1790311187506,778.3073003292084,561.9532785691904,430.08325,482.88605
2013-12-19 23:50:00+0100,5059,465.7101309299469,482.3107867091894,502.6819579601288,736.0413098335266,534.0183368230755,417.06403,467.05267
2013-12-20 00:00:00+0100,5059,525.8391523361206,465.7101309299469,536.7287545204163,640.9776280671358,513.5791528152783,406.8661,439.307
2013-12-20 00:10:00+0100,5059,489.603369563818,525.8391523361206,487.2052359431982,652.6210949420929,521.8270438511865,425.16455,454.6411
2013-12-20 00:20:00+0100,5059,372.18172031641006,489.603369563818,436.3902104794979,600.1446118396707,513.0099769242188,435.49274,445.32764
2013-12-20 00:30:00+0100,5059,404.6974273063242,372.18172031641006,456.98666904866695,584.4217537343502,453.5351641143043,404.7663,404.15143
2013-12-20 00:40:00+0100,5059,391.8035185933113,404.6974273063242,429.7248829603195,557.5985302668996,439.0427692540567,391.41876,399.9641
2013-12-20 00:50:00+0100,5059,297.0850945711136,391.8035185933113,370.9013283252716,570.5591179472394,431.9954893915827,379.95612,383.38672
2013-12-20 01:00:00+0100,5059,363.3344984054565,297.0850945711136,435.6061401367188,585.4584643691778,382.28209576098175,339.31854,336.4654
2013-12-20 01:10:00+0100,5059,311.2339782714844,363.3344984054565,394.7007083892822,528.4888927936554,385.1850779974579,330.19293,333.5075
2013-12-20 01:20:00+0100,5059,304.2302006185055,311.2339782714844,400.94309851527214,479.70178459584713,364.2235093763021,310.48267,315.1267
2013-12-20 01:30:00+0100,5059,292.2712097167969,304.2302006185055,427.43804899277166,467.9685245752335,345.7718992533941,294.39526,308.97986
2013-12-20 01:40:00+0100,5059,266.19817638397217,292.2712097167969,336.4325561523437,458.1293387264013,333.19056921192976,280.47363,285.28967
2013-12-20 01:50:00+0100,5059,241.73764561116693,266.19817638397217,365.2894756793976,431.3977844119072,315.6716979306371,262.75793,273.59937
2013-12-20 02:00:00+0100,5059,268.4535979628563,241.73764561116693,346.5213317871094,425.354309886694,291.32609026877714,241.7196,249.31018
2013-12-20 02:10:00+0100,5059,255.5880065858364,268.4535979628563,342.6711422544904,385.732079192996,293.655259831862,236.32153,247.13977
2013-12-20 02:20:00+0100,5059,255.2636566162109,255.5880065858364,320.3067765235901,387.8604827821255,288.67744772306423,231.29199,235.4867
2013-12-20 02:30:00+0100,5059,247.74217748641968,255.2636566162109,328.1425833553076,385.2297973632813,280.38141809955954,229.42102,234.36084
2013-12-20 02:40:00+0100,5059,261.45126605033875,247.74217748641968,280.1180725097656,352.7109375,280.49144596620863,227.30164,225.33167
2013-12-20 02:50:00+0100,5059,212.55831909179688,261.45126605033875,335.4681753963232,361.2526012659073,286.7346838239202,231.89185,234.9242
2013-12-20 03:00:00+0100,5059,225.63673400878903,212.55831909179688,298.214408159256,380.7316589355469,258.50260784013545,219.72668,214.1654
2013-12-20 03:10:00+0100,5059,253.41427612304688,225.63673400878903,309.21710205078125,314.0599060058594,251.88552915910083,213.57983,211.64844
2013-12-20 03:20:00+0100,5059,224.57255816459656,253.41427612304688,300.12255859375,300.7846918106079,261.37563360891795,219.95801,219.22498
2013-12-20 03:30:00+0100,5059,224.4408233165741,224.57255816459656,246.72475397586825,357.0337219238281,256.89238226797835,216.94775,213.0459
2013-12-20 03:40:00+0100,5059,250.7928610742092,224.4408233165741,276.32565830647945,348.64950823783875,262.01993923200143,214.3086,209.77222
2013-12-20 03:50:00+0100,5059,213.31396484375,250.7928610742092,262.1130676269531,376.4050900083967,266.14709130906226,222.23193,224.03796
2013-12-20 04:00:00+0100,5059,220.35384196043012,213.31396484375,270.2798767089844,323.42486572265625,247.1636463465641,216.64478,220.34436
2013-12-20 04:10:00+0100,5059,226.84929417073727,220.35384196043012,252.8746490478516,306.47421787679195,246.0744787989716,213.58032,217.50256
2013-12-20 04:20:00+0100,5059,201.8170928955078,226.84929417073727,251.3556365966797,330.9189453125,251.19300684616712,213.85376,224.14575
2013-12-20 04:30:00+0100,5059,205.79383762180805,201.8170928955078,252.64907836914065,332.810468107462,238.93124107591512,205.62964,220.64783
2013-12-20 04:40:00+0100,5059,235.0680694580078,205.79383762180805,252.2801108211279,312.3493347167969,240.3517186962056,199.8606,217.20801
2013-12-20 04:50:00+0100,5059,192.8713012635708,235.0680694580078,271.09418247640133,342.78724582493305,249.75066991921807,206.42542,234.86511
2013-12-20 05:00:00+0100,5059,216.3181915283203,192.8713012635708,250.35619114339352,332.0566153526306,237.18866899390886,198.25232,225.39917
2013-12-20 05:10:00+0100,5059,236.10061645507807,216.3181915283203,284.9673156738281,325.21027135849,245.72338720917475,199.06116,227.85803
2013-12-20 05:20:00+0100,5059,207.1969757080078,236.10061645507807,278.65343302488327,331.9210808956996,253.1262777966024,208.0957,241.19775
2013-12-20 05:30:00+0100,5059,252.6470184326172,207.1969757080078,234.95042419433597,347.4516066610813,251.7638103498822,206.15308,238.0708
2013-12-20 05:40:00+0100,5059,243.0723419189453,252.6470184326172,278.2427673339844,365.00817108154297,269.2395416318652,220.18506,252.39478
2013-12-20 05:50:00+0100,5059,206.34780883789065,243.0723419189453,274.4030021429062,344.6718452870846,266.40819033307133,229.68115,260.95105
2013-12-20 06:00:00+0100,5059,246.40040588378903,206.34780883789065,246.9414978027344,357.20651710033417,257.8162141683826,223.33325,256.8667
2013-12-20 06:10:00+0100,5059,231.74611815810204,246.40040588378903,316.2095947265625,370.5993185788393,270.6859955586698,230.61523,270.64514
2013-12-20 06:20:00+0100,5059,241.9884033203125,231.74611815810204,317.4205929636955,337.94732666015625,268.94735649088744,232.04138,270.75256
2013-12-20 06:30:00+0100,5059,240.6429840028286,241.9884033203125,308.8335266113281,390.7558990418911,280.79057610248606,236.15686,279.6902
2013-12-20 06:40:00+0100,5059,296.80535969138145,240.6429840028286,312.5832824707031,426.3634124696255,292.09295642766165,239.01245,283.7262
2013-12-20 06:50:00+0100,5059,303.16021728515625,296.80535969138145,378.3235778808594,428.5957305282354,325.2393435836056,261.66895,315.30237
2013-12-20 07:00:00+0100,5059,369.72698974609375,303.16021728515625,398.9413757324219,462.0987011194229,338.61781840524685,284.30408,338.026
2013-12-20 07:10:00+0100,5059,364.43896484375,369.72698974609375,383.5255104005337,468.1021722042933,388.3199513494054,327.1574,391.97675
2013-12-20 07:20:00+0100,5059,412.5123291015625,364.43896484375,505.4136962890625,497.8741358262487,409.15359972657774,361.09076,413.76398
2013-12-20 07:30:00+0100,5059,379.6234127623029,412.5123291015625,487.4411007761955,548.8626098632812,459.0024241385172,404.18048,474.33514
2013-12-20 07:40:00+0100,5059,429.2800686401315,379.6234127623029,513.9204876124859,709.4178624749184,489.6595342886063,425.0498,469.21442
2013-12-20 07:50:00+0100,5059,670.1840386465192,429.2800686401315,644.8988738954067,785.7395626646467,528.173166422568,455.5736,516.3487
2013-12-20 08:00:00+0100,5059,684.6149954646826,670.1840386465192,664.4584611058235,838.3457688093185,663.8171883418023,570.25433,678.724
2013-12-20 08:10:00+0100,5059,693.4316083043814,684.6149954646826,682.4676513671875,990.9094681739808,735.5502852288464,673.8622,752.6122
2013-12-20 08:20:00+0100,5059,856.2360320985317,693.4316083043814,738.489223331213,1039.6175875663755,788.0037909675257,755.7773,816.411
2013-12-20 08:30:00+0100,5059,789.6416140645742,856.2360320985317,748.6995244920254,1123.572105390951,907.5857034859791,875.4795,964.2865
2013-12-20 08:40:00+0100,5059,935.7096557617188,789.6416140645742,879.4210893255658,1333.0551076829431,940.293636088823,938.24133,990.6633
2013-12-20 08:50:00+0100,5059,1030.285118997097,935.7096557617188,1059.6797471046448,1356.000924654305,1046.8945093843802,1030.115,1109.2373
2013-12-20 09:00:00+0100,5059,1220.1326195001602,1030.285118997097,1205.6597342342138,1505.298915390391,1127.7982102763235,1128.7689,1173.5972
2013-12-20 09:10:00+0100,5059,1237.1398928165436,1220.1326195001602,1294.013331770897,1510.4909410476685,1249.9220632286888,1265.9844,1319.6985
2013-12-20 09:20:00+0100,5059,1306.8203686475754,1237.1398928165436,1403.564698159695,1588.6987805366516,1333.24814054791,1364.5525,1378.7239
2013-12-20 09:30:00+0100,5059,1387.7255867421627,1306.8203686475754,1366.8352419734,1766.788124680519,1403.8051120704854,1447.7537,1466.901
2013-12-20 09:40:00+0100,5059,1409.980553328991,1387.7255867421627,1410.3504968583584,1808.7479239106176,1496.6779540368152,1525.0505,1533.2163
2013-12-20 09:50:00+0100,5059,1643.7428361177444,1409.980553328991,1500.0517550706863,1958.7585047334435,1553.4424788566707,1578.8639,1588.0681
2013-12-20 10:00:00+0100,5059,1689.2719822120853,1643.7428361177444,1631.46152034821,1993.356584310532,1689.763313864918,1691.7762,1726.7567
2013-12-20 10:10:00+0100,5059,1596.9041233062744,1689.2719822120853,1594.840518295765,2189.3644290566444,1760.301233562429,1781.6973,1773.6555
2013-12-20 10:20:00+0100,5059,1671.042275309563,1596.9041233062744,1743.9664865923114,2084.788705080748,1765.1126719185536,1805.0317,1780.8232
2013-12-20 10:30:00+0100,5059,1595.823203086853,1671.042275309563,1792.1636858731508,2147.304296329617,1788.5239112767422,1840.5461,1830.1328
2013-12-20 10:40:00+0100,5059,1878.9928897619247,1595.823203086853,1852.2518773376944,2104.7397359609604,1762.200531179688,1836.6847,1832.7305
2013-12-20 10:50:00+0100,5059,1986.6230904906988,1878.9928897619247,1815.0077830553053,2194.3739443719387,1899.0721873066766,1928.9502,1991.3535
2013-12-20 11:00:00+0100,5059,1975.8967991215177,1986.6230904906988,1953.04410103336,2214.0809465944767,1995.5139232250172,2027.2222,2026.6259
2013-12-20 11:10:00+0100,5059,1999.3616025447843,1975.8967991215177,1898.2078171754256,2228.4256997704506,2026.7455105655172,2085.2185,2112.2075
2013-12-20 11:20:00+0100,5059,2245.8920273184776,1999.3616025447843,1932.676700968761,2195.0015024989843,2103.7882154818235,2127.8755,2150.338
2013-12-20 11:30:00+0100,5059,2462.2505863904958,2245.8920273184776,2083.846756402403,2448.7453043460846,2234.529458102996,2236.581,2299.9192
2013-12-20 11:40:00+0100,5059,2270.869298107922,2462.2505863904958,2171.0338589549065,2437.525145445019,2397.9771897554965,2376.2432,2399.0312
2013-12-20 11:50:00+0100,5059,2222.109144695103,2270.869298107922,2265.274917764589,2623.104834496975,2370.612978977506,2401.8875,2424.8765
2013-12-20 12:00:00+0100,5059,2357.328796043992,2222.109144695103,2178.1807789094746,2524.663150459528,2337.4849225315656,2403.1387,2445.9854
2013-12-20 12:10:00+0100,5059,2275.755809187889,2357.328796043992,2262.130681910552,2549.305781904608,2381.92430138932,2454.041,2512.3608
2013-12-20 12:20:00+0100,5059,2439.717231154442,2275.755809187889,2150.625786919147,2624.765225276351,2381.0516596983334,2463.292,2506.4434
2013-12-20 12:30:00+0100,5059,2526.545130610466,2439.717231154442,2270.9173928052187,2694.481048375368,2480.500853541561,2527.0796,2578.4304
2013-12-20 12:40:00+0100,5059,2346.089755520225,2526.545130610466,2441.910452076234,2781.529325544834,2572.8612455646557,2597.4058,2614.0127
2013-12-20 12:50:00+0100,5059,2470.798122614622,2346.089755520225,2547.372149646282,2865.535101875663,2542.7486857063514,2578.5552,2614.9114
2013-12-20 13:00:00+0100,5059,2650.6478627622128,2470.798122614622,2549.3322579562664,2940.3296732385643,2611.119594244664,2610.654,2685.352
2013-12-20 13:10:00+0100,5059,2598.8076138943434,2650.6478627622128,2767.840185150504,3051.009415745735,2698.549551503571,2692.057,2729.0366
2013-12-20 13:20:00+0100,5059,2632.6095227003098,2598.8076138943434,2683.885985597968,3078.0190292298794,2715.8318391568314,2717.782,2755.0015
2013-12-20 13:30:00+0100,5059,2461.224867209792,2632.6095227003098,2711.2275721132755,3083.7793197482824,2763.405512567039,2739.2783,2813.3193
2013-12-20 13:40:00+0100,5059,2746.582185819745,2461.224867209792,2517.594219058752,3283.2749241925776,2691.1842871049607,2686.147,2763.6362
2013-12-20 13:50:00+0100,5059,2632.1050630509853,2746.582185819745,2742.896074477583,3127.0261777341366,2792.711955593503,2751.6895,2857.701
2013-12-20 14:00:00+0100,5059,2633.716364145279,2632.1050630509853,2650.207410145551,3230.5865831524134,2743.5982124661095,2740.3188,2828.33
2013-12-20 14:10:00+0100,5059,2568.361704260111,2633.716364145279,2467.652644385118,3069.2366388738155,2756.6225661334647,2724.5393,2847.6025
2013-12-20 14:20:00+0100,5059,2618.542191728949,2568.361704260111,2606.007620692253,3219.2352011203766,2737.102865112075,2684.018,2815.796
2013-12-20 14:30:00+0100,5059,2665.730267901439,2618.542191728949,2583.6454999297857,3162.479403473437,2711.126395970793,2671.3599,2822.0215
2013-12-20 14:40:00+0100,5059,2900.371592119336,2665.730267901439,2529.976586699486,3016.333529084921,2723.500953767137,2671.8293,2825.1243
2013-12-20 14:50:00+0100,5059,2662.6620316430926,2900.371592119336,2546.670081887394,3049.2743657827377,2813.9448434341257,2746.3154,2900.984
2013-12-20 15:00:00+0100,5059,2651.5894877016544,2662.6620316430926,2376.378664597869,2995.5252778083086,2769.8813530183006,2696.1885,2819.0974
2013-12-20 15:10:00+0100,5059,2596.082019001245,2651.5894877016544,2511.29652268067,3060.013043835759,2774.8777699429093,2660.5688,2834.8203
2013-12-20 15:20:00+0100,5059,2519.1433845311403,2596.082019001245,2380.689109571278,3174.633227840066,2702.877643022185,2618.7197,2765.9893
2013-12-20 15:30:00+0100,5059,2734.370104436297,2519.1433845311403,2496.920169059187,2886.7906515598297,2658.1187962317194,2564.0454,2705.1152
2013-12-20 15:40:00+0100,5059,2823.198699384928,2734.370104436297,2670.8054644167423,3033.8137272447348,2743.89770880383,2606.7322,2767.517
2013-12-20 15:50:00+0100,5059,2617.306548777968,2823.198699384928,2527.7154273986816,3123.8597881793976,2765.193934486093,2657.6494,2789.5613
2013-12-20 16:00:00+0100,5059,2674.8654196858406,2617.306548777968,2489.7965146303177,2726.6481631994247,2728.505851782081,2610.6143,2744.8176
2013-12-20 16:10:00+0100,5059,2548.0388825051486,2674.8654196858406,2740.8387291063555,2946.943086013198,2747.88465738589,2603.5166,2761.4077
2013-12-20 16:20:00+0100,5059,2558.957540020346,2548.0388825051486,2435.474085390568,3068.197807908058,2665.3930464633568,2553.632,2679.4905
2013-12-20 16:30:00+0100,5059,2391.4992311000824,2558.957540020346,2455.376478910446,2880.6955090761185,2642.224774895438,2527.5137,2650.2283
2013-12-20 16:40:00+0100,5059,2764.468200329691,2391.4992311000824,2387.4032974243164,2967.589590907097,2555.760843134964,2449.1128,2567.122
2013-12-20 16:50:00+0100,5059,2595.301924571395,2764.468200329691,2405.8399790227413,2932.306748777628,2661.6150851942516,2535.6597,2656.0225
2013-12-20 17:00:00+0100,5059,2626.2994033396244,2595.301924571395,2422.162465199828,2634.3552715070546,2641.974207370029,2522.5405,2598.8853
2013-12-20 17:10:00+0100,5059,2673.3781341463327,2626.2994033396244,2372.2351061739028,2905.0521294623613,2654.878705043459,2522.592,2636.401
2013-12-20 17:20:00+0100,5059,2455.523320708889,2673.3781341463327,2159.3249642550945,2935.588608521968,2652.520094221489,2539.4282,2607.9805
2013-12-20 17:30:00+0100,5059,2262.688459828496,2455.523320708889,2137.3470635414124,2710.4999135769904,2568.7723214115263,2471.374,2524.5532
2013-12-20 17:40:00+0100,5059,2273.095410708804,2262.688459828496,2231.6365476697683,2826.04763969779,2434.5339961414234,2360.6409,2391.0552
2013-12-20 17:50:00+0100,5059,2120.389488846064,2273.095410708804,2189.936018884182,2633.506683424115,2344.0384633199633,2296.2156,2338.894
2013-12-20 18:00:00+0100,5059,2335.0259141717106,2120.389488846064,2123.960101008415,2496.833509374876,2242.1326343785363,2195.707,2179.4197
2013-12-20 18:10:00+0100,5059,2156.287226691842,2335.0259141717106,2123.450945004821,2531.4772914648056,2297.243658087804,2205.7407,2276.7874
2013-12-20 18:20:00+0100,5059,2015.8968674391508,2156.287226691842,1877.5533915162089,2551.5495558977127,2228.9228306359078,2138.9915,2156.8892
2013-12-20 18:30:00+0100,5059,2134.4436726272106,2015.8968674391508,2125.435024738312,2273.8393439650536,2147.413113791192,2037.9724,2036.8477
2013-12-20 18:40:00+0100,5059,1919.255607843399,2134.4436726272106,2092.7605332136154,2338.1753678917885,2133.8892131955627,2010.9138,2026.6799
2013-12-20 18:50:00+0100,5059,1839.29026979208,1919.255607843399,1824.8811848503535,2365.7478932142258,2010.4935133018357,1910.206,1878.0038
2013-12-20 19:00:00+0100,5059,1951.767408047337,1839.29026979208,1729.0023176968098,2148.0526534169912,1923.6967708225486,1810.321,1766.8323
2013-12-20 19:10:00+0100,5059,1644.7550105974078,1951.767408047337,1680.3955777585506,2083.132056180388,1913.5159700211948,1780.4146,1772.5854
2013-12-20 19:20:00+0100,5059,1486.1348019838333,1644.7550105974078,1606.5752828014083,1962.9350049495697,1789.33511572135,1651.6027,1586.6115
2013-12-20 19:30:00+0100,5059,1693.2423097491264,1486.1348019838333,1626.303548321128,2013.56252810359,1632.7189260880368,1510.2231,1437.9492
2013-12-20 19:40:00+0100,5059,1344.249430283904,1693.2423097491264,1547.6588878631592,1706.2759378999472,1650.9668060195709,1484.7561,1487.764
2013-12-20 19:50:00+0100,5059,1241.1986613459885,1344.249430283904,1395.2603765428066,1826.3172917217016,1498.735746783781,1360.0312,1285.9016
2013-12-20 20:00:00+0100,5059,1227.981255285442,1241.1986613459885,1390.367150276899,1699.6410322636366,1372.4318394031104,1247.338,1216.9603
2013-12-20 20:10:00+0100,5059,1140.5072234794495,1227.981255285442,1230.7984738349917,1544.8228042125702,1272.5428888850124,1174.3167,1165.6859
2013-12-20 20:20:00+0100,5059,1019.1906442642212,1140.5072234794495,1114.6784057617188,1342.9797534984536,1183.3346265660757,1107.1534,1111.1085
2013-12-20 20:30:00+0100,5059,927.6131227016448,1019.1906442642212,1020.2102182507516,1279.7555574923754,1097.4223063383745,1033.3771,1037.1881
2013-12-20 20:40:00+0100,5059,860.2623469829559,927.6131227016448,942.3615101724864,1232.817966222763,1000.2515791348849,962.43604,944.8788
2013-12-20 20:50:00+0100,5059,789.0068586319685,860.2623469829559,842.1623622179031,1102.692503631115,924.7717010868557,899.3357,874.05316
2013-12-20 21:00:00+0100,5059,744.6202381849289,789.0068586319685,718.4313943386078,1079.3407599776983,868.322165884659,839.53973,839.6598
2013-12-20 21:10:00+0100,5059,782.2459095716476,744.6202381849289,781.4336952418089,1063.9506086111069,825.6821307813038,787.8689,772.8194
2013-12-20 21:20:00+0100,5059,736.7810720205307,782.2459095716476,700.1835170090199,1064.7454696935602,835.4145608751492,763.24286,755.1182
2013-12-20 21:30:00+0100,5059,696.8599315583706,736.7810720205307,728.158460855484,1109.776595164556,816.2711091288584,734.96423,726.54816
2013-12-20 21:40:00+0100,5059,733.6608535391279,696.8599315583706,701.6063030362129,1096.9827734678984,787.6990139539951,703.0632,691.7027
2013-12-20 21:50:00+0100,5059,721.8334755897522,733.6608535391279,737.4238821268082,1040.4925220012665,781.1488073477633,689.08264,691.5046
2013-12-20 22:00:00+0100,5059,662.1285662841983,721.8334755897522,640.2519780248404,971.8211886286736,747.7025033553563,675.3895,675.47424
2013-12-20 22:10:00+0100,5059,703.3142018355429,662.1285662841983,642.9850929379463,819.2104401290417,724.4307755440858,646.7941,649.6933
2013-12-20 22:20:00+0100,5059,637.8367049694061,703.3142018355429,583.519086226821,939.4450626373292,730.0507123885109,635.1469,659.6878
2013-12-20 22:30:00+0100,5059,693.2207456827164,637.8367049694061,631.5819954872131,854.6558112949133,692.6760976922792,606.9642,628.78326
2013-12-20 22:40:00+0100,5059,601.3870316743851,693.2207456827164,589.1495691873133,837.2959219664335,698.2699198786747,600.6561,647.95905
2013-12-20 22:50:00+0100,5059,664.3227422237396,601.3870316743851,559.725165694952,809.6472533941269,652.646166294834,568.9913,595.37524
2013-12-20 23:00:00+0100,5059,564.0373984277248,664.3227422237396,568.6799505650997,723.4967905879021,654.6496194121264,562.8274,629.1535
2013-12-20 23:10:00+0100,5059,487.8660917133093,564.0373984277248,518.3544675111771,717.1098755002022,616.9148245043689,529.58887,564.8487
2013-12-20 23:20:00+0100,5059,539.5644409097731,487.8660917133093,516.4648615121841,754.6627778410912,563.6770317865287,479.4817,529.9103
2013-12-20 23:30:00+0100,5059,738.7418427541852,539.5644409097731,506.9211767911911,665.8564602732658,555.8199322218911,459.04205,511.4076
2013-12-20 23:40:00+0100,5059,1177.4382861703634,738.7418427541852,482.3107867091894,631.0779194831848,633.3825493532397,517.5496,595.44635
2013-12-20 23:50:00+0100,5059,832.1245890855789,1177.4382861703634,465.7101309299469,647.3789403480478,857.5056433451487,732.54474,726.4108
2013-12-21 00:00:00+0100,5059,696.6467927694321,832.1245890855789,525.8391523361206,562.1815795898438,803.6716833223608,801.60394,722.4963
2013-12-21 00:10:00+0100,5059,505.4169924259186,696.6467927694321,489.603369563818,568.6475921571255,717.1607286293798,796.7111,716.3157
2013-12-21 00:20:00+0100,5059,790.2081906199455,505.4169924259186,372.18172031641006,600.475360095501,598.8977441021744,711.8289,615.68835
2013-12-21 00:30:00+0100,5059,458.1687233150005,790.2081906199455,404.6974273063242,671.0108123719692,649.9446079095165,738.6567,742.1635
2013-12-21 00:40:00+0100,5059,404.1799926757813,458.1687233150005,391.8035185933113,540.2405554950237,524.2748319929884,650.9295,522.4638
2013-12-21 00:50:00+0100,5059,392.9789906144142,404.1799926757813,297.0850945711136,561.1393467187881,454.1678995771267,553.9322,447.05298
2013-12-21 01:00:00+0100,5059,361.36307905614376,392.9789906144142,363.3344984054565,426.834569439292,419.0056736268581,474.69,408.24207
2013-12-21 01:10:00+0100,5059,361.5744934082031,361.36307905614376,311.2339782714844,456.307373046875,378.0016270882436,407.66827,410.63452
2013-12-21 01:20:00+0100,5059,322.6308205127716,361.5744934082031,304.2302006185055,462.0465445369482,372.4141146832319,361.43976,373.30756
2013-12-21 01:30:00+0100,5059,308.5506286621094,322.6308205127716,292.2712097167969,409.9140319824219,349.98502752483927,319.60828,336.60486
2013-12-21 01:40:00+0100,5059,308.6630249023437,308.5506286621094,266.19817638397217,428.0322487354279,331.75728837403545,288.34558,317.5758
2013-12-21 01:50:00+0100,5059,316.9624938964844,308.6630249023437,241.73764561116693,417.389456987381,326.8480801967967,269.60193,297.20215
2013-12-21 02:00:00+0100,5059,297.1867980957031,316.9624938964844,268.4535979628563,386.58837890625,329.69700260743616,263.67786,292.05457
2013-12-21 02:10:00+0100,5059,320.1265563964844,297.1867980957031,255.5880065858364,422.1735978126526,322.2455006461909,257.49304,278.48914
2013-12-21 02:20:00+0100,5059,315.6493297815323,320.1265563964844,255.2636566162109,413.1211294978857,324.0042657954268,263.91797,287.39673
2013-12-21 02:30:00+0100,5059,277.5032043457031,315.6493297815323,247.74217748641968,367.0613040924072,323.7336141235276,271.39233,291.5365
2013-12-21 02:40:00+0100,5059,282.7767944335937,277.5032043457031,261.45126605033875,383.9033203125,303.3446978435286,265.9104,265.82385
2013-12-21 02:50:00+0100,5059,296.1383056640625,282.7767944335937,212.55831909179688,368.68402099609375,293.1926202075197,263.28113,252.00476
2013-12-21 03:00:00+0100,5059,279.4826354980469,296.1383056640625,225.63673400878903,318.5661323070526,299.27588906650715,267.2539,252.1997
2013-12-21 03:10:00+0100,5059,274.2796325683594,279.4826354980469,253.41427612304688,356.99119424819946,295.0101759902533,266.32642,253.16492
2013-12-21 03:20:00+0100,5059,257.2601928710937,274.2796325683594,224.57255816459656,362.36743688583374,285.36231813791585,264.26575,247.67053
2013-12-21 03:30:00+0100,5059,250.54742431640625,257.2601928710937,224.4408233165741,327.842529296875,280.8522136745301,257.11206,242.67896
2013-12-21 03:40:00+0100,5059,319.1932983398437,250.54742431640625,250.7928610742092,361.4724259376526,278.374235667835,249.09607,242.8706
2013-12-21 03:50:00+0100,5059,255.3902130126953,319.1932983398437,213.31396484375,392.0996451228857,299.0497282638148,268.31787,267.8402
2013-12-21 04:00:00+0100,5059,269.69435942173004,255.3902130126953,220.35384196043012,335.1074523925781,282.6736551543987,264.49548,260.02393
2013-12-21 04:10:00+0100,5059,265.0329284667969,269.69435942173004,226.84929417073727,344.7529602050781,289.1815651970408,264.96497,267.8275
2013-12-21 04:20:00+0100,5059,273.51621006429195,265.0329284667969,201.8170928955078,409.9027142450213,292.3379595809339,264.1709,268.50244
2013-12-21 04:30:00+0100,5059,287.6532897949219,273.51621006429195,205.79383762180805,425.4137678146362,292.07753663863207,266.7008,278.30322
2013-12-21 04:40:00+0100,5059,283.7654724121094,287.6532897949219,235.0680694580078,370.5109252929688,294.7627357211413,274.59033,280.39185
2013-12-21 04:50:00+0100,5059,275.0704345703125,283.7654724121094,192.8713012635708,368.16885343613103,289.8682464567981,280.35864,285.0193
2013-12-21 05:00:00+0100,5059,292.82037353515625,275.0704345703125,216.3181915283203,329.8244323730469,288.58098412011555,281.74304,292.93396
2013-12-21 05:10:00+0100,5059,332.54620361328125,292.82037353515625,236.10061645507807,335.4514183178544,297.25246294128124,288.73962,308.55188
2013-12-21 05:20:00+0100,5059,310.36981201171875,332.54620361328125,207.1969757080078,371.93496966362,312.0857012332386,309.46667,324.80988
2013-12-21 05:30:00+0100,5059,288.39501953125,310.36981201171875,252.6470184326172,317.2117030620575,310.78895729909664,319.39105,322.2677
2013-12-21 05:40:00+0100,5059,300.3631286621094,288.39501953125,243.0723419189453,325.8322629183531,299.7760656712243,317.81287,312.1953
2013-12-21 05:50:00+0100,5059,302.1423645019531,300.3631286621094,206.34780883789065,336.3297424316406,299.60097531147574,318.91003,326.30438
2013-12-21 06:00:00+0100,5059,321.63304728269577,302.1423645019531,246.40040588378903,322.4407958984375,307.13013183026396,319.75098,325.89233
2013-12-21 06:10:00+0100,5059,279.6580505371094,321.63304728269577,231.74611815810204,374.6083984375,314.172775267604,327.20245,345.66443
2013-12-21 06:20:00+0100,5059,313.6889038085937,279.6580505371094,241.9884033203125,319.77471923828125,296.94811307448936,318.02466,322.6983
2013-12-21 06:30:00+0100,5059,313.9874267578125,313.6889038085937,240.6429840028286,322.2790081501007,311.93626471263815,321.31128,355.52972
2013-12-21 06:40:00+0100,5059,310.8487548828125,313.9874267578125,296.80535969138145,347.6115417480469,318.8477175392628,324.97766,361.3191
2013-12-21 06:50:00+0100,5059,316.0126342773437,310.8487548828125,303.16021728515625,336.6561279296875,327.570273883539,326.865,366.143
2013-12-21 07:00:00+0100,5059,323.7438659667969,316.0126342773437,369.72698974609375,366.42859932780266,333.13556389727614,330.01825,370.36145
2013-12-21 07:10:00+0100,5059,301.7950744628906,323.7438659667969,364.43896484375,374.5301208496094,343.4266228749023,335.33966,390.48584
2013-12-21 07:20:00+0100,5059,326.4791259765625,301.7950744628906,412.5123291015625,391.5669555664063,335.36505250997334,331.45264,401.38416
2013-12-21 07:30:00+0100,5059,342.92156982421875,326.4791259765625,379.6234127623029,370.6786800962873,347.8841939480189,336.22406,416.90845
2013-12-21 07:40:00+0100,5059,296.91845703125,342.92156982421875,429.2800686401315,428.18720005452633,386.51978745117196,346.76733,422.45648
2013-12-21 07:50:00+0100,5059,335.8393249511719,296.91845703125,670.1840386465192,434.5797476619482,380.8948460171728,338.63098,398.47986
2013-12-21 08:00:00+0100,5059,374.442524433136,335.8393249511719,684.6149954646826,441.7093811035156,393.0304522865331,344.2979,424.6302
2013-12-21 08:10:00+0100,5059,345.9875793457031,374.442524433136,693.4316083043814,520.7941375672817,429.26040409577786,364.23285,452.9903
2013-12-21 08:20:00+0100,5059,423.276123046875,345.9875793457031,856.2360320985317,505.1134057044983,425.08003615254916,371.12073,456.1521
2013-12-21 08:30:00+0100,5059,409.3581848144531,423.276123046875,789.6416140645742,501.27403831481934,462.8164020469537,403.98547,497.0904
2013-12-21 08:40:00+0100,5059,468.22769843041897,409.3581848144531,935.7096557617188,487.59258556365967,496.9324316826318,427.05725,509.0948
2013-12-21 08:50:00+0100,5059,520.4716186523438,468.22769843041897,1030.285118997097,565.9664190709591,547.7754312263679,465.96063,568.77325
2013-12-21 09:00:00+0100,5059,583.5123919546604,520.4716186523438,1220.1326195001602,580.1966988784261,597.9507576127248,517.00995,616.05566
2013-12-21 09:10:00+0100,5059,506.6174135841429,583.5123919546604,1237.1398928165436,661.5093924999237,643.2643558246823,581.3697,692.4543
2013-12-21 09:20:00+0100,5059,730.4026768952608,506.6174135841429,1306.8203686475754,655.3492574989796,642.438727080429,601.9585,660.7525
2013-12-21 09:30:00+0100,5059,708.8068289607763,730.4026768952608,1387.7255867421627,715.364480048418,737.9296892242044,696.5946,852.17554
2013-12-21 09:40:00+0100,5059,748.7587521672249,708.8068289607763,1409.980553328991,741.9238756299019,804.4117948375988,765.8155,863.89404
2013-12-21 09:50:00+0100,5059,776.9584537297487,748.7587521672249,1643.7428361177444,906.6579775512218,861.4580266929654,829.5114,953.32056
2013-12-21 10:00:00+0100,5059,834.7816344839521,776.9584537297487,1689.2719822120853,928.2059293687344,901.1705948129248,883.44006,969.65814
2013-12-21 10:10:00+0100,5059,927.0139302313328,834.7816344839521,1596.9041233062744,1126.7923949956894,956.1873318866471,940.0176,1049.2521
2013-12-21 10:20:00+0100,5059,1075.7582802814431,927.0139302313328,1671.042275309563,1210.8841367959976,1029.2221396159039,1012.45154,1107.0428
2013-12-21 10:30:00+0100,5059,1118.0957240909338,1075.7582802814431,1595.823203086853,1258.0513398349285,1146.5609145786595,1119.1548,1187.19
2013-12-21 10:40:00+0100,5059,1275.7828778028488,1118.0957240909338,1878.9928897619247,1341.3440087139606,1252.8603671175908,1210.4604,1260.4233
2013-12-21 10:50:00+0100,5059,1225.114052135497,1275.7828778028488,1986.6230904906988,1576.9666583538055,1371.1282280884934,1327.7487,1393.4279
2013-12-21 11:00:00+0100,5059,1428.264453023672,1225.114052135497,1975.8967991215177,1711.0303763747215,1411.2094768121606,1386.3345,1418.7015
2013-12-21 11:10:00+0100,5059,1449.5228501409292,1428.264453023672,1999.3616025447843,1827.1998414993288,1530.0771095012217,1490.6671,1541.1818
2013-12-21 11:20:00+0100,5059,1457.4512791335585,1449.5228501409292,2245.8920273184776,1836.7257579267025,1624.2494266635745,1566.7773,1583.2562
2013-12-21 11:30:00+0100,5059,1642.2818855643272,1457.4512791335585,2462.2505863904958,2003.976098805666,1630.550635905509,1615.3077,1642.1846
2013-12-21 11:40:00+0100,5059,1650.5840075910091,1642.2818855643272,2270.869298107922,1901.099790751934,1742.6867726064002,1707.7272,1733.5925
2013-12-21 11:50:00+0100,5059,1815.6241347640755,1650.5840075910091,2222.109144695103,2234.782901987433,1835.2426944956776,1771.5127,1785.7698
2013-12-21 12:00:00+0100,5059,1969.3022551387548,1815.6241347640755,2357.328796043992,2436.833138410002,1948.2033580412185,1866.8812,1905.7703
2013-12-21 12:10:00+0100,5059,1965.2987880408764,1969.3022551387548,2275.755809187889,2493.618070095777,2074.465007035584,1980.0643,1998.8108
2013-12-21 12:20:00+0100,5059,2041.4290532320736,1965.2987880408764,2439.717231154442,2576.761074781418,2129.4955677101925,2050.5886,2081.8823
2013-12-21 12:30:00+0100,5059,2129.9751828610897,2041.4290532320736,2526.545130610466,2569.269364997745,2167.8994311721804,2118.8362,2158.7817
2013-12-21 12:40:00+0100,5059,2113.195841014385,2129.9751828610897,2346.089755520225,2529.548247118015,2267.56864871315,2191.677,2237.1602
2013-12-21 12:50:00+0100,5059,2121.8821304813027,2113.195841014385,2470.798122614622,2889.237142890692,2312.0961342690694,2233.7478,2271.7163
2013-12-21 13:00:00+0100,5059,2164.920488536358,2121.8821304813027,2650.6478627622128,2800.5794766433537,2324.087329800286,2264.7444,2307.6667
2013-12-21 13:10:00+0100,5059,2325.1905445456505,2164.920488536358,2598.8076138943434,2811.137782558799,2358.52765850553,2301.1492,2336.0789
2013-12-21 13:20:00+0100,5059,2355.135407298804,2325.1905445456505,2632.6095227003098,2961.511913508177,2424.3859966677687,2379.7173,2416.7412
2013-12-21 13:30:00+0100,5059,2386.16976223886,2355.135407298804,2461.224867209792,2937.115322187543,2501.8095540672552,2440.7393,2456.8179
2013-12-21 13:40:00+0100,5059,2157.871801719069,2386.16976223886,2746.582185819745,3070.596414655447,2556.857350610148,2490.0713,2490.6667
2013-12-21 13:50:00+0100,5059,2452.416258454323,2157.871801719069,2632.1050630509853,3123.7392161488533,2477.6206054598024,2446.0195,2437.232
2013-12-21 14:00:00+0100,5059,2294.8982377946377,2452.416258454323,2633.716364145279,3181.5417376607656,2581.9330687157435,2522.2178,2544.6406
2013-12-21 14:10:00+0100,5059,2495.48265657248,2294.8982377946377,2568.361704260111,3383.109874546528,2543.1773515532786,2517.6074,2492.3022
2013-12-21 14:20:00+0100,5059,2569.2935830950737,2495.48265657248,2618.542191728949,3220.782365515828,2621.0429250901534,2583.275,2605.6401
2013-12-21 14:30:00+0100,5059,2397.1415853351355,2569.2935830950737,2665.730267901439,3157.900629252196,2681.3643326771794,2647.2183,2614.1567
2013-12-21 14:40:00+0100,5059,2213.513625383377,2397.1415853351355,2900.371592119336,3079.856826543808,2641.679308846105,2621.214,2636.3389
2013-12-21 14:50:00+0100,5059,2490.422465145588,2213.513625383377,2662.6620316430926,3346.251861065626,2503.7969362610806,2535.712,2564.3657
2013-12-21 15:00:00+0100,5059,2579.465561851859,2490.422465145588,2651.5894877016544,3014.7807342112064,2571.407177871537,2582.3398,2653.0386
2013-12-21 15:10:00+0100,5059,2429.4550421871245,2579.465561851859,2596.082019001245,3104.656210362911,2644.839727912255,2634.2637,2654.014
2013-12-21 15:20:00+0100,5059,2475.543941840529,2429.4550421871245,2519.1433845311403,3216.5643092393875,2631.670907105902,2597.2593,2667.439
2013-12-21 15:30:00+0100,5059,2627.73183658719,2475.543941840529,2734.370104436297,3130.777192682028,2668.340200595967,2582.185,2676.4956
2013-12-21 15:40:00+0100,5059,2615.4874833375216,2627.73183658719,2823.198699384928,3147.036329969764,2679.3016440380607,2618.9658,2737.1592
2013-12-21 15:50:00+0100,5059,2511.203814201057,2615.4874833375216,2617.306548777968,2968.4014765108004,2737.7006753271116,2624.5444,2747.2554
2013-12-21 16:00:00+0100,5059,2755.58081812039,2511.203814201057,2674.8654196858406,3474.481545686722,2693.219031166399,2579.9365,2713.7317
2013-12-21 16:10:00+0100,5059,2681.335364192724,2755.58081812039,2548.0388825051486,3041.9165643346496,2798.2072755814424,2634.9456,2762.1416
2013-12-21 16:20:00+0100,5059,2624.8206965625286,2681.335364192724,2558.957540020346,3363.6505331886,2761.7280016328596,2633.601,2767.7463
2013-12-21 16:30:00+0100,5059,2838.973630759865,2624.8206965625286,2391.4992311000824,3140.335691064596,2771.2271769608146,2607.8516,2774.312
2013-12-21 16:40:00+0100,5059,2782.5343278241344,2838.973630759865,2764.468200329691,3193.603866875172,2847.607221733352,2666.6333,2796.399
2013-12-21 16:50:00+0100,5059,2546.9559544809163,2782.5343278241344,2595.301924571395,3130.624652937054,2819.1721606556653,2678.6008,2776.1235
2013-12-21 17:00:00+0100,5059,2749.6192694306374,2546.9559544809163,2626.2994033396244,3010.8502450585365,2710.623720683268,2599.973,2718.4636
2013-12-21 17:10:00+0100,5059,2715.99951338768,2749.6192694306374,2673.3781341463327,2893.5858915895224,2727.8874325997367,2628.8918,2733.436
2013-12-21 17:20:00+0100,5059,2544.212599232793,2715.99951338768,2455.523320708889,2915.053723663092,2684.7373517453498,2633.0576,2680.1997
2013-12-21 17:30:00+0100,5059,2755.3923730403185,2544.212599232793,2262.688459828496,2824.3813560903072,2631.3489401870283,2571.894,2634.0657
2013-12-21 17:40:00+0100,5059,2733.138710588217,2755.3923730403185,2273.095410708804,2898.5123124718666,2673.87119777152,2612.2046,2670.9033
2013-12-21 17:50:00+0100,5059,2625.955080509186,2733.138710588217,2120.389488846064,2690.0377046354115,2685.6429938114843,2625.9668,2632.9312
2013-12-21 18:00:00+0100,5059,2288.752118650824,2625.955080509186,2335.0259141717106,2761.8458603024483,2645.188587878581,2594.102,2611.6514
2013-12-21 18:10:00+0100,5059,2231.9080310463905,2288.752118650824,2156.287226691842,2747.375974178314,2474.8574097747696,2453.3677,2441.4463
2013-12-21 18:20:00+0100,5059,2133.056055366993,2231.9080310463905,2015.8968674391508,2856.4098805189133,2414.5427588655302,2348.4822,2315.3503
2013-12-21 18:30:00+0100,5059,2152.113382458687,2133.056055366993,2134.4436726272106,2998.270606458187,2341.52237282689,2244.9163,2221.8604
2013-12-21 18:40:00+0100,5059,1993.8709596730769,2152.113382458687,1919.255607843399,3010.9342804402118,2265.6772248928614,2180.575,2177.5972
2013-12-21 18:50:00+0100,5059,1951.852183394134,1993.8709596730769,1839.29026979208,2775.7187169492245,2164.5884714407985,2071.69,2021.0096
2013-12-21 19:00:00+0100,5059,1813.9456207454205,1951.852183394134,1951.767408047337,2581.448972940445,2094.8958097304803,1976.9507,1966.1257
2013-12-21 19:10:00+0100,5059,1655.6824202537537,1813.9456207454205,1644.7550105974078,2637.1061708778143,1958.1101634145055,1856.7363,1835.742
2013-12-21 19:20:00+0100,5059,1597.503908507526,1655.6824202537537,1486.1348019838333,2362.4296155422926,1867.480023633127,1714.0719,1665.9851
2013-12-21 19:30:00+0100,5059,1325.4285841882229,1597.503908507526,1693.2423097491264,2403.5924022197723,1773.6004625193368,1594.1986,1536.4939
2013-12-21 19:40:00+0100,5059,1457.4198913425207,1325.4285841882229,1344.249430283904,2313.023108571768,1597.9336193543727,1420.8759,1336.3752
2013-12-21 19:50:00+0100,5059,1450.1373146623373,1457.4198913425207,1241.1986613459885,2341.259100869298,1596.3469577083795,1348.4838,1350.3354
2013-12-21 20:00:00+0100,5059,1219.9035923331976,1450.1373146623373,1227.981255285442,2250.666284278035,1571.383096118669,1302.6775,1317.1384
2013-12-21 20:10:00+0100,5059,1292.1917404085398,1219.9035923331976,1140.5072234794495,2147.286822457332,1421.229631142307,1207.0017,1181.7296
2013-12-21 20:20:00+0100,5059,1162.7395495660603,1292.1917404085398,1019.1906442642212,1903.3037590309975,1364.2032793969845,1168.9901,1172.5443
2013-12-21 20:30:00+0100,5059,1148.6572079509497,1162.7395495660603,927.6131227016448,1660.0603122413158,1275.3517091316544,1112.9961,1076.7494
2013-12-21 20:40:00+0100,5059,1033.7630173116922,1148.6572079509497,860.2623469829559,1681.133164152503,1228.9804050372447,1075.5251,1053.7515
2013-12-21 20:50:00+0100,5059,946.2925661355256,1033.7630173116922,789.0068586319685,1615.8783825123685,1147.3493219118927,1022.0361,982.6739
2013-12-21 21:00:00+0100,5059,943.5213098526,946.2925661355256,744.6202381849289,1501.5701159238815,1081.633623919134,963.2495,905.9054
2013-12-21 21:10:00+0100,5059,952.7126321643592,943.5213098526,782.2459095716476,1508.745415508747,1055.1663506616,923.6883,912.0576
2013-12-21 21:20:00+0100,5059,890.1042942442,952.7126321643592,736.7810720205307,1505.9158050203696,1001.0338934501757,901.16,903.4351
2013-12-21 21:30:00+0100,5059,913.2415071725844,890.1042942442,696.8599315583706,1189.258237302303,950.267963723051,869.66547,852.0353
2013-12-21 21:40:00+0100,5059,859.0974731445312,913.2415071725844,733.6608535391279,1117.676300406456,933.1372670002291,853.87573,857.8356
2013-12-21 21:50:00+0100,5059,780.5531616210938,859.0974731445312,721.8334755897522,1044.1868125200272,884.1539943650623,827.81903,826.8148
2013-12-21 22:00:00+0100,5059,788.2426197528839,780.5531616210938,662.1285662841983,955.8047208189964,839.0522860050036,785.48267,788.04736
2013-12-21 22:10:00+0100,5059,706.0111802816391,788.2426197528839,703.3142018355429,1006.029405683279,810.4794996516698,755.5588,750.7725
2013-12-21 22:20:00+0100,5059,683.7203953117132,706.0111802816391,637.8367049694061,882.2790012401529,770.6530044686901,710.2226,697.0841
2013-12-21 22:30:00+0100,5059,653.2257641553879,683.7203953117132,693.2207456827164,958.260775089264,734.291958766684,669.4586,671.26685
2013-12-21 22:40:00+0100,5059,590.1951858145185,653.2257641553879,601.3870316743851,859.866382598877,693.4397682767618,630.79553,636.66
2013-12-21 22:50:00+0100,5059,508.7833217829466,590.1951858145185,664.3227422237396,771.548210605979,651.1990198192334,583.8257,604.77704
2013-12-21 23:00:00+0100,5059,559.7362858653069,508.7833217829466,564.0373984277248,809.5033946037292,588.7053770315711,524.1108,545.01556
2013-12-21 23:10:00+0100,5059,489.1153947114945,559.7362858653069,487.8660917133093,773.7576550245285,587.7069440876234,494.25977,538.2901
2013-12-21 23:20:00+0100,5059,517.4391688108444,489.1153947114945,539.5644409097731,729.7995351850986,575.775943733522,454.0113,486.23663
2013-12-21 23:30:00+0100,5059,570.5881842714734,517.4391688108444,738.7418427541852,746.2506085932255,620.6362962895348,433.6258,477.28687
2013-12-21 23:40:00+0100,5059,525.5759574365802,570.5881842714734,1177.4382861703634,793.1124399900436,612.0732042013447,439.8501,479.57245
2013-12-21 23:50:00+0100,5059,463.43187642097473,525.5759574365802,832.1245890855789,685.058854341507,560.9706823568453,437.68866,483.2716
2013-12-22 00:00:00+0100,5059,485.2741154814139,463.43187642097473,696.6467927694321,659.7001342773438,515.3761455592058,420.08636,455.08362
2013-12-22 00:10:00+0100,5059,469.7986662387848,485.2741154814139,505.4169924259186,588.8172659724951,521.9410081687004,416.3214,455.2179
2013-12-22 00:20:00+0100,5059,406.7675292491913,469.7986662387848,790.2081906199455,587.3340503168292,486.76100370412564,414.20776,444.07306
2013-12-22 00:30:00+0100,5059,498.5281372070313,406.7675292491913,458.1687233150005,505.8855974674225,432.8376722108741,395.21643,406.46722
2013-12-22 00:40:00+0100,5059,419.4829685688019,498.5281372070313,404.1799926757813,498.68498957157135,463.86929734060726,414.5044,428.17584
2013-12-22 00:50:00+0100,5059,313.36544954776764,419.4829685688019,392.9789906144142,482.82145933806896,429.6639229555123,408.79706,394.268
2013-12-22 01:00:00+0100,5059,311.22079205513,313.36544954776764,361.36307905614376,418.5851184427738,371.38866550586584,366.9803,368.70276
2013-12-22 01:10:00+0100,5059,285.27691650390625,311.22079205513,361.5744934082031,397.7603507041931,339.60317466199956,330.6701,336.5777
2013-12-22 01:20:00+0100,5059,287.1130955219269,285.27691650390625,322.6308205127716,387.3037181943655,309.01121561667554,295.13855,315.07422
2013-12-22 01:30:00+0100,5059,288.1645786762237,287.1130955219269,308.5506286621094,362.5134913921356,302.11778981688707,270.95032,293.28735
2013-12-22 01:40:00+0100,5059,265.6538495719433,288.1645786762237,308.6630249023437,366.2237066626549,300.3048336055935,256.7339,272.25623
2013-12-22 01:50:00+0100,5059,327.4678675979376,265.6538495719433,316.9624938964844,344.38333654403687,286.7175347190636,242.61267,263.07898
2013-12-22 02:00:00+0100,5059,274.274658203125,327.4678675979376,297.1867980957031,326.85522723197937,310.86035810749036,256.7594,281.9812
2013-12-22 02:10:00+0100,5059,263.72289776802063,274.274658203125,320.1265563964844,331.1098937988281,298.8687161329582,254.82239,266.20068
2013-12-22 02:20:00+0100,5059,257.9314021212049,263.72289776802063,315.6493297815323,348.21934563759714,283.3700947937612,250.0846,264.42004
2013-12-22 02:30:00+0100,5059,210.99529242515564,257.9314021212049,277.5032043457031,314.85606733709574,273.10284947577475,244.94678,246.60461
2013-12-22 02:40:00+0100,5059,235.38519024848935,210.99529242515564,282.7767944335937,306.01614282839,252.1931778504468,224.90039,226.30457
2013-12-22 02:50:00+0100,5059,244.28406023979187,235.38519024848935,296.1383056640625,335.45639464072883,247.61032261846512,216.8468,220.88379
2013-12-22 03:00:00+0100,5059,207.7816162109375,244.28406023979187,279.4826354980469,283.2787780761719,249.4811899605237,216.01978,220.19434
2013-12-22 03:10:00+0100,5059,191.04721450805664,207.7816162109375,274.2796325683594,281.2443289607764,240.9768824748353,204.59106,203.78467
2013-12-22 03:20:00+0100,5059,239.08790588378903,191.04721450805664,257.2601928710937,338.18475341796875,225.86450021155025,189.56311,197.02087
2013-12-22 03:30:00+0100,5059,235.65777587890625,239.08790588378903,250.54742431640625,292.1773681640625,246.46003132061423,195.3717,208.29797
2013-12-22 03:40:00+0100,5059,192.75901794433597,235.65777587890625,319.1932983398437,301.58111572265625,252.48051258903325,202.38562,210.64172
2013-12-22 03:50:00+0100,5059,211.66522216796875,192.75901794433597,255.3902130126953,346.2955460548401,229.92489984650535,193.95288,198.81433
2013-12-22 04:00:00+0100,5059,198.1449789851904,211.66522216796875,269.69435942173004,287.5334777832031,234.7850980350924,192.88,200.84009
2013-12-22 04:10:00+0100,5059,188.68125915527344,198.1449789851904,265.0329284667969,306.9956432580948,229.77922329703844,188.21094,206.63293
2013-12-22 04:20:00+0100,5059,197.03189086914065,188.68125915527344,273.51621006429195,330.9347229003906,219.10273213863144,181.09619,198.59106
2013-12-22 04:30:00+0100,5059,207.60874938964844,197.03189086914065,287.6532897949219,271.0594787597656,223.29348641658734,178.55664,199.6814
2013-12-22 04:40:00+0100,5059,194.5262451171875,207.60874938964844,283.7654724121094,306.9076232910156,228.38723514587542,181.38062,208.52136
2013-12-22 04:50:00+0100,5059,199.42442321777344,194.5262451171875,275.0704345703125,315.5682883262634,219.02229149904434,180.15015,209.02588
2013-12-22 05:00:00+0100,5059,191.96487426757807,199.42442321777344,292.82037353515625,252.07535020262003,228.67877596365182,180.97314,213.17969
2013-12-22 05:10:00+0100,5059,184.7897503376007,191.96487426757807,332.54620361328125,306.58807373046875,226.09786940076398,179.43396,213.70386
2013-12-22 05:20:00+0100,5059,202.4455618299544,184.7897503376007,310.36981201171875,312.18585205078125,214.5000535673034,175.5227,210.29956
2013-12-22 05:30:00+0100,5059,188.96749813202769,202.4455618299544,288.39501953125,271.6971127134748,221.6828088633858,178.66406,223.75269
2013-12-22 05:40:00+0100,5059,196.6633453369141,188.96749813202769,300.3631286621094,281.8018821850419,220.2191488132737,177.31128,223.57568
2013-12-22 05:50:00+0100,5059,218.4387969970703,196.6633453369141,302.1423645019531,308.5719299316406,220.38983543739872,178.76978,222.4447
2013-12-22 06:00:00+0100,5059,204.2862243652344,218.4387969970703,321.63304728269577,260.5623520165682,232.50877639147237,188.29468,235.47827
2013-12-22 06:10:00+0100,5059,204.22127294540405,204.2862243652344,279.6580505371094,309.4451904296875,234.74775858922297,191.8872,240.95142
2013-12-22 06:20:00+0100,5059,212.75473403930664,204.22127294540405,313.6889038085937,327.26434326171875,232.79394659028807,194.11914,241.75122
2013-12-22 06:30:00+0100,5059,201.712126493454,212.75473403930664,313.9874267578125,272.7059020996094,235.1634712783774,198.57483,247.55396
2013-12-22 06:40:00+0100,5059,182.26084101200104,201.712126493454,310.8487548828125,297.13336181640625,237.79448403373397,198.10327,243.14294
2013-12-22 06:50:00+0100,5059,215.85308837890625,182.26084101200104,316.0126342773437,334.0758361816406,227.4476488484538,189.79993,251.12988
2013-12-22 07:00:00+0100,5059,209.480224609375,215.85308837890625,323.7438659667969,292.1195306777954,241.07242763961034,194.16687,257.48853
2013-12-22 07:10:00+0100,5059,202.72679875791076,209.480224609375,301.7950744628906,340.0699942111969,243.83256561791416,196.6936,269.042
2013-12-22 07:20:00+0100,5059,241.6956808567047,202.72679875791076,326.4791259765625,330.664794921875,252.93703556517664,196.28137,271.4475
2013-12-22 07:30:00+0100,5059,212.7093048095703,241.6956808567047,342.92156982421875,389.0876735895872,286.3460656265806,209.88196,292.7118
2013-12-22 07:40:00+0100,5059,195.1311492919922,212.7093048095703,296.91845703125,530.9491577148438,284.8072530072675,211.74219,280.31567
2013-12-22 07:50:00+0100,5059,250.33660888671875,195.1311492919922,335.8393249511719,414.264892578125,278.7281910132396,205.39539,264.48413
2013-12-22 08:00:00+0100,5059,234.88385009765625,250.33660888671875,374.442524433136,405.94514378905296,293.9107912627036,219.05359,302.5099
2013-12-22 08:10:00+0100,5059,237.84228515625,234.88385009765625,345.9875793457031,459.0292663574219,305.58778184647224,226.3003,308.48157
2013-12-22 08:20:00+0100,5059,284.8996629714966,237.84228515625,423.276123046875,463.0222036838532,314.80321560011566,232.5144,323.09863
2013-12-22 08:30:00+0100,5059,271.18427181243896,284.8996629714966,409.3581848144531,473.4036865234375,339.9641839031726,254.30554,340.70917
2013-12-22 08:40:00+0100,5059,261.9084616601467,271.18427181243896,468.22769843041897,496.8063040715642,359.7244998917365,268.036,357.19183
2013-12-22 08:50:00+0100,5059,294.0846362747252,261.9084616601467,520.4716186523438,529.2862542355433,366.8325535110155,274.21326,364.1408
2013-12-22 09:00:00+0100,5059,349.03415435925126,294.0846362747252,583.5123919546604,522.9733273130842,378.3417849700083,289.15295,388.15796
2013-12-22 09:10:00+0100,5059,349.0551225990057,349.03415435925126,506.6174135841429,548.5274946093559,426.982771725202,321.49146,425.45862
2013-12-22 09:20:00+0100,5059,378.0785003602505,349.0551225990057,730.4026768952608,623.2251401692629,456.9655715754573,348.63818,446.75555
2013-12-22 09:30:00+0100,5059,424.97801948012784,378.0785003602505,708.8068289607763,644.4241250753403,477.57900871660684,379.8048,477.82343
2013-12-22 09:40:00+0100,5059,469.0536245447584,424.97801948012784,748.7587521672249,673.4335113763809,542.9701621881298,421.23767,525.6296
2013-12-22 09:50:00+0100,5059,553.5082324147224,469.0536245447584,776.9584537297487,900.9781875610352,586.0493782114564,470.3302,572.5831
2013-12-22 10:00:00+0100,5059,689.4640181404538,553.5082324147224,834.7816344839521,816.3873814684339,654.532322352874,540.5114,649.0143
2013-12-22 10:10:00+0100,5059,631.2227976322174,689.4640181404538,927.0139302313328,978.781554043293,765.5090637022332,648.43207,786.65875
2013-12-22 10:20:00+0100,5059,707.7872285842896,631.2227976322174,1075.7582802814431,1081.3430896699429,788.9980192077655,711.8766,792.3294
2013-12-22 10:30:00+0100,5059,766.1703774631023,707.7872285842896,1118.0957240909338,1091.9025938808918,867.1736598997867,782.5321,889.0396
2013-12-22 10:40:00+0100,5059,803.8872474133968,766.1703774631023,1275.7828778028488,1309.0472070872784,934.0363705429379,854.2001,961.3004
2013-12-22 10:50:00+0100,5059,971.2717629373074,803.8872474133968,1225.114052135497,1374.876646220684,981.392845404748,917.71277,1028.4539
2013-12-22 11:00:00+0100,5059,1046.3397202342749,971.2717629373074,1428.264453023672,1422.574651569128,1107.3987634279847,1023.5956,1124.2899
2013-12-22 11:10:00+0100,5059,1230.1508221030235,1046.3397202342749,1449.5228501409292,1650.9298084378242,1201.1777135829966,1128.4316,1210.0094
2013-12-22 11:20:00+0100,5059,1127.9284727913328,1230.1508221030235,1457.4512791335585,1733.5949952602386,1337.6788852078575,1268.1162,1359.0042
2013-12-22 11:30:00+0100,5059,1449.8251873999834,1127.9284727913328,1642.2818855643272,1695.423495545983,1352.806204145682,1323.4999,1358.7599
2013-12-22 11:40:00+0100,5059,1383.4528916478157,1449.8251873999834,1650.5840075910091,1849.1559407413008,1500.4728522672585,1466.8727,1567.5164
2013-12-22 11:50:00+0100,5059,1643.272008895874,1383.4528916478157,1815.6241347640755,1892.6140369176865,1566.5977539302903,1538.7859,1552.3876
2013-12-22 12:00:00+0100,5059,1733.9001501053572,1643.272008895874,1969.3022551387548,2023.576424896717,1711.6199096235011,1669.817,1752.6941
2013-12-22 12:10:00+0100,5059,1675.9011543393135,1733.9001501053572,1965.2987880408764,2123.922232955694,1823.8768105792892,1785.7954,1777.5852
2013-12-22 12:20:00+0100,5059,1833.2424184679985,1675.9011543393135,2041.4290532320736,2235.9751107543707,1842.4316513147905,1837.407,1849.4298
2013-12-22 12:30:00+0100,5059,1764.016129091382,1833.2424184679985,2129.9751828610897,2122.588119257241,1902.9185211696,1918.8667,1940.0183
2013-12-22 12:40:00+0100,5059,2001.0840569287536,1764.016129091382,2113.195841014385,2134.2459467053413,1936.7499811324442,1948.0872,1961.179
2013-12-22 12:50:00+0100,5059,1983.38399669528,2001.0840569287536,2121.8821304813027,2539.855275005102,2084.773260181064,2043.9541,2110.1401
2013-12-22 13:00:00+0100,5059,2070.5904502091,1983.38399669528,2164.920488536358,2578.363960713148,2144.2570706813713,2101.026,2112.971
2013-12-22 13:10:00+0100,5059,2207.3521996438503,2070.5904502091,2325.1905445456505,2608.72702619806,2183.3332913612717,2165.01,2204.407
2013-12-22 13:20:00+0100,5059,2090.542241126299,2207.3521996438503,2355.135407298804,2484.750298842788,2235.3981161835686,2250.638,2279.501
2013-12-22 13:30:00+0100,5059,1998.656185038388,2090.542241126299,2386.16976223886,2361.1786516606808,2191.697462014354,2267.6152,2302.8188
2013-12-22 13:40:00+0100,5059,2118.216320499778,1998.656185038388,2157.871801719069,2399.082014713902,2171.1980588051247,2248.5686,2257.879
2013-12-22 13:50:00+0100,5059,2046.2310904413464,2118.216320499778,2452.416258454323,2422.209459338337,2230.3032873804273,2279.246,2317.2163
2013-12-22 14:00:00+0100,5059,2005.1089063435795,2046.2310904413464,2294.8982377946377,2714.374319523573,2211.6266240424316,2277.0054,2282.7637
2013-12-22 14:10:00+0100,5059,2134.599184960127,2005.1089063435795,2495.48265657248,2583.798688564915,2218.269476290816,2261.436,2244.599
2013-12-22 14:20:00+0100,5059,2146.1336127519608,2134.599184960127,2569.2935830950737,2698.714077949524,2245.435286786299,2296.8179,2295.6213
2013-12-22 14:30:00+0100,5059,2083.60366441682,2146.1336127519608,2397.1415853351355,2606.965224403888,2256.532081187942,2322.4524,2317.9116
2013-12-22 14:40:00+0100,5059,2265.5213298276067,2083.60366441682,2213.513625383377,2682.9873453080654,2266.20067070954,2313.1855,2316.2917
2013-12-22 14:50:00+0100,5059,2261.1039840728045,2265.5213298276067,2490.422465145588,2680.1705436855555,2345.519256974585,2369.037,2388.1587
2013-12-22 15:00:00+0100,5059,2310.0313632190228,2261.1039840728045,2579.465561851859,2645.5211543887854,2361.1679217932597,2399.046,2403.54
2013-12-22 15:10:00+0100,5059,2401.2407755851746,2310.0313632190228,2429.4550421871245,2729.070288453251,2410.745868742233,2429.8071,2471.7017
2013-12-22 15:20:00+0100,5059,2304.6192128509283,2401.2407755851746,2475.543941840529,2856.53686947003,2511.7801419086613,2476.4097,2498.0293
2013-12-22 15:30:00+0100,5059,2281.76432191208,2304.6192128509283,2627.73183658719,2966.3352924771607,2501.0210519368843,2464.2036,2509.9507
2013-12-22 15:40:00+0100,5059,2348.873214766383,2281.76432191208,2615.4874833375216,2922.66154409945,2461.3607387101406,2441.5957,2521.5537
2013-12-22 15:50:00+0100,5059,2395.826053928584,2348.873214766383,2511.203814201057,2932.8668055273592,2511.569511567835,2445.692,2540.2173
2013-12-22 16:00:00+0100,5059,2172.3372472524643,2395.826053928584,2755.58081812039,3102.461088940501,2539.3258730464795,2456.9504,2564.9766
2013-12-22 16:10:00+0100,5059,2329.1118879914284,2172.3372472524643,2681.335364192724,2976.7158872187138,2433.1420456093665,2370.8174,2488.3682
2013-12-22 16:20:00+0100,5059,2651.8508726395667,2329.1118879914284,2624.8206965625286,2962.549505069852,2495.7353213977117,2365.7695,2529.501
2013-12-22 16:30:00+0100,5059,2556.071787938476,2651.8508726395667,2838.973630759865,3077.381833180785,2691.583080714459,2471.2239,2606.4033
2013-12-22 16:40:00+0100,5059,2471.200919792056,2556.071787938476,2782.5343278241344,3341.748473882675,2656.3797773243023,2489.4026,2621.2002
2013-12-22 16:50:00+0100,5059,2486.201292742044,2471.200919792056,2546.9559544809163,2870.308100283146,2633.3574218138215,2461.7092,2628.5264
2013-12-22 17:00:00+0100,5059,2402.3154919482768,2486.201292742044,2749.6192694306374,3017.3817789256573,2610.7821760698635,2447.9937,2583.928
2013-12-22 17:10:00+0100,5059,2440.9217760413885,2402.3154919482768,2715.99951338768,2786.842946439981,2514.3180217475815,2407.2214,2556.7754
2013-12-22 17:20:00+0100,5059,2260.9680681973696,2440.9217760413885,2544.212599232793,2738.216549366713,2519.957462704441,2394.7273,2539.1318
2013-12-22 17:30:00+0100,5059,2325.242868110537,2260.9680681973696,2755.3923730403185,2814.9486830234528,2492.9575267681116,2317.3447,2411.293
2013-12-22 17:40:00+0100,5059,2008.163316309452,2325.242868110537,2733.138710588217,3089.035936772824,2456.526474202357,2290.9038,2426.6875
2013-12-22 17:50:00+0100,5059,2312.8546050041914,2008.163316309452,2625.955080509186,2778.163501739502,2278.297321288506,2152.2793,2227.2485
2013-12-22 18:00:00+0100,5059,1884.4528310745957,2312.8546050041914,2288.752118650824,2793.869938239455,2346.8299629838716,2172.4502,2328.5994
2013-12-22 18:10:00+0100,5059,2071.2512387931347,1884.4528310745957,2231.9080310463905,2813.64042942226,2176.950695044566,2022.0024,2039.176
2013-12-22 18:20:00+0100,5059,1986.6575429439545,2071.2512387931347,2133.056055366993,2760.8712957948446,2192.68347811938,1984.9861,2082.109
2013-12-22 18:30:00+0100,5059,1833.1050360947847,1986.6575429439545,2152.113382458687,2674.6513351351023,2127.2635244792614,1925.3926,2022.3818
2013-12-22 18:40:00+0100,5059,1691.1321310037747,1833.1050360947847,1993.8709596730769,2497.233303040266,2023.4339606240349,1823.9773,1883.6987
2013-12-22 18:50:00+0100,5059,1681.017781291157,1691.1321310037747,1951.852183394134,2555.327821344137,1929.958436750889,1702.8762,1736.761
2013-12-22 19:00:00+0100,5059,1457.515752077103,1681.017781291157,1813.9456207454205,2471.190415386576,1854.185889819381,1615.7897,1680.3965
2013-12-22 19:10:00+0100,5059,1255.726800829172,1457.515752077103,1655.6824202537537,2423.603850245476,1671.8524889927635,1481.803,1459.9482
2013-12-22 19:20:00+0100,5059,1255.937273684889,1255.726800829172,1597.503908507526,2052.9523360431194,1478.5359472818232,1328.2472,1310.5719
2013-12-22 19:30:00+0100,5059,1104.2017152309418,1255.937273684889,1325.4285841882229,1793.0516931414604,1399.9354986569779,1230.2562,1259.1699
2013-12-22 19:40:00+0100,5059,929.8861295878888,1104.2017152309418,1457.4198913425207,1750.443251132965,1273.7422281158763,1126.9595,1133.1298
2013-12-22 19:50:00+0100,5059,896.4365670681,929.8861295878888,1450.1373146623373,1542.7161044925451,1140.7993999204639,1015.4387,986.41223
2013-12-22 20:00:00+0100,5059,807.0841102004051,896.4365670681,1219.9035923331976,1552.5208114087582,1071.7746284548189,938.52466,913.27203
2013-12-22 20:10:00+0100,5059,1002.8871914744376,807.0841102004051,1292.1917404085398,1458.4070469737053,984.2152469202556,869.3613,823.3545
2013-12-22 20:20:00+0100,5059,794.0688722133636,1002.8871914744376,1162.7395495660603,1356.0595490336418,1012.3757735307154,879.87225,890.9695
2013-12-22 20:30:00+0100,5059,773.291566208005,794.0688722133636,1148.6572079509497,1211.9283226430416,928.8818904243275,835.8839,771.4154
2013-12-22 20:40:00+0100,5059,666.1854858398438,773.291566208005,1033.7630173116922,1163.1595060825348,871.202224615886,797.5717,744.0726
2013-12-22 20:50:00+0100,5059,663.6102133989334,666.1854858398438,946.2925661355256,1058.6059140600264,790.6030893546499,740.61084,668.26544
2013-12-22 21:00:00+0100,5059,622.5816543102264,663.6102133989334,943.5213098526,966.967941224575,758.1974882390538,697.3647,642.71954
2013-12-22 21:10:00+0100,5059,596.7989554256201,622.5816543102264,952.7126321643592,981.4010503292084,709.0785161782276,654.8619,583.32263
2013-12-22 21:20:00+0100,5059,650.945244550705,596.7989554256201,890.1042942442,827.834157705307,660.2659034258905,616.17706,554.5965
2013-12-22 21:30:00+0100,5059,500.1367492675781,650.945244550705,913.2415071725844,701.6924040317535,672.4572664794791,602.3572,547.35077
2013-12-22 21:40:00+0100,5059,519.0877109467983,500.1367492675781,859.0974731445312,754.453770160675,605.5074625350214,549.71216,486.2887
2013-12-22 21:50:00+0100,5059,522.9897326081991,519.0877109467983,780.5531616210938,731.9561157226562,579.6812271096012,511.74738,482.9439
2013-12-22 22:00:00+0100,5059,535.3906860351562,522.9897326081991,788.2426197528839,651.9787201881409,577.8598172002262,484.0063,459.0586
2013-12-22 22:10:00+0100,5059,484.1563415527344,535.3906860351562,706.0111802816391,763.3276000022888,566.7072751269167,467.0381,466.14343
2013-12-22 22:20:00+0100,5059,455.88103026151657,484.1563415527344,683.7203953117132,631.354989618063,549.3552340075764,439.2359,424.66913
2013-12-22 22:30:00+0100,5059,444.8541259765625,455.88103026151657,653.2257641553879,682.8200595378876,527.3747831371358,407.96362,411.7243
2013-12-22 22:40:00+0100,5059,423.2268676757813,444.8541259765625,590.1951858145185,692.9621366262436,504.1263493669465,380.63867,400.951
2013-12-22 22:50:00+0100,5059,406.41709288954735,423.2268676757813,508.7833217829466,672.8045828342438,480.7515943296364,355.02325,383.57245
2013-12-22 23:00:00+0100,5059,471.2686450481415,406.41709288954735,559.7362858653069,579.7040916383266,453.83399629027133,333.46454,358.9668
2013-12-22 23:10:00+0100,5059,413.9502894878388,471.2686450481415,489.1153947114945,567.5315551757812,468.0228176590879,343.51385,374.8404
2013-12-22 23:20:00+0100,5059,342.5726013183594,413.9502894878388,517.4391688108444,505.4060904234648,460.88457114630694,342.4516,346.8778
2013-12-22 23:30:00+0100,5059,381.9770504576154,342.5726013183594,570.5881842714734,483.5201916694641,435.7598007264413,322.12415,338.98444
2013-12-22 23:40:00+0100,5059,298.5262738764286,381.9770504576154,525.5759574365802,497.0124816894531,425.3090473386144,322.59076,335.2339
2013-12-22 23:50:00+0100,5059,353.7261173725128,298.5262738764286,463.43187642097473,499.6375518739224,360.7812302916106,298.83716,306.3944
2013-12-16 00:00:00+0100,5259,232.1898733973503,252.5377538204193,957.7267332775518,276.07936653494835,284.49977792760967,247.52332,276.29773
2013-12-16 00:10:00+0100,5259,246.45063950121403,232.1898733973503,1134.3608375070617,245.93453212082383,263.5647900666483,221.60046,257.2959
2013-12-16 00:20:00+0100,5259,214.6365833878517,246.45063950121403,1129.5073090223595,226.8570904508233,270.5427171049615,223.12683,247.922
2013-12-16 00:30:00+0100,5259,219.907020047307,214.6365833878517,1247.914067124948,231.07927924394608,255.5744164075007,200.95923,225.2876
2013-12-16 00:40:00+0100,5259,268.13088023662567,219.907020047307,1277.8326485389844,236.20422042161223,237.4578006140742,199.46143,228.76892
2013-12-16 00:50:00+0100,5259,221.68804675340647,268.13088023662567,1365.870182275772,176.40647549927235,279.00632219633565,235.89746,238.26733
2013-12-16 01:00:00+0100,5259,222.30825805664065,221.68804675340647,1628.2661450318992,213.44171142578125,266.79782611553253,216.32666,234.33081
2013-12-16 01:10:00+0100,5259,211.72433149814609,222.30825805664065,1455.8025737404823,208.62810516357425,255.98097984002777,213.66223,252.20251
2013-12-16 01:20:00+0100,5259,228.3670973777771,211.72433149814609,1502.3126508025452,341.95608804374933,266.4425939531651,205.84119,221.73962
2013-12-16 01:30:00+0100,5259,209.0835127830505,228.3670973777771,1743.5912155490369,349.9485980719328,250.18628983311467,215.69604,232.3346
2013-12-16 01:40:00+0100,5259,192.9137420654297,209.0835127830505,1844.5757019743323,244.3929727524519,221.27127834945395,205.0741,228.78174
2013-12-16 01:50:00+0100,5259,192.76500990986824,192.9137420654297,1706.7007879372686,172.3614009320736,223.87934431977132,190.50269,225.7898
2013-12-16 02:00:00+0100,5259,206.9730772525072,192.76500990986824,1746.525869037025,219.67459106445312,213.11861297468084,185.60986,215.37305
2013-12-16 02:10:00+0100,5259,234.1046600341797,206.9730772525072,1646.862795281224,205.72729151695967,204.8647762061106,194.08582,221.83679
2013-12-16 02:20:00+0100,5259,206.4286241531372,234.1046600341797,1613.2202266156671,150.59214782714844,228.9869388317232,217.20752,225.68188
2013-12-16 02:30:00+0100,5259,206.3252858519554,206.4286241531372,1639.2960657356307,187.8772735595703,224.95804912949723,205.83752,224.67688
2013-12-16 02:40:00+0100,5259,195.28281104564667,206.3252858519554,1669.6033935546875,191.4199981689453,216.20858190240293,203.75879,219.84973
2013-12-16 02:50:00+0100,5259,187.5159149169922,195.28281104564667,1530.8673095703125,149.0055694580078,191.16612413713273,194.92249,186.81384
2013-12-16 03:00:00+0100,5259,169.92991289496422,187.5159149169922,1597.0030635297298,184.53839111328125,200.90528951785808,185.81848,178.15112
2013-12-16 03:10:00+0100,5259,193.78353881835935,169.92991289496422,1529.9921875,205.91734313964844,153.0904256631643,169.26672,168.01501
2013-12-16 03:20:00+0100,5259,169.87399291992188,193.78353881835935,1255.3953857421875,165.02661971747875,166.43801586927435,180.79395,165.41626
2013-12-16 03:30:00+0100,5259,167.73362731933594,169.87399291992188,1241.6431884765625,165.94577026367188,185.631416116862,166.65942,150.35535
2013-12-16 03:40:00+0100,5259,196.84103393554688,167.73362731933594,1205.567626953125,183.06829833984372,170.43518253258932,161.19153,158.37585
2013-12-16 03:50:00+0100,5259,163.31661421060562,196.84103393554688,1061.0590133443477,168.22723388671875,177.8296972244432,180.89978,148.0575
2013-12-16 04:00:00+0100,5259,164.88987731933594,163.31661421060562,935.5220545232296,163.9412841796875,162.4807875658987,163.14221,151.08777
2013-12-16 04:10:00+0100,5259,213.83914184570312,164.88987731933594,910.7272970676422,190.2075958251953,158.0770427449546,159.62585,159.83667
2013-12-16 04:20:00+0100,5259,168.6627197265625,213.83914184570312,852.828068614006,164.97760009765625,190.4743523670125,194.24902,154.27649
2013-12-16 04:30:00+0100,5259,166.918516471982,168.6627197265625,814.0933609008789,161.67196655273438,173.9551602577345,172.63513,160.54724
2013-12-16 04:40:00+0100,5259,187.4583740234375,166.918516471982,714.8816528320312,183.61080932617188,166.65188375595818,165.79541,170.11682
2013-12-16 04:50:00+0100,5259,171.63751220703125,187.4583740234375,592.0689940005541,146.172607421875,178.65637329013026,178.10779,138.97827
2013-12-16 05:00:00+0100,5259,169.25965881347656,171.63751220703125,570.1552734375,163.2109832763672,176.79790104515072,169.86243,147.3153
2013-12-16 05:10:00+0100,5259,178.0041188597679,169.25965881347656,394.2449658811093,198.7188873291016,158.45165442826737,165.76904,157.6947
2013-12-16 05:20:00+0100,5259,168.92126166820526,178.0041188597679,274.626953125,161.78713989257812,170.83496910118888,170.69324,145.20654
2013-12-16 05:30:00+0100,5259,171.16242012381554,168.92126166820526,243.2546539306641,182.7754114121199,176.230264085667,165.45105,145.71985
2013-12-16 05:40:00+0100,5259,205.2234344482422,171.16242012381554,240.17556762695312,179.76598358154297,176.75870981437004,165.60999,161.16089
2013-12-16 05:50:00+0100,5259,189.87571716308597,205.2234344482422,213.4386032819748,189.95083618164065,198.38320669852155,190.70117,160.8949
2013-12-16 06:00:00+0100,5259,199.5276606976986,189.87571716308597,206.1868438720703,200.4022521972656,197.61946788501393,187.9961,166.51733
2013-12-16 06:10:00+0100,5259,182.89712524414065,199.5276606976986,213.62037034332752,191.1820526123047,209.4726510833404,195.49182,199.09802
2013-12-16 06:20:00+0100,5259,229.88230764865875,182.89712524414065,220.3898468017578,205.05428586527705,206.73550267842216,185.88599,176.63647
2013-12-16 06:30:00+0100,5259,194.64495903253555,229.88230764865875,263.1749801412225,243.02532958984372,237.29323946002512,217.28833,198.09021
2013-12-16 06:40:00+0100,5259,224.58917236328125,194.64495903253555,252.20763002336025,275.2578217983246,209.56876685056568,201.07251,200.19336
2013-12-16 06:50:00+0100,5259,237.17327880859372,224.58917236328125,241.4323272705078,240.7444610595703,233.6789473511209,218.76587,226.71179
2013-12-16 07:00:00+0100,5259,303.32067246735096,237.17327880859372,302.5989246368408,290.91450214385986,253.1431335293655,233.39404,214.95154
2013-12-16 07:10:00+0100,5259,308.52095955610275,303.32067246735096,264.2826886177063,344.0556669011712,299.960269827837,287.88757,282.52527
2013-12-16 07:20:00+0100,5259,344.4099810123444,308.52095955610275,218.8335876464844,395.5449781194329,334.6166822638445,311.08643,314.86743
2013-12-16 07:30:00+0100,5259,428.8805048791692,344.4099810123444,234.3765690922737,489.762255012989,377.69125038199377,349.02667,368.721
2013-12-16 07:40:00+0100,5259,472.6700496226549,428.8805048791692,214.09871459007263,523.511317923665,431.5251765020824,427.88885,446.60358
2013-12-16 07:50:00+0100,5259,609.25580530148,472.6700496226549,223.05412769317627,586.6675438163802,495.421943523155,490.20874,501.2721
2013-12-16 08:00:00+0100,5259,728.3173217773438,609.25580530148,224.95204446464777,731.9735717773438,624.4974117037029,622.6554,649.60706
2013-12-16 08:10:00+0100,5259,860.0230610668659,728.3173217773438,240.8789108991623,873.1800018846989,745.8015190117012,766.87274,779.9137
2013-12-16 08:20:00+0100,5259,1125.8514449596405,860.0230610668659,253.7721924185753,981.8955688476562,888.1973551869786,932.5936,985.4606
2013-12-16 08:30:00+0100,5259,1168.1612626463177,1125.8514449596405,260.2268464565277,1163.3973657041788,1129.7667093742605,1218.6613,1303.8398
2013-12-16 08:40:00+0100,5259,1387.1549995020032,1168.1612626463177,272.85060672741383,1381.540281268768,1272.9477941667064,1368.3922,1467.5737
2013-12-16 08:50:00+0100,5259,1756.5063961558044,1387.1549995020032,264.0875096283853,1767.5266156047585,1464.550823130124,1626.6875,1696.8838
2013-12-16 09:00:00+0100,5259,2052.4332910533994,1756.5063961558044,310.0061668632552,1991.628114691004,1749.5524343107077,1995.068,2006.0084
2013-12-16 09:10:00+0100,5259,2183.59622938931,2052.4332910533994,267.56319403648376,2270.6963180974126,2055.634232615699,2268.4126,2209.018
2013-12-16 09:20:00+0100,5259,2043.3542219400408,2183.59622938931,275.0236298441887,2436.950043248944,2240.056873118208,2379.7944,2340.4248
2013-12-16 09:30:00+0100,5259,2211.980926789344,2043.3542219400408,284.07871456444263,2475.4376901891083,2255.754738148678,2308.4277,2330.3875
2013-12-16 09:40:00+0100,5259,2340.459575032816,2211.980926789344,301.4908053986728,2788.912519599311,2307.755173308954,2421.335,2408.6074
2013-12-16 09:50:00+0100,5259,2499.44015782699,2340.459575032816,383.1866394653917,2681.910516113043,2294.958819260806,2517.6943,2455.5708
2013-12-16 10:00:00+0100,5259,2422.3498789295554,2499.44015782699,374.5168108046055,2658.6779736606404,2455.056864190118,2624.357,2552.6787
2013-12-16 10:10:00+0100,5259,2569.779844105244,2422.3498789295554,403.2712383270264,2825.1472346931696,2482.770664234745,2606.514,2554.3682
2013-12-16 10:20:00+0100,5259,2579.7613076865678,2569.779844105244,325.87304659187794,2854.311122914776,2588.36126448811,2708.0986,2650.7456
2013-12-16 10:30:00+0100,5259,2654.053870379925,2579.7613076865678,373.0206205276773,2969.6309945359826,2601.511322531176,2762.6162,2684.1304
2013-12-16 10:40:00+0100,5259,2848.723632059992,2654.053870379925,421.3176275184378,2935.675541102886,2662.6266320790273,2823.5886,2767.577
2013-12-16 10:50:00+0100,5259,2786.207359604537,2848.723632059992,408.5028627961874,3031.4636017605662,2807.836881234473,2922.6902,2833.6367
2013-12-16 11:00:00+0100,5259,2861.64577819407,2786.207359604537,397.17484221979976,3144.1889137132093,2827.6565305420972,2912.155,2847.1978
2013-12-16 11:10:00+0100,5259,2811.42693365179,2861.64577819407,385.791742330417,3214.7362336246297,2863.2682701528984,2933.3025,2902.454
2013-12-16 11:20:00+0100,5259,2873.90280656144,2811.42693365179,384.0332568790764,3120.8092016531155,2826.455702970593,2910.3389,2902.981
2013-12-16 11:30:00+0100,5259,2930.7629569275305,2873.90280656144,437.6118837473914,3138.472011646256,2859.8541935607855,2925.6648,2943.3481
2013-12-16 11:40:00+0100,5259,3040.111943423748,2930.7629569275305,468.2718291096389,3048.484063380398,2904.736503634873,2956.764,2978.0273
2013-12-16 11:50:00+0100,5259,3118.5769910393283,3040.111943423748,460.2287787599489,3230.460554149002,3006.3609529344317,3022.8057,3043.5796
2013-12-16 12:00:00+0100,5259,2854.662327923812,3118.5769910393283,461.2698522806168,3164.476971209049,3106.102956349492,3094.833,3114.9907
2013-12-16 12:10:00+0100,5259,2981.666525013745,2854.662327923812,452.1032290458679,3393.2016697973013,2963.264733539304,3021.7778,3093.2798
2013-12-16 12:20:00+0100,5259,3125.8437718478963,2981.666525013745,521.82032600604,3336.7928215116262,2983.4404256240996,3066.25,3162.7097
2013-12-16 12:30:00+0100,5259,3391.4088411061093,3125.8437718478963,455.2435113545507,3409.247248913161,3099.3252213003393,3168.2144,3255.9233
2013-12-16 12:40:00+0100,5259,3522.3501784857363,3391.4088411061093,515.8655534442514,3823.864785298705,3306.3191623938174,3350.1025,3435.0154
2013-12-16 12:50:00+0100,5259,3438.226276311092,3522.3501784857363,524.9861258417368,3724.267634519376,3465.7965642725476,3502.7412,3517.1792
2013-12-16 13:00:00+0100,5259,3530.887106433511,3438.226276311092,568.1585626807064,3743.408983139321,3534.890959026814,3542.2483,3566.0151
2013-12-16 13:10:00+0100,5259,3249.535746778361,3530.887106433511,545.4894560631365,3872.895539984107,3544.5220134579267,3589.0022,3627.0923
2013-12-16 13:20:00+0100,5259,3270.1115244505927,3249.535746778361,521.9415884418413,3649.311380162835,3343.038705051522,3479.5757,3547.554
2013-12-16 13:30:00+0100,5259,3355.132573443465,3270.1115244505927,584.4990066941828,3863.2632060498,3303.2412660337673,3423.9294,3506.6313
2013-12-16 13:40:00+0100,5259,3163.860060627572,3355.132573443465,544.5050895987079,3894.020905795507,3240.1044992498514,3418.0327,3464.5212
2013-12-16 13:50:00+0100,5259,3426.361459271051,3163.860060627572,576.538045684807,3508.3251386052,3128.775437087132,3314.8462,3383.006
2013-12-16 14:00:00+0100,5259,3390.732764890417,3426.361459271051,608.8552237972617,3526.2967679426074,3332.584922177423,3356.776,3397.2566
2013-12-16 14:10:00+0100,5259,3217.6747249513865,3390.732764890417,574.1188851296902,3614.6162536200136,3338.0259557878276,3349.0005,3372.104
2013-12-16 14:20:00+0100,5259,3293.299827816896,3217.6747249513865,597.5659903315827,3404.419226571917,3232.9871324712108,3269.2117,3301.1753
2013-12-16 14:30:00+0100,5259,3250.97479898762,3293.299827816896,545.3737309835851,3273.330965571105,3224.319448011878,3252.686,3272.839
2013-12-16 14:40:00+0100,5259,2988.6756616830826,3250.97479898762,583.5854285433888,3082.779357485473,3197.0329425263617,3223.29,3224.444
2013-12-16 14:50:00+0100,5259,2891.0245148539543,2988.6756616830826,579.256310865283,3062.0459906337783,3044.4071489948756,3095.6753,3151.5125
2013-12-16 15:00:00+0100,5259,2885.945156587288,2891.0245148539543,614.3338115019724,3186.2708692280576,2895.671776879265,2975.8599,3069.4287
2013-12-16 15:10:00+0100,5259,3058.1343579199165,2885.945156587288,660.3100777864456,3026.7527933698148,2831.588636491155,2901.026,3020.726
2013-12-16 15:20:00+0100,5259,2785.339447300881,3058.1343579199165,630.1402148753405,3134.234897824936,2941.5589629553588,2933.2075,3055.0137
2013-12-16 15:30:00+0100,5259,3014.155528329313,2785.339447300881,688.5080226538703,3156.0156109957024,2804.488389263569,2835.1514,2993.1326
2013-12-16 15:40:00+0100,5259,2961.349387381226,3014.155528329313,669.7483560023829,3131.0845894366503,2940.7734419541084,2869.6094,3023.3865
2013-12-16 15:50:00+0100,5259,2770.282869707793,2961.349387381226,756.3937603160739,3036.976551118307,2929.59279475656,2868.331,3003.6577
2013-12-16 16:00:00+0100,5259,2893.541483023204,2770.282869707793,651.9961198223755,3062.714317113161,2826.197441170772,2780.2031,2959.044
2013-12-16 16:10:00+0100,5259,3021.9102264875546,2893.541483023204,682.1540401652455,3103.105963125825,2840.273704102921,2770.0303,2952.8745
2013-12-16 16:20:00+0100,5259,3028.218498572707,3021.9102264875546,642.4847436957061,3020.990523196757,2943.8468156324952,2820.363,2965.7378
2013-12-16 16:30:00+0100,5259,3020.5500263003632,3028.218498572707,780.3022797880694,3159.5352978957817,2997.559435279648,2859.7354,2976.6587
2013-12-16 16:40:00+0100,5259,2886.455675467849,3020.5500263003632,733.3014641562477,2995.2490201592445,3044.332394864896,2881.4983,2994.6929
2013-12-16 16:50:00+0100,5259,2971.204830363393,2886.455675467849,663.2268812637776,3248.5043245879933,2936.924268258753,2834.2402,2942.3008
2013-12-16 17:00:00+0100,5259,2918.5885211080317,2971.204830363393,705.7347487360239,3000.529914307408,2901.1853342327195,2835.233,2961.6138
2013-12-16 17:10:00+0100,5259,2771.4988753478974,2918.5885211080317,798.0473781228065,2873.736835366115,2856.9758459743007,2813.8423,2926.7185
2013-12-16 17:20:00+0100,5259,2934.1198290660977,2771.4988753478974,650.0516304448247,2749.423418371007,2762.038434286901,2733.9434,2866.2205
2013-12-16 17:30:00+0100,5259,2954.751516073942,2934.1198290660977,698.8134564161301,2749.505145467818,2878.4046265654274,2752.5117,2868.08
2013-12-16 17:40:00+0100,5259,2941.668399898336,2954.751516073942,645.9125882834196,2881.826539181173,2916.6486298041154,2779.6152,2851.2769
2013-12-16 17:50:00+0100,5259,2747.211136242375,2941.668399898336,818.2466655727476,2945.4989051548764,2921.9153709919333,2795.338,2809.6978
2013-12-16 18:00:00+0100,5259,2658.7869445607066,2747.211136242375,638.7757386937737,2983.1671626549214,2751.0353017571074,2718.0068,2748.898
2013-12-16 18:10:00+0100,5259,2650.058491267264,2658.7869445607066,683.1794547047466,2645.01404294651,2664.0317207715407,2619.637,2664.605
2013-12-16 18:20:00+0100,5259,2317.724987752736,2650.058491267264,632.77072035335,2781.809704515152,2579.319558375443,2548.385,2580.3447
2013-12-16 18:30:00+0100,5259,2560.468268156052,2317.724987752736,644.2330415248871,2494.260846375488,2281.3682684387077,2348.7769,2389.2852
2013-12-16 18:40:00+0100,5259,2174.4464069111277,2560.468268156052,650.6837803898379,2094.7830565599725,2380.7740070714117,2330.7698,2367.9438
2013-12-16 18:50:00+0100,5259,2060.1048138318583,2174.4464069111277,616.4275977127254,2029.7943860143423,2189.4702791321492,2157.622,2155.8716
2013-12-16 19:00:00+0100,5259,2025.345215536654,2060.1048138318583,640.2411038978025,2030.272421201691,2051.0893136482496,1995.1729,2042.2802
2013-12-16 19:10:00+0100,5259,1840.870976629667,2025.345215536654,659.4586179358885,1825.4419599203395,1925.6324800709738,1888.4948,1952.0532
2013-12-16 19:20:00+0100,5259,1864.1747799515724,1840.870976629667,565.1807717131451,1704.1217353343964,1782.8665744529367,1759.8655,1781.843
2013-12-16 19:30:00+0100,5259,1815.9196358025076,1864.1747799515724,529.3002015128732,1528.3424733504653,1762.7809892318178,1709.9187,1742.6826
2013-12-16 19:40:00+0100,5259,1556.1769966632128,1815.9196358025076,547.7617338076234,1483.5333083104342,1756.375438416941,1680.7926,1660.5306
2013-12-16 19:50:00+0100,5259,1483.8279961226508,1556.1769966632128,470.55847942177206,1483.4306469438598,1549.5241966379253,1556.6036,1504.8596
2013-12-16 20:00:00+0100,5259,1350.4185819709674,1483.8279961226508,434.2098797438666,1221.8053096234798,1452.6089767337717,1449.0599,1461.5895
2013-12-16 20:10:00+0100,5259,1286.6215242221951,1350.4185819709674,452.1059746174142,1334.307552345097,1337.8405030701772,1330.7325,1322.4739
2013-12-16 20:20:00+0100,5259,1215.8220861256125,1286.6215242221951,438.89739813189954,1260.2170243561268,1233.6999725258531,1242.5704,1268.6163
2013-12-16 20:30:00+0100,5259,1162.7462339624765,1215.8220861256125,382.8554359180853,1206.8630423750728,1176.776859000407,1171.2214,1191.6753
2013-12-16 20:40:00+0100,5259,1167.4231075076386,1162.7462339624765,413.78156645875424,1146.9244706481695,1153.0174677102457,1116.1166,1146.3511
2013-12-16 20:50:00+0100,5259,962.301376014948,1167.4231075076386,382.254664696753,1149.487128213048,1121.1379511574723,1098.5183,1124.1132
2013-12-16 21:00:00+0100,5259,951.8954615471883,962.301376014948,385.3298591999337,1049.007211434655,972.7563414447047,982.1235,1024.6409
2013-12-16 21:10:00+0100,5259,927.2463260293008,951.8954615471883,400.9537355154753,900.2009464744478,932.8346233647331,916.01587,974.9021
2013-12-16 21:20:00+0100,5259,875.9510571956635,927.2463260293008,363.7834879010916,871.7657723426819,904.26430292498,876.3295,897.11523
2013-12-16 21:30:00+0100,5259,853.0675205690786,875.9510571956635,383.6260601654649,921.2236377103254,873.9819642468394,835.074,890.44946
2013-12-16 21:40:00+0100,5259,817.6552043929696,853.0675205690786,384.9312411332503,896.5796229541302,835.3749095436651,808.6521,855.9441
2013-12-16 21:50:00+0100,5259,764.6574218450114,817.6552043929696,399.5326794981957,817.8084808886051,806.7836124880603,780.92096,815.3595
2013-12-16 22:00:00+0100,5259,819.1555469036102,764.6574218450114,403.2884575454518,795.5941382348537,768.8914372417696,740.6488,788.47174
2013-12-16 22:10:00+0100,5259,746.0706490129232,819.1555469036102,367.3488396508619,838.5775161385536,780.0492378894292,764.81085,790.43506
2013-12-16 22:20:00+0100,5259,672.6377309709787,746.0706490129232,330.2740032374859,798.9357804358006,731.1833608141635,732.1003,752.64886
2013-12-16 22:30:00+0100,5259,686.47490029037,672.6377309709787,340.20810512267053,725.1203110218048,697.5582541023047,674.5637,719.31384
2013-12-16 22:40:00+0100,5259,691.576877117157,686.47490029037,359.22537560854107,769.7224115654826,683.1123309452213,664.7976,709.24915
2013-12-16 22:50:00+0100,5259,721.8353865751997,691.576877117157,403.9897912442684,701.9041386842728,668.2312962485452,667.1631,687.8211
2013-12-16 23:00:00+0100,5259,670.4378991127014,721.8353865751997,329.9343264726922,668.1357250884175,693.8724186377742,692.7051,691.66376
2013-12-16 23:10:00+0100,5259,651.5783624202013,670.4378991127014,344.0484482133761,726.3212204277515,666.1382102292705,670.1283,679.80206
2013-12-16 23:20:00+0100,5259,609.92938567698,651.5783624202013,329.4347664443776,673.2275164574385,660.6425810261236,652.08765,659.3724
2013-12-16 23:30:00+0100,5259,588.9925002455711,609.92938567698,298.965388417244,752.7184193506837,646.6110545203575,616.9105,631.72064
2013-12-16 23:40:00+0100,5259,525.4099173201248,588.9925002455711,283.50646214187145,867.2728345990181,578.7657308950279,589.4627,609.5691
2013-12-16 23:50:00+0100,5259,516.773448780179,525.4099173201248,252.5377538204193,619.886637493968,511.5318981413343,534.11926,543.57117
2013-12-17 00:00:00+0100,5259,467.06072006747127,516.773448780179,232.1898733973503,644.2114577293396,539.16366298546,508.14,528.99
2013-12-17 00:10:00+0100,5259,495.03103432804346,467.06072006747127,246.45063950121403,661.1390345096588,480.79966470520594,463.35614,465.4065
2013-12-17 00:20:00+0100,5259,440.1905860900879,495.03103432804346,214.6365833878517,591.2548449635506,472.72111037040673,467.42834,469.42493
2013-12-17 00:30:00+0100,5259,458.8445209786296,440.1905860900879,219.907020047307,540.8105449676514,462.9184850217363,430.95575,435.54407
2013-12-17 00:40:00+0100,5259,489.7942514419556,458.8445209786296,268.13088023662567,601.8875579610467,465.26582559841705,432.58612,450.22595
2013-12-17 00:50:00+0100,5259,408.4987196996808,489.7942514419556,221.68804675340647,534.221263336949,488.9692530864686,454.65173,444.3396
2013-12-17 01:00:00+0100,5259,388.2889404296875,408.4987196996808,222.30825805664065,541.0835280418396,444.3639796693584,407.1007,421.91638
2013-12-17 01:10:00+0100,5259,415.6460266113281,388.2889404296875,211.72433149814609,536.3008264303207,383.2018083064422,377.4178,409.04724
2013-12-17 01:20:00+0100,5259,387.5083881914616,415.6460266113281,228.3670973777771,433.9078312516213,411.6752705397266,383.93286,386.03516
2013-12-17 01:30:00+0100,5259,314.92847518622875,387.5083881914616,209.0835127830505,418.3687799423933,412.0916641444761,365.21564,385.79926
2013-12-17 01:40:00+0100,5259,360.4595816731453,314.92847518622875,192.9137420654297,460.4585876464844,333.7725368602852,308.24622,346.5658
2013-12-17 01:50:00+0100,5259,302.2349548339844,360.4595816731453,192.76500990986824,398.83795166015625,336.73900107375084,319.125,341.24414
2013-12-17 02:00:00+0100,5259,288.7283834479749,302.2349548339844,206.9730772525072,398.1834106445313,312.41600057975387,280.64478,307.70166
2013-12-17 02:10:00+0100,5259,350.71537432074547,288.7283834479749,234.1046600341797,422.07728511095047,286.35428555719204,258.4862,309.45544
2013-12-17 02:20:00+0100,5259,315.4391784667969,350.71537432074547,206.4286241531372,398.2467956542969,326.349854779227,294.62445,287.5122
2013-12-17 02:30:00+0100,5259,325.1870076209307,315.4391784667969,206.3252858519554,421.9188780337572,329.52815120272817,284.18835,296.44666
2013-12-17 02:40:00+0100,5259,376.6316223144531,325.1870076209307,195.28281104564667,428.8296689093113,320.25907525233265,291.79962,324.52606
2013-12-17 02:50:00+0100,5259,344.88116455078125,376.6316223144531,187.5159149169922,385.661248639226,356.38951385424224,334.7497,316.29956
2013-12-17 03:00:00+0100,5259,306.3180950693786,344.88116455078125,169.92991289496422,410.0279783755541,369.3974180486702,330.4709,330.4071
2013-12-17 03:10:00+0100,5259,379.1304626464844,306.3180950693786,193.78353881835935,477.5661399513483,303.57477541992046,305.47052,331.4215
2013-12-17 03:20:00+0100,5259,325.1787386313081,379.1304626464844,169.87399291992188,357.638198196888,328.6658938762176,352.61102,335.20258
2013-12-17 03:30:00+0100,5259,319.287109375,325.1787386313081,167.73362731933594,367.98382568359375,346.8899917656785,329.09564,316.5177
2013-12-17 03:40:00+0100,5259,333.0001573562622,319.287109375,196.84103393554688,467.1860046386719,321.6578157610871,319.4574,343.41705
2013-12-17 03:50:00+0100,5259,284.91956996917725,333.0001573562622,163.31661421060562,382.3274536132813,300.699409369886,326.49005,313.96594
2013-12-17 04:00:00+0100,5259,282.09208188578486,284.91956996917725,164.88987731933594,364.3738340884447,297.3890760563753,292.40656,307.96783
2013-12-17 04:10:00+0100,5259,316.85693590622395,282.09208188578486,213.83914184570312,419.83233926445246,285.7246652892827,278.9348,307.88202
2013-12-17 04:20:00+0100,5259,279.53865952789783,316.85693590622395,168.6627197265625,373.2426494061947,291.78990866558445,299.117,286.52356
2013-12-17 04:30:00+0100,5259,316.0895690917969,279.53865952789783,166.918516471982,377.1129684448242,285.6664282172309,277.93958,279.45825
2013-12-17 04:40:00+0100,5259,313.3697232976556,316.0895690917969,187.4583740234375,409.1054992675781,295.75579552247905,300.01648,307.05902
2013-12-17 04:50:00+0100,5259,296.68118569999933,313.3697232976556,171.63751220703125,352.6943346261978,304.2670562545184,306.20276,282.79456
2013-12-17 05:00:00+0100,5259,290.3907165527344,296.68118569999933,169.25965881347656,394.3192895054817,309.1956652248188,297.80365,301.47748
2013-12-17 05:10:00+0100,5259,339.114013671875,290.3907165527344,178.0041188597679,442.6204528808594,278.8666936315525,291.6682,299.11914
2013-12-17 05:20:00+0100,5259,308.09246906638145,339.114013671875,168.92126166820526,371.5587158203125,313.7145121118176,326.14978,300.98785
2013-12-17 05:30:00+0100,5259,294.46113285422325,308.09246906638145,171.16242012381554,394.1126549839973,326.4656873915489,314.50592,297.99597
2013-12-17 05:40:00+0100,5259,315.0318908691406,294.46113285422325,205.2234344482422,445.3772583007813,314.96567317809246,302.26898,319.22607
2013-12-17 05:50:00+0100,5259,331.9913376569748,315.0318908691406,189.87571716308597,408.0394287109375,315.7869544274038,313.48065,293.94922
2013-12-17 06:00:00+0100,5259,317.04098238423467,331.9913376569748,199.5276606976986,436.7882559671998,337.3423991172706,329.01855,308.44403
2013-12-17 06:10:00+0100,5259,330.7333958745003,317.04098238423467,182.89712524414065,462.791691660881,322.50145566109376,323.41797,319.98315
2013-12-17 06:20:00+0100,5259,338.5261011645198,330.7333958745003,229.88230764865875,374.1716965436936,338.91032785419645,332.96826,302.27032
2013-12-17 06:30:00+0100,5259,311.9849611148238,338.5261011645198,194.64495903253555,411.6898250905797,367.0277499175968,342.03925,309.66516
2013-12-17 06:40:00+0100,5259,377.24459582567215,311.9849611148238,224.58917236328125,554.0080102086067,332.75722736119593,325.2594,332.30817
2013-12-17 06:50:00+0100,5259,364.6079711914063,377.24459582567215,237.17327880859372,422.6603116765618,373.0830027918692,369.30878,369.84845
2013-12-17 07:00:00+0100,5259,463.9998051188886,364.6079711914063,303.32067246735096,521.6469172984362,402.3891140943047,373.78424,370.09247
2013-12-17 07:10:00+0100,5259,515.559562176466,463.9998051188886,308.52095955610275,610.3410415649414,455.03918700255406,453.45685,479.38416
2013-12-17 07:20:00+0100,5259,516.2354393750429,515.559562176466,344.4099810123444,605.9804562628269,525.3185586074611,522.00946,520.94275
2013-12-17 07:30:00+0100,5259,538.0558728575706,516.2354393750429,428.8805048791692,710.8078594310209,563.3118247352955,552.2084,603.2318
2013-12-17 07:40:00+0100,5259,723.585227817297,538.0558728575706,472.6700496226549,720.6790741086006,581.7868449446499,586.64417,676.0617
2013-12-17 07:50:00+0100,5259,763.5819010138512,723.585227817297,609.25580530148,789.7491726204753,718.8414526802161,748.1693,803.8915
2013-12-17 08:00:00+0100,5259,728.244432669133,763.5819010138512,728.3173217773438,841.2559204101562,794.3964303659848,838.42163,903.91736
2013-12-17 08:10:00+0100,5259,929.1892895177008,728.244432669133,860.0230610668659,956.5063717514277,849.5464936886224,856.7676,962.0542
2013-12-17 08:20:00+0100,5259,1197.8625073432922,929.1892895177008,1125.8514449596405,1218.9791338145733,990.8101766986396,1040.4412,1144.0828
2013-12-17 08:30:00+0100,5259,1237.7401456013322,1197.8625073432922,1168.1612626463177,1382.5033714398742,1207.198524180249,1324.1672,1371.5887
2013-12-17 08:40:00+0100,5259,1657.8984352052212,1237.7401456013322,1387.1549995020032,1705.925523000769,1356.1148341121525,1458.4083,1552.3627
2013-12-17 08:50:00+0100,5259,1860.2917510941625,1657.8984352052212,1756.5063961558044,1912.6587589969856,1716.9456014881844,1849.8965,1904.2363
2013-12-17 09:00:00+0100,5259,2083.86042491626,1860.2917510941625,2052.4332910533994,2249.3952861037105,1944.9965492463318,2086.2664,2073.9084
2013-12-17 09:10:00+0100,5259,2054.594292446971,2083.86042491626,2183.59622938931,2400.356522217393,2149.1457399332376,2273.6548,2284.9915
2013-12-17 09:20:00+0100,5259,2340.448866505176,2054.594292446971,2043.3542219400408,2539.6400819746777,2211.335197804435,2280.6785,2302.996
2013-12-17 09:30:00+0100,5259,2494.3693412840366,2340.448866505176,2211.980926789344,2770.3181484639645,2441.9647667107156,2478.4263,2472.9126
2013-12-17 09:40:00+0100,5259,2697.0933077409863,2494.3693412840366,2340.459575032816,3009.702022555284,2523.7931173801458,2605.563,2570.0508
2013-12-17 09:50:00+0100,5259,2653.805015742779,2697.0933077409863,2499.44015782699,2820.3382450509816,2718.491305069849,2747.7485,2709.8496
2013-12-17 10:00:00+0100,5259,2913.426723721437,2653.805015742779,2422.3498789295554,3073.120014846325,2766.0279959329055,2768.049,2726.14
2013-12-17 10:10:00+0100,5259,2943.049224331975,2913.426723721437,2569.779844105244,3108.157222976908,2907.626994846115,2940.3188,2871.7295
2013-12-17 10:20:00+0100,5259,2912.691763855517,2943.049224331975,2579.7613076865678,2928.0943882642314,2958.341771763791,3021.529,2919.5474
2013-12-17 10:30:00+0100,5259,2882.791945964098,2912.691763855517,2654.053870379925,3088.0490558771417,3030.449852089527,3039.9941,2980.4663
2013-12-17 10:40:00+0100,5259,2897.9875911176205,2882.791945964098,2848.723632059992,3266.7994550466537,2955.0041911628473,3024.3696,2999.6602
2013-12-17 10:50:00+0100,5259,3178.6436478719115,2897.9875911176205,2786.207359604537,3105.355800951831,2945.4914991639057,3014.63,2961.3586
2013-12-17 11:00:00+0100,5259,2957.539084330201,3178.6436478719115,2861.64577819407,3462.9750107256696,3115.673733432101,3124.175,3028.6636
2013-12-17 11:10:00+0100,5259,3091.182633298449,2957.539084330201,2811.42693365179,3348.682322464884,2977.4695459666555,3063.2898,3011.3638
2013-12-17 11:20:00+0100,5259,2935.685471080244,3091.182633298449,2873.90280656144,3118.58516928833,3107.122386762851,3099.486,3059.2651
2013-12-17 11:30:00+0100,5259,3038.882439136505,2935.685471080244,2930.7629569275305,3280.4570386707783,3042.5518587124047,3046.5864,3018.6533
2013-12-17 11:40:00+0100,5259,3033.9994216412306,3038.882439136505,3040.111943423748,3413.786095418036,3048.939123465929,3076.9639,3060.369
2013-12-17 11:50:00+0100,5259,3046.0049489270896,3033.9994216412306,3118.5769910393283,3309.9812072217464,2998.9600532880468,3094.7214,3052.0193
2013-12-17 12:00:00+0100,5259,3170.3352232798934,3046.0049489270896,2854.662327923812,3290.390399123542,3095.5338580315133,3120.8726,3067.8599
2013-12-17 12:10:00+0100,5259,3287.054496812634,3170.3352232798934,2981.666525013745,3776.5877232728526,3193.8836096606383,3205.2603,3168.1287
2013-12-17 12:20:00+0100,5259,3273.39796238672,3287.054496812634,3125.8437718478963,3575.1233900496736,3303.8935883876475,3314.7397,3326.7896
2013-12-17 12:30:00+0100,5259,3428.1891432851558,3273.39796238672,3391.4088411061093,3868.0183107554913,3336.259906282454,3380.4978,3406.611
2013-12-17 12:40:00+0100,5259,3300.2436722666025,3428.1891432851558,3522.3501784857363,3637.471597254276,3436.72455966798,3488.158,3511.4656
2013-12-17 12:50:00+0100,5259,3524.2599570155144,3300.2436722666025,3438.226276311092,3817.059262445197,3426.1237957244493,3480.2397,3514.2026
2013-12-17 13:00:00+0100,5259,3532.3971036076546,3524.2599570155144,3530.887106433511,4082.495528283529,3505.20891441987,3559.6536,3599.2336
2013-12-17 13:10:00+0100,5259,3420.438601105474,3532.3971036076546,3249.535746778361,3859.278829544783,3500.4322793820916,3588.596,3611.9912
2013-12-17 13:20:00+0100,5259,3283.058892437257,3420.438601105474,3270.1115244505927,3974.87082344573,3479.228964903442,3550.1724,3568.8804
2013-12-17 13:30:00+0100,5259,3427.271556928754,3283.058892437257,3355.132573443465,3688.946744263172,3350.0970873483466,3462.2769,3520.1028
2013-12-17 13:40:00+0100,5259,3333.622847681865,3427.271556928754,3163.860060627572,3805.795953619294,3418.7597151043447,3464.0037,3523.7905
2013-12-17 13:50:00+0100,5259,3423.721443336457,3333.622847681865,3426.361459271051,3894.675719313324,3356.2677692474463,3405.2441,3445.2065
2013-12-17 14:00:00+0100,5259,3479.5239482251927,3423.721443336457,3390.732764890417,3811.008498944342,3363.290219461428,3391.3774,3426.1755
2013-12-17 14:10:00+0100,5259,3253.946312442422,3479.5239482251927,3217.6747249513865,3629.1330721341074,3435.7841243012144,3389.6147,3383.5547
2013-12-17 14:20:00+0100,5259,3157.2213119864464,3253.946312442422,3293.299827816896,3697.1532442113385,3312.5517733673196,3298.0151,3310.9302
2013-12-17 14:30:00+0100,5259,3336.72277097404,3157.2213119864464,3250.97479898762,3382.675306114368,3178.3994450828213,3206.4927,3234.8354
2013-12-17 14:40:00+0100,5259,3390.992039002478,3336.72277097404,2988.6756616830826,3475.0175172416493,3237.954484098306,3226.813,3227.629
2013-12-17 14:50:00+0100,5259,3404.9239939451218,3390.992039002478,2891.0245148539543,3332.1655330639333,3300.227462838571,3263.089,3226.8018
2013-12-17 15:00:00+0100,5259,3288.246212835424,3404.9239939451218,2885.945156587288,3371.7673185998574,3402.7291622155594,3290.8442,3240.1982
2013-12-17 15:10:00+0100,5259,3316.800124958157,3288.246212835424,3058.1343579199165,3388.5875236522406,3350.700232146906,3259.789,3233.5322
2013-12-17 15:20:00+0100,5259,3067.6776803582907,3316.800124958157,2785.339447300881,3393.7190108206123,3298.5935282339815,3249.8625,3238.4
2013-12-17 15:30:00+0100,5259,3504.392369007692,3067.6776803582907,3014.155528329313,3186.845577307977,3127.5448275673616,3141.9902,3191.188
2013-12-17 15:40:00+0100,5259,3546.8486301312223,3504.392369007692,2961.349387381226,3201.104206070304,3351.6875538526156,3253.4277,3260.6995
2013-12-17 15:50:00+0100,5259,3474.9420463703573,3546.8486301312223,2770.282869707793,3245.4644953534007,3449.610023846324,3337.2183,3285.5693
2013-12-17 16:00:00+0100,5259,3474.567512962036,3474.9420463703573,2893.541483023204,3246.5746651366358,3526.319438308853,3358.7234,3335.7695
2013-12-17 16:10:00+0100,5259,3764.5301080346103,3474.567512962036,3021.9102264875546,3324.013377591968,3493.4723358070855,3366.0962,3341.194
2013-12-17 16:20:00+0100,5259,3574.870970925316,3764.5301080346103,3028.218498572707,3021.1974561000243,3647.478357008764,3471.384,3396.335
2013-12-17 16:30:00+0100,5259,3395.23783236742,3574.870970925316,3020.5500263003632,3019.6475586174056,3605.0374128386575,3462.3901,3389.4382
2013-12-17 16:40:00+0100,5259,3378.86273138877,3395.23783236742,2886.455675467849,3190.8296372666955,3458.1869062824157,3386.2224,3356.6616
2013-12-17 16:50:00+0100,5259,3221.694941705093,3378.86273138877,2971.204830363393,3021.987041416578,3386.148387452532,3334.4053,3319.441
2013-12-17 17:00:00+0100,5259,3290.8679655259475,3221.694941705093,2918.5885211080317,3179.283092521131,3216.787381124501,3245.054,3252.4636
2013-12-17 17:10:00+0100,5259,3329.692746482789,3290.8679655259475,2771.4988753478974,2976.749905114993,3212.536909694726,3225.755,3195.5461
2013-12-17 17:20:00+0100,5259,3222.8571706861258,3329.692746482789,2934.1198290660977,3187.883428020403,3236.3775192007547,3234.768,3164.7266
2013-12-17 17:30:00+0100,5259,3108.749491155148,3222.8571706861258,2954.751516073942,2789.05906581413,3222.6914027547955,3201.251,3125.1968
2013-12-17 17:40:00+0100,5259,2915.651640534401,3108.749491155148,2941.668399898336,3138.1567774470896,3135.340078404918,3136.143,3050.8015
2013-12-17 17:50:00+0100,5259,2874.3008014410734,2915.651640534401,2747.211136242375,2807.5009243991226,2895.325856323294,3015.6472,2907.8765
2013-12-17 18:00:00+0100,5259,2772.029113519005,2874.3008014410734,2658.7869445607066,2642.5994763597846,2835.1134956242527,2924.2388,2800.2227
2013-12-17 18:10:00+0100,5259,2927.0053285416216,2772.029113519005,2650.058491267264,2803.001882970333,2703.692318385843,2822.702,2693.2358
2013-12-17 18:20:00+0100,5259,2516.4592562392354,2927.0053285416216,2317.724987752736,2459.878488332033,2752.5796710757922,2827.5503,2661.6533
2013-12-17 18:30:00+0100,5259,2449.7654736042023,2516.4592562392354,2560.468268156052,2346.265500679612,2576.6387598769743,2645.3896,2486.7126
2013-12-17 18:40:00+0100,5259,2397.9624361423776,2449.7654736042023,2174.4464069111277,2350.6693090200424,2410.3048075613347,2485.483,2392.79
2013-12-17 18:50:00+0100,5259,2353.125883087516,2397.9624361423776,2060.1048138318583,2046.2083408562469,2299.966178011229,2350.6655,2296.0632
2013-12-17 19:00:00+0100,5259,2134.742219572887,2353.125883087516,2025.345215536654,1970.629873492755,2282.0510713328913,2245.4595,2220.012
2013-12-17 19:10:00+0100,5259,2112.635222129524,2134.742219572887,1840.870976629667,2018.093581396155,2118.06998886144,2085.0728,2106.347
2013-12-17 19:20:00+0100,5259,1947.9389578029516,2112.635222129524,1864.1747799515724,1925.871740212664,2053.1845207185725,1979.1217,2008.6658
2013-12-17 19:30:00+0100,5259,1829.2688189446928,1947.9389578029516,1815.9196358025076,1726.6336662396789,1913.4885396655843,1854.8126,1873.323
2013-12-17 19:40:00+0100,5259,1907.5633930936456,1829.2688189446928,1556.1769966632128,1777.6980166817084,1777.3648436380747,1739.3416,1764.9427
2013-12-17 19:50:00+0100,5259,1698.4341754317284,1907.5633930936456,1483.8279961226508,1543.2425382668152,1777.8093116208925,1721.2715,1735.1624
2013-12-17 20:00:00+0100,5259,1633.7744794413447,1698.4341754317284,1350.4185819709674,1498.7780596613884,1683.1182528834206,1639.0603,1608.988
2013-12-17 20:10:00+0100,5259,1544.136129833758,1633.7744794413447,1286.6215242221951,1489.2348945587871,1609.7728596569996,1566.7646,1566.8223
2013-12-17 20:20:00+0100,5259,1431.9977213144302,1544.136129833758,1215.8220861256125,1361.1583907511083,1491.027481976681,1490.3256,1480.3778
2013-12-17 20:30:00+0100,5259,1385.274232774973,1431.9977213144302,1162.7462339624765,1210.297254666686,1413.59590970707,1399.8363,1442.491
2013-12-17 20:40:00+0100,5259,1527.5689328117296,1385.274232774973,1167.4231075076386,1291.0726264715197,1351.196582956878,1332.221,1389.2352
2013-12-17 20:50:00+0100,5259,1436.9326860709116,1527.5689328117296,962.301376014948,1233.878429070115,1397.4711312547436,1377.6187,1427.7173
2013-12-17 21:00:00+0100,5259,1300.8354091867805,1436.9326860709116,951.8954615471883,1094.7841589450836,1401.9420582004857,1372.2556,1396.2864
2013-12-17 21:10:00+0100,5259,1182.8038777410984,1300.8354091867805,927.2463260293008,1126.534974287264,1332.1060328397566,1296.7803,1343.5454
2013-12-17 21:20:00+0100,5259,1130.9696744708344,1182.8038777410984,875.9510571956635,1064.3870955705645,1192.8356582196914,1185.016,1241.7727
2013-12-17 21:30:00+0100,5259,1155.9693612931296,1130.9696744708344,853.0675205690786,939.28355589509,1121.0701769374298,1096.312,1203.7288
2013-12-17 21:40:00+0100,5259,1180.3082861974835,1155.9693612931296,817.6552043929696,1055.847016595304,1090.0852772065405,1073.1405,1183.3533
2013-12-17 21:50:00+0100,5259,978.64116153121,1180.3082861974835,764.6574218450114,911.8819437623024,1118.8885859226,1088.1393,1140.4653
2013-12-17 22:00:00+0100,5259,988.7112612156196,978.64116153121,819.1555469036102,977.2695039734244,1034.8023427817038,984.3572,1045.9482
2013-12-17 22:10:00+0100,5259,1085.0679415045306,988.7112612156196,746.0706490129232,1018.992782729678,984.7846988249958,940.28,1028.5017
2013-12-17 22:20:00+0100,5259,1033.1767293689772,1085.0679415045306,672.6377309709787,990.0189947662876,1010.8746432217367,986.21,1019.6087
2013-12-17 22:30:00+0100,5259,944.3495428040624,1033.1767293689772,686.47490029037,940.1659124940634,1004.1573780208605,984.2522,1020.46423
2013-12-17 22:40:00+0100,5259,942.0193769708276,944.3495428040624,691.576877117157,865.2564566880465,958.3399504658883,931.1987,982.2151
2013-12-17 22:50:00+0100,5259,967.8113794624804,942.0193769708276,721.8353865751997,779.1495117545128,928.4554339936564,909.49646,946.7541
2013-12-17 23:00:00+0100,5259,1005.828939333558,967.8113794624804,670.4378991127014,696.9023013189435,924.0102843936583,921.9281,953.92303
2013-12-17 23:10:00+0100,5259,907.166055686772,1005.828939333558,651.5783624202013,730.462859749794,970.3566799630848,958.2788,977.6575
2013-12-17 23:20:00+0100,5259,756.8508104085922,907.166055686772,609.92938567698,765.4255118370056,910.3942630245376,911.1206,931.5383
2013-12-17 23:30:00+0100,5259,723.3757648617029,756.8508104085922,588.9925002455711,663.6350961728022,795.484529796598,791.74927,802.20557
2013-12-17 23:40:00+0100,5259,765.8621565103531,723.3757648617029,525.4099173201248,667.4697245983407,726.1263233857837,722.8708,772.70483
2013-12-17 23:50:00+0100,5259,716.9842198826373,765.8621565103531,516.773448780179,690.7700852006674,698.1480201486402,727.01715,771.1924
2013-12-18 00:00:00+0100,5259,661.3385062515736,716.9842198826373,467.06072006747127,559.1733692698181,682.1141860069094,698.70496,730.78516
2013-12-18 00:10:00+0100,5259,632.7722268253565,661.3385062515736,495.03103432804346,619.6597728207707,669.8032252733633,655.2907,693.09393
2013-12-18 00:20:00+0100,5259,580.1304953098297,632.7722268253565,440.1905860900879,583.0512837544084,625.0073124494983,623.3923,658.3835
2013-12-18 00:30:00+0100,5259,556.2924709320068,580.1304953098297,458.8445209786296,533.5086615979671,591.5653407315212,577.9384,610.77374
2013-12-18 00:40:00+0100,5259,602.6932014599442,556.2924709320068,489.7942514419556,569.0733788609505,557.3891317450364,547.1538,583.73267
2013-12-18 00:50:00+0100,5259,549.7470233812928,602.6932014599442,408.4987196996808,581.9292006492615,561.4963848423355,569.1045,588.20776
2013-12-18 01:00:00+0100,5259,485.12848272919655,549.7470233812928,388.2889404296875,545.354262650013,540.7718616543405,542.37915,555.8579
2013-12-18 01:10:00+0100,5259,531.8048837510869,485.12848272919655,415.6460266113281,482.7961749136448,509.36578802046745,491.42438,518.3423
2013-12-18 01:20:00+0100,5259,523.7163331760094,531.8048837510869,387.5083881914616,525.0743731483817,507.0821010386562,505.71313,527.8981
2013-12-18 01:30:00+0100,5259,457.6911662183702,523.7163331760094,314.92847518622875,425.4803710877896,492.47724870442573,504.37872,525.41504
2013-12-18 01:40:00+0100,5259,520.63671875,457.6911662183702,360.4595816731453,409.66485879570246,472.55373509796493,459.86987,501.91357
2013-12-18 01:50:00+0100,5259,493.6710104495287,520.63671875,302.2349548339844,425.3852233886719,498.56579098214354,488.3039,501.55615
2013-12-18 02:00:00+0100,5259,406.3178008198738,493.6710104495287,288.7283834479749,397.7220008596778,503.79914670114425,478.69763,491.51947
2013-12-18 02:10:00+0100,5259,450.1985168457031,406.3178008198738,350.71537432074547,483.9145133495331,444.21387610021304,415.93854,462.86975
2013-12-18 02:20:00+0100,5259,436.3538027703762,450.1985168457031,315.4391784667969,429.6882643550634,422.3989516196477,423.7782,456.5039
2013-12-18 02:30:00+0100,5259,380.0415214113891,436.3538027703762,325.1870076209307,337.4970703125,428.00983103329645,414.26575,432.18402
2013-12-18 02:40:00+0100,5259,439.2201271057129,380.0415214113891,376.6316223144531,400.18402099609375,400.23225533012163,371.7213,420.6819
2013-12-18 02:50:00+0100,5259,414.0452885180712,439.2201271057129,344.88116455078125,391.1601500064135,409.1210081029735,398.01343,409.21143
2013-12-18 03:00:00+0100,5259,377.9306342601776,414.0452885180712,306.3180950693786,326.25811767578125,414.34449885291156,388.7318,396.69135
2013-12-18 03:10:00+0100,5259,423.2730885148048,377.9306342601776,379.1304626464844,381.7139219790697,402.0440719766415,361.65515,415.27777
2013-12-18 03:20:00+0100,5259,431.6104974746704,423.2730885148048,325.1787386313081,375.2427673339844,400.4831919013586,384.9286,394.80212
2013-12-18 03:30:00+0100,5259,381.5679806284607,431.6104974746704,319.287109375,319.02669947594404,428.47444564635947,399.42065,395.81006
2013-12-18 03:40:00+0100,5259,433.53829753398895,381.5679806284607,333.0001573562622,391.6683435738087,404.77680975470173,371.19226,409.23267
2013-12-18 03:50:00+0100,5259,402.70055866241455,433.53829753398895,284.91956996917725,376.212064653635,410.90091811433354,401.44348,409.40057
2013-12-18 04:00:00+0100,5259,372.7359108924866,402.70055866241455,282.09208188578486,308.3628194928169,413.7219135386219,390.56964,387.69678
2013-12-18 04:10:00+0100,5259,415.7556418254972,372.7359108924866,316.85693590622395,372.93994140625,397.85157505418596,367.51947,402.5523
2013-12-18 04:20:00+0100,5259,406.3472874760628,415.7556418254972,279.53865952789783,383.06048583984375,391.5890304157358,392.27795,394.18445
2013-12-18 04:30:00+0100,5259,371.60526716709137,406.3472874760628,316.0895690917969,297.9553259462118,405.6933196095199,394.2303,389.91107
2013-12-18 04:40:00+0100,5259,420.7161862850189,371.60526716709137,313.3697232976556,356.9537028372288,392.2880634922936,371.57098,399.9314
2013-12-18 04:50:00+0100,5259,392.8665004968643,420.7161862850189,296.68118569999933,364.5166178643704,403.4333052603549,402.03418,393.23462
2013-12-18 05:00:00+0100,5259,370.8635984659195,392.8665004968643,290.3907165527344,312.10105431079865,403.264681324851,391.85168,376.12604
2013-12-18 05:10:00+0100,5259,419.2740017175674,370.8635984659195,339.114013671875,384.0633630082011,394.1618112211242,374.00696,403.347
2013-12-18 05:20:00+0100,5259,399.49870869517326,419.2740017175674,308.09246906638145,381.593906275928,400.61251640667217,404.84283,390.61084
2013-12-18 05:30:00+0100,5259,368.6548197828233,399.49870869517326,294.46113285422325,343.9357383698225,407.3178803070709,400.3117,382.83844
2013-12-18 05:40:00+0100,5259,424.99371936917305,368.6548197828233,315.0318908691406,395.7190551757813,395.33016611662896,377.581,395.42322
2013-12-18 05:50:00+0100,5259,428.4240329414606,424.99371936917305,331.9913376569748,398.4581604003906,409.95606774410066,412.95587,389.34406
2013-12-18 06:00:00+0100,5259,389.5139465332031,428.4240329414606,317.04098238423467,354.03496792912483,423.15118988862935,426.9942,389.70953
2013-12-18 06:10:00+0100,5259,434.35488900821656,389.5139465332031,330.7333958745003,395.1343745738268,415.20122598134316,404.62598,406.81567
2013-12-18 06:20:00+0100,5259,427.32180655002594,434.35488900821656,338.5261011645198,396.4485148489475,428.8502597529085,432.75623,404.24548
2013-12-18 06:30:00+0100,5259,394.565745215863,427.32180655002594,311.9849611148238,364.0082503929734,436.50124643172586,436.1657,384.88727
2013-12-18 06:40:00+0100,5259,496.37941205780953,394.565745215863,377.24459582567215,452.62627858668566,433.5539538332039,413.45886,419.2674
2013-12-18 06:50:00+0100,5259,473.8197365477681,496.37941205780953,364.6079711914063,492.35716795921326,482.7238397907395,483.8053,442.37683
2013-12-18 07:00:00+0100,5259,486.7012266665697,473.8197365477681,463.9998051188886,463.61293643713,502.26139866223787,489.7356,449.87042
2013-12-18 07:10:00+0100,5259,599.9542014598846,486.7012266665697,515.559562176466,555.0616534976289,518.018546110543,506.12524,531.66046
2013-12-18 07:20:00+0100,5259,525.70672891289,599.9542014598846,516.2354393750429,565.3959268182516,584.1957290015116,601.6786,586.12384
2013-12-18 07:30:00+0100,5259,586.379165392369,525.70672891289,538.0558728575706,533.3812464475632,601.7010139154585,578.87354,574.5466
2013-12-18 07:40:00+0100,5259,784.0883929906413,586.379165392369,723.585227817297,777.6621197909117,667.4553097314209,625.447,671.1524
2013-12-18 07:50:00+0100,5259,714.1670440938324,784.0883929906413,763.5819010138512,904.4889741241932,759.2481243615659,797.4982,778.9035
2013-12-18 08:00:00+0100,5259,779.424845688045,714.1670440938324,728.244432669133,812.2024254351854,783.4534501546013,805.12335,833.7144
2013-12-18 08:10:00+0100,5259,981.3813758865,779.424845688045,929.1892895177008,1016.8386460840702,905.8767347333687,876.135,985.19824
2013-12-18 08:20:00+0100,5259,1149.291074104607,981.3813758865,1197.8625073432922,1204.387268424034,1051.1395421615177,1067.7415,1142.502
2013-12-18 08:30:00+0100,5259,1348.960479274392,1149.291074104607,1237.7401456013322,1464.502261698246,1214.0055176778926,1269.9637,1361.4917
2013-12-18 08:40:00+0100,5259,1568.0529215931892,1348.960479274392,1657.8984352052212,1682.7236369997263,1483.9260652826226,1506.4001,1659.8029
2013-12-18 08:50:00+0100,5259,1768.0126196220515,1568.0529215931892,1860.2917510941625,2065.8184000477195,1692.687740337789,1757.4198,1873.1462
2013-12-18 09:00:00+0100,5259,2023.6374716637656,1768.0126196220515,2083.86042491626,2095.539216483943,1897.421787917963,1971.0538,2049.621
2013-12-18 09:10:00+0100,5259,2272.9027254534885,2023.6374716637656,2054.594292446971,2579.713857010007,2083.4561154331695,2191.5835,2271.8809
2013-12-18 09:20:00+0100,5259,2444.1503605796024,2272.9027254534885,2340.448866505176,2469.052290755324,2333.6898871577346,2396.8838,2412.1938
2013-12-18 09:30:00+0100,5259,2440.644793100655,2444.1503605796024,2494.3693412840366,2808.0853504911065,2560.6138501461164,2545.9185,2550.0332
2013-12-18 09:40:00+0100,5259,2575.3637694222853,2440.644793100655,2697.0933077409863,2834.6189005970955,2583.2603626041478,2581.9124,2619.838
2013-12-18 09:50:00+0100,5259,2680.1407576575875,2575.3637694222853,2653.805015742779,2883.2156080855057,2683.236049190794,2682.3315,2679.1719
2013-12-18 10:00:00+0100,5259,2715.6215951815248,2680.1407576575875,2913.426723721437,3156.239160541445,2758.728759738776,2781.352,2739.7852
2013-12-18 10:10:00+0100,5259,2921.397085376084,2715.6215951815248,2943.049224331975,3191.845516100526,2745.172262140013,2854.7773,2801.0342
2013-12-18 10:20:00+0100,5259,2777.682998630218,2921.397085376084,2912.691763855517,3008.3220310881734,2908.7057574805276,2988.8384,2901.0952
2013-12-18 10:30:00+0100,5259,2773.9455053657293,2777.682998630218,2882.791945964098,3253.709600144066,2887.9871034219864,2955.657,2895.3848
2013-12-18 10:40:00+0100,5259,2989.9442461133003,2773.9455053657293,2897.9875911176205,3167.402967575006,2867.8059970892054,2933.1714,2916.9814
2013-12-18 10:50:00+0100,5259,2846.940826252103,2989.9442461133003,3178.6436478719115,3287.440723448992,2961.804866811308,3011.2793,2944.6252
2013-12-18 11:00:00+0100,5259,2811.0321112051606,2846.940826252103,2957.539084330201,3249.8015526235104,2878.992913108339,2966.5522,2917.5288
2013-12-18 11:10:00+0100,5259,3279.428630599752,2811.0321112051606,3091.182633298449,3271.0711872456595,2873.5208898282935,2929.0144,2928.4014
2013-12-18 11:20:00+0100,5259,3163.481597073376,3279.428630599752,2935.685471080244,3329.847944840789,3113.8142000951475,3119.941,3033.762
2013-12-18 11:30:00+0100,5259,3015.9002338228747,3163.481597073376,3038.882439136505,3005.5173546401784,3162.8127711435764,3148.5527,3062.4048
2013-12-18 11:40:00+0100,5259,3284.273860002868,3015.9002338228747,3033.9994216412306,3142.561565965414,3146.115659322989,3107.313,3091.3618
2013-12-18 11:50:00+0100,5259,3299.768836826086,3284.273860002868,3046.0049489270896,3158.8927785009146,3255.490078893206,3220.8777,3159.8013
2013-12-18 12:00:00+0100,5259,2981.0392520511523,3299.768836826086,3170.3352232798934,3256.4979924736544,3286.110550583093,3291.033,3224.8743
2013-12-18 12:10:00+0100,5259,3214.531013698317,2981.0392520511523,3287.054496812634,3270.3201216543093,3121.608246406782,3207.924,3254.8667
2013-12-18 12:20:00+0100,5259,3171.6144954347983,3214.531013698317,3273.39796238672,3288.272568166256,3240.388073794974,3298.2817,3308.8662
2013-12-18 12:30:00+0100,5259,3339.469091385603,3171.6144954347983,3428.1891432851558,3452.6289222408086,3304.8948219261824,3332.3896,3344.2942
2013-12-18 12:40:00+0100,5259,3410.105131688528,3339.469091385603,3300.2436722666025,4244.993932723999,3391.4162690897397,3426.5352,3495.615
2013-12-18 12:50:00+0100,5259,3605.238711017184,3410.105131688528,3524.2599570155144,4260.227349187248,3364.3717701731894,3493.2473,3524.5115
2013-12-18 13:00:00+0100,5259,3426.002367630601,3605.238711017184,3532.3971036076546,3750.690839334391,3519.1840066777568,3596.1392,3614.4543
2013-12-18 13:10:00+0100,5259,3416.0272650504485,3426.002367630601,3420.438601105474,3767.807888925076,3480.811131574832,3563.6648,3618.0237
2013-12-18 13:20:00+0100,5259,3399.9404617454857,3416.0272650504485,3283.058892437257,3813.6315767169,3482.207694903412,3537.1895,3581.1355
2013-12-18 13:30:00+0100,5259,3227.800183204934,3399.9404617454857,3427.271556928754,3723.697680965066,3407.0948878900176,3504.129,3529.9392
2013-12-18 13:40:00+0100,5259,3338.3108615418896,3227.800183204934,3333.622847681865,3712.0668116621673,3235.9765882632933,3398.4983,3470.9932
2013-12-18 13:50:00+0100,5259,3355.9117700383067,3338.3108615418896,3423.721443336457,3390.4854224948213,3312.8218798574594,3374.8022,3408.6592
2013-12-18 14:00:00+0100,5259,3166.157046072185,3355.9117700383067,3479.5239482251927,3612.896303266287,3321.793691305236,3344.6006,3364.772
2013-12-18 14:10:00+0100,5259,3369.870202638209,3166.157046072185,3253.946312442422,3613.825234162621,3209.6138936560155,3238.3071,3314.5115
2013-12-18 14:20:00+0100,5259,3113.4395453110337,3369.870202638209,3157.2213119864464,3753.679628240876,3320.220016687762,3263.0107,3280.9678
2013-12-18 14:30:00+0100,5259,3275.354015546851,3113.4395453110337,3336.72277097404,3554.429849135689,3119.790676307187,3172.121,3178.7747
2013-12-18 14:40:00+0100,5259,3055.241415604949,3275.354015546851,3390.992039002478,3301.107550671324,3224.616521247577,3186.518,3191.9355
2013-12-18 14:50:00+0100,5259,2968.350891582668,3055.241415604949,3404.9239939451218,3585.734626422636,3112.1650050037447,3103.4739,3073.7637
2013-12-18 15:00:00+0100,5259,2976.442600160837,2968.350891582668,3288.246212835424,3514.8887981455773,3007.984396166698,3015.7344,3031.81
2013-12-18 15:10:00+0100,5259,2978.9148434679955,2976.442600160837,3316.800124958157,3426.4246990736574,2926.243927998519,2964.708,3010.5146
2013-12-18 15:20:00+0100,5259,2843.106437462382,2978.9148434679955,3067.6776803582907,3320.7809479217976,2984.871563013643,2935.4324,2988.8967
2013-12-18 15:30:00+0100,5259,2873.2675785478204,2843.106437462382,3504.392369007692,3710.07238346897,2913.4713395087715,2857.9502,2942.4727
2013-12-18 15:40:00+0100,5259,3034.5830287691206,2873.2675785478204,3546.8486301312223,3245.297492589801,2855.238066206901,2819.1592,2965.8647
2013-12-18 15:50:00+0100,5259,2952.284005219117,3034.5830287691206,3474.9420463703573,3554.640145940706,2968.0118427283664,2863.826,2955.492
2013-12-18 16:00:00+0100,5259,2992.324385725893,2952.284005219117,3474.567512962036,3284.457979515195,2980.2792836945173,2859.1907,2954.6084
2013-12-18 16:10:00+0100,5259,3030.435136018321,2992.324385725893,3764.5301080346103,3351.1860085725784,3072.5369656382213,2870.1313,2995.537
2013-12-18 16:20:00+0100,5259,2983.1575057683517,3030.435136018321,3574.870970925316,3570.223475277424,3041.6276206951475,2891.2446,2968.5898
2013-12-18 16:30:00+0100,5259,2836.9735681442544,2983.1575057683517,3395.23783236742,3497.138842359185,2965.2676798441926,2882.9443,2971.4836
2013-12-18 16:40:00+0100,5259,2978.4666475122795,2836.9735681442544,3378.86273138877,3293.579617331736,2883.4353157738115,2810.0374,2929.7012
2013-12-18 16:50:00+0100,5259,3022.2867676615715,2978.4666475122795,3221.694941705093,3403.468020528555,2978.57236230788,2821.0554,2900.9922
2013-12-18 17:00:00+0100,5259,2991.5865910053253,3022.2867676615715,3290.8679655259475,3537.1838519871235,2969.337500123036,2850.7153,2901.9307
2013-12-18 17:10:00+0100,5259,2801.42040852271,2991.5865910053253,3329.692746482789,3291.186201870441,2977.1931183145125,2859.9102,2911.813
2013-12-18 17:20:00+0100,5259,2843.4741006605327,2801.42040852271,3222.8571706861258,3294.869608107023,2884.0401995210236,2781.162,2832.5886
2013-12-18 17:30:00+0100,5259,2739.0618401719257,2843.4741006605327,3108.749491155148,3221.8635250627995,2823.029157383676,2742.9465,2784.4092
2013-12-18 17:40:00+0100,5259,2828.438683788292,2739.0618401719257,2915.651640534401,3089.951483488083,2674.185438345247,2671.3137,2723.303
2013-12-18 17:50:00+0100,5259,2639.465294331312,2828.438683788292,2874.3008014410734,2833.100279688835,2724.604799323569,2665.8062,2674.8787
2013-12-18 18:00:00+0100,5259,2697.963682184927,2639.465294331312,2772.029113519005,2840.23701269459,2652.1674821183205,2581.3599,2556.6821
2013-12-18 18:10:00+0100,5259,2509.2980008851737,2697.963682184927,2927.0053285416216,2752.037682980299,2609.5187428714025,2550.7644,2557.9207
2013-12-18 18:20:00+0100,5259,2373.9258049754426,2509.2980008851737,2516.4592562392354,2414.887326183729,2464.3360773865234,2447.8086,2420.9116
2013-12-18 18:30:00+0100,5259,2274.868826903403,2373.9258049754426,2449.7654736042023,2488.2773246988654,2378.20229650116,2315.9824,2296.2104
2013-12-18 18:40:00+0100,5259,2122.9449727758765,2274.868826903403,2397.9624361423776,2273.6748941186816,2192.1621367050093,2185.575,2195.5598
2013-12-18 18:50:00+0100,5259,2104.655459612608,2122.9449727758765,2353.125883087516,2159.595153076574,2112.079817964357,2039.825,2073.5513
2013-12-18 19:00:00+0100,5259,1954.2173801362517,2104.655459612608,2134.742219572887,2318.689523744397,2008.4179330286672,1951.9441,2003.0432
2013-12-18 19:10:00+0100,5259,1900.603954084217,1954.2173801362517,2112.635222129524,1939.9189447043464,1891.0711908596295,1848.5521,1890.3728
2013-12-18 19:20:00+0100,5259,1830.8047581296412,1900.603954084217,1947.9389578029516,1945.4905680473892,1866.953661026014,1775.8802,1798.4235
2013-12-18 19:30:00+0100,5259,1645.016293471679,1830.8047581296412,1829.2688189446928,1910.290760865435,1769.777599959698,1716.3577,1729.7089
2013-12-18 19:40:00+0100,5259,1657.57281797193,1645.016293471679,1907.5633930936456,1762.2177063580602,1617.9747162786991,1607.5024,1607.8381
2013-12-18 19:50:00+0100,5259,1499.596079133451,1657.57281797193,1698.4341754317284,1644.4065761892125,1589.7200389645122,1555.6289,1554.7778
2013-12-18 20:00:00+0100,5259,1415.304736316204,1499.596079133451,1633.7744794413447,1674.3565894467756,1474.6062978486484,1463.4342,1466.5051
2013-12-18 20:10:00+0100,5259,1484.5227726101875,1415.304736316204,1544.136129833758,1552.70385115128,1380.5260432965879,1375.584,1414.6104
2013-12-18 20:20:00+0100,5259,1344.5981239899993,1484.5227726101875,1431.9977213144302,1487.6660147635266,1400.7941624575383,1370.0079,1397.8152
2013-12-18 20:30:00+0100,5259,1296.4246953427792,1344.5981239899993,1385.274232774973,1455.7689189687371,1328.7767961642194,1309.7806,1343.7441
2013-12-18 20:40:00+0100,5259,1235.2767326338217,1296.4246953427792,1527.5689328117296,1289.6372985243795,1277.905285840122,1253.7775,1314.3973
2013-12-18 20:50:00+0100,5259,1203.8081373348832,1235.2767326338217,1436.9326860709116,1262.0617177560923,1218.7970989784408,1194.0638,1235.4839
2013-12-18 21:00:00+0100,5259,1060.9434893727305,1203.8081373348832,1300.8354091867805,1341.0242557823658,1172.0019827909769,1149.5198,1221.0505
2013-12-18 21:10:00+0100,5259,1170.2113510146737,1060.9434893727305,1182.8038777410984,1188.1857054904103,1074.4465631931696,1051.1204,1138.5552
2013-12-18 21:20:00+0100,5259,993.6036194572224,1170.2113510146737,1130.9696744708344,1358.6354856193066,1115.3576499308824,1067.6736,1134.5369
2013-12-18 21:30:00+0100,5259,968.9386866455898,993.6036194572224,1155.9693612931296,1139.7737447023392,988.1147729865409,982.4635,1041.4674
2013-12-18 21:40:00+0100,5259,1047.573677734472,968.9386866455898,1180.3082861974835,1067.8315202919766,965.1362870956427,928.70844,1037.5125
2013-12-18 21:50:00+0100,5259,1083.426567055285,1047.573677734472,978.64116153121,1082.3530426500363,973.462367635329,958.3281,990.47546
2013-12-18 22:00:00+0100,5259,916.0882319416852,1083.426567055285,988.7112612156196,923.4490369735286,1037.9271838649443,1003.9391,1029.8352
2013-12-18 22:10:00+0100,5259,1061.102641314268,916.0882319416852,1085.0679415045306,953.3141809999944,944.897247907518,923.4212,974.0088
2013-12-18 22:20:00+0100,5259,863.0285469498485,1061.102641314268,1033.1767293689772,826.1804056046531,1007.5173517228138,985.34186,1010.3159
2013-12-18 22:30:00+0100,5259,815.0375032275915,863.0285469498485,944.3495428040624,816.2496931282803,900.5352586252625,885.0174,910.0667
2013-12-18 22:40:00+0100,5259,800.1888185590506,815.0375032275915,942.0193769708276,835.4679617881775,838.5530404918145,813.56396,899.59326
2013-12-18 22:50:00+0100,5259,839.2511449754238,800.1888185590506,967.8113794624804,768.9847714006901,787.3250335860424,777.518,827.87915
2013-12-18 23:00:00+0100,5259,747.4279917478561,839.2511449754238,1005.828939333558,798.6192506253719,790.5381624752388,794.2041,827.35156
2013-12-18 23:10:00+0100,5259,753.5594623684883,747.4279917478561,907.166055686772,701.0338942483068,739.6477840767784,743.44965,791.0905
2013-12-18 23:20:00+0100,5259,731.6779159754515,753.5594623684883,756.8508104085922,829.9902933761477,740.6152612311186,733.3261,772.406
2013-12-18 23:30:00+0100,5259,626.6589998975396,731.6779159754515,723.3757648617029,696.2265130802989,715.3650934935811,717.4647,747.30225
2013-12-18 23:40:00+0100,5259,700.3662824034691,626.6589998975396,765.8621565103531,726.5791587680578,650.2356073306076,642.05743,684.971
2013-12-18 23:50:00+0100,5259,573.6437288997695,700.3662824034691,716.9842198826373,682.3691560998559,653.3153894287436,667.5562,695.09247
2013-12-19 00:00:00+0100,5259,551.9770444110036,573.6437288997695,661.3385062515736,611.502554513514,581.5465660453883,589.6978,589.6612
2013-12-19 00:10:00+0100,5259,509.2812025398016,551.9770444110036,632.7722268253565,611.8392451507971,557.4018890248296,549.683,579.91376
2013-12-19 00:20:00+0100,5259,505.8967266753316,509.2812025398016,580.1304953098297,602.8373606950045,501.5101002397817,505.87585,526.0656
2013-12-19 00:30:00+0100,5259,428.3467574119568,505.8967266753316,556.2924709320068,572.9257772788405,502.75613190007635,488.5774,516.9226
2013-12-19 00:40:00+0100,5259,451.18957848101854,428.3467574119568,602.6932014599442,589.859941765666,434.10167217995604,430.3734,463.654
2013-12-19 00:50:00+0100,5259,433.80961560457945,451.18957848101854,549.7470233812928,515.5682761892676,417.6629039289621,426.41833,456.0157
2013-12-19 01:00:00+0100,5259,382.5023457109928,433.80961560457945,485.12848272919655,454.6031736880541,430.88927625507506,412.82776,429.00848
2013-12-19 01:10:00+0100,5259,425.519977748394,382.5023457109928,531.8048837510869,542.1632372289896,400.24251771915203,374.03326,425.14563
2013-12-19 01:20:00+0100,5259,422.12451070547104,425.519977748394,523.7163331760094,431.6419677734375,393.2084061713179,389.55072,415.2301
2013-12-19 01:30:00+0100,5259,365.89776039123535,422.12451070547104,457.6911662183702,422.7875019684434,418.20172965842744,391.88525,411.87506
2013-12-19 01:40:00+0100,5259,390.9812739789486,365.89776039123535,520.63671875,467.122494995594,391.26469644270554,354.90723,412.539
2013-12-19 01:50:00+0100,5259,364.1540555730462,390.9812739789486,493.6710104495287,413.82061201334,377.8709717921945,359.04602,397.48553
2013-12-19 02:00:00+0100,5259,346.40921783447266,364.1540555730462,406.3178008198738,414.02288818359375,376.178552361663,340.52344,363.56726
2013-12-19 02:10:00+0100,5259,363.67041015625,346.40921783447266,450.1985168457031,451.2489131391048,359.3803774330505,321.5443,379.5569
2013-12-19 02:20:00+0100,5259,336.3878173828125,363.67041015625,436.3538027703762,392.5418701171875,351.1847219490695,326.66693,355.39337
2013-12-19 02:30:00+0100,5259,334.36815781891346,336.3878173828125,380.0415214113891,402.9848431162536,356.12496835115377,309.54047,338.98206
2013-12-19 02:40:00+0100,5259,341.2246261537075,334.36815781891346,439.2201271057129,445.1553955078125,344.6826595581017,303.5354,354.74225
2013-12-19 02:50:00+0100,5259,362.49945068359375,341.2246261537075,414.0452885180712,375.6043090820313,329.7278906216093,307.6258,332.055
2013-12-19 03:00:00+0100,5259,318.2502136230469,362.49945068359375,377.9306342601776,386.63605201244354,364.2379276373197,326.41235,342.51068
2013-12-19 03:10:00+0100,5259,352.7724609375,318.2502136230469,423.2730885148048,409.8014526367188,342.6122671282462,304.15887,340.44183
2013-12-19 03:20:00+0100,5259,335.257329761982,352.7724609375,431.6104974746704,375.53617510199547,345.571508629163,324.85815,354.15356
2013-12-19 03:30:00+0100,5259,325.4012326300144,335.257329761982,381.5679806284607,375.9029644541442,345.61569151317025,321.14752,321.4701
2013-12-19 03:40:00+0100,5259,332.80956406891346,325.4012326300144,433.53829753398895,400.9671936035156,336.39182852423113,315.38855,351.1618
2013-12-19 03:50:00+0100,5259,322.70390596985817,332.80956406891346,402.70055866241455,361.8472595214844,324.53782778526664,320.6402,324.98834
2013-12-19 04:00:00+0100,5259,294.5767868757248,322.70390596985817,372.7359108924866,353.20391845703125,336.53175932390275,315.9718,321.75354
2013-12-19 04:10:00+0100,5259,348.2298278808594,294.5767868757248,415.7556418254972,390.01220703125,314.13297409203045,294.7237,318.19385
2013-12-19 04:20:00+0100,5259,315.64874267578125,348.2298278808594,406.3472874760628,358.34815630316734,333.3874757271962,328.07635,319.1844
2013-12-19 04:30:00+0100,5259,298.32684326171875,315.64874267578125,371.60526716709137,364.8841656260192,329.879647232254,315.14893,298.60284
2013-12-19 04:40:00+0100,5259,366.7232666015625,298.32684326171875,420.7161862850189,372.5950927734375,315.83338262471915,300.10266,321.69196
2013-12-19 04:50:00+0100,5259,309.5078125,366.7232666015625,392.8665004968643,348.9435641169548,346.5530437221006,346.86786,321.0827
2013-12-19 05:00:00+0100,5259,294.1190490722656,309.5078125,370.8635984659195,354.0539245605469,335.0053445025491,319.73157,304.83722
2013-12-19 05:10:00+0100,5259,335.9127197265625,294.1190490722656,419.2740017175674,378.5880173444748,322.0976359053206,301.5985,324.84375
2013-12-19 05:20:00+0100,5259,328.0090373083949,335.9127197265625,399.49870869517326,375.9111216515303,321.85529772265,326.28906,304.06274
2013-12-19 05:30:00+0100,5259,307.7118835449219,328.0090373083949,368.6548197828233,348.8511089682579,332.9192812387529,327.45068,314.11304
2013-12-19 05:40:00+0100,5259,398.0494737625122,307.7118835449219,424.99371936917305,388.78759765625,333.6192829275727,313.8719,327.2364
2013-12-19 05:50:00+0100,5259,327.98383030854166,398.0494737625122,428.4240329414606,389.3110749721527,377.27343441623304,378.30127,347.5843
2013-12-19 06:00:00+0100,5259,329.0496595874429,327.98383030854166,389.5139465332031,365.4917271733284,354.31201798020754,347.16046,321.6842
2013-12-19 06:10:00+0100,5259,384.1741943359375,329.0496595874429,434.35488900821656,414.06404280662537,353.8813061012332,340.8709,359.6541
2013-12-19 06:20:00+0100,5259,277.4793701171875,384.1741943359375,427.32180655002594,364.8842724263668,366.23083063237334,379.622,340.3006
2013-12-19 06:30:00+0100,5259,274.7256774902344,277.4793701171875,394.565745215863,365.6471728682518,325.46285578729857,310.36627,303.67523
2013-12-19 06:40:00+0100,5259,325.95721435546875,274.7256774902344,496.37941205780953,427.1146545410156,308.6471485946526,285.5603,319.47058
2013-12-19 06:50:00+0100,5259,334.89874267578125,325.95721435546875,473.8197365477681,401.7874802350998,321.56137784539516,311.69055,303.6181
2013-12-19 07:00:00+0100,5259,386.3130187988281,334.89874267578125,486.7012266665697,461.4253420829773,373.62164605652623,324.6676,329.70673
2013-12-19 07:10:00+0100,5259,424.3793149292469,386.3130187988281,599.9542014598846,629.7557374266908,391.89505590889934,369.85626,404.33997
2013-12-19 07:20:00+0100,5259,477.2926414459944,424.3793149292469,525.70672891289,476.4727170690894,421.6874092468963,417.0739,432.52356
2013-12-19 07:30:00+0100,5259,715.1280024945736,477.2926414459944,586.379165392369,553.3328786157072,533.2407634839226,478.21228,498.78876
2013-12-19 07:40:00+0100,5259,884.7259876905009,715.1280024945736,784.0883929906413,690.8904331028461,707.0716910031961,688.1748,692.47906
2013-12-19 07:50:00+0100,5259,785.5410272357985,884.7259876905009,714.1670440938324,723.0951055511832,851.1365711493629,900.2926,934.62146
2013-12-19 08:00:00+0100,5259,678.9754972755909,785.5410272357985,779.424845688045,790.5577830374241,911.2497528235369,917.18463,1021.2343
2013-12-19 08:10:00+0100,5259,819.5874506114051,678.9754972755909,981.3813758865,965.3026438681408,890.1486510747396,868.7599,972.9208
2013-12-19 08:20:00+0100,5259,879.0156956193969,819.5874506114051,1149.291074104607,1147.6617271974685,916.1474529960228,977.0338,1048.5142
2013-12-19 08:30:00+0100,5259,1063.2783889472485,879.0156956193969,1348.960479274392,1346.1465287460014,979.3342390167932,1051.6268,1078.8262
2013-12-19 08:40:00+0100,5259,1343.3222779110074,1063.2783889472485,1568.0529215931892,1696.751775085926,1183.1296313901994,1223.805,1292.4768
2013-12-19 08:50:00+0100,5259,1527.747135408223,1343.3222779110074,1768.0126196220515,2050.480361610651,1422.014667752161,1501.412,1561.1847
2013-12-19 09:00:00+0100,5259,1859.015755109489,1527.747135408223,2023.6374716637656,2252.8750133663416,1625.4506563296848,1725.9904,1796.0635
2013-12-19 09:10:00+0100,5259,1937.3192176818848,1859.015755109489,2272.9027254534885,2388.325996344909,1889.8361005070274,2035.5071,2115.6382
2013-12-19 09:20:00+0100,5259,2040.312598362565,1937.3192176818848,2444.1503605796024,2244.714277178049,2088.8185793989637,2143.1035,2165.745
2013-12-19 09:30:00+0100,5259,2293.775602117181,2040.312598362565,2440.644793100655,2694.99985596817,2232.795218149822,2231.5632,2262.7246
2013-12-19 09:40:00+0100,5259,2391.5418705120683,2293.775602117181,2575.3637694222853,2891.174951302819,2333.160792954582,2420.6958,2430.696
2013-12-19 09:50:00+0100,5259,2310.9871936291456,2391.5418705120683,2680.1407576575875,2669.5091377198696,2464.822247953237,2518.2988,2514.3857
2013-12-19 10:00:00+0100,5259,2419.895688354969,2310.9871936291456,2715.6215951815248,3044.6383055076003,2469.4225808124743,2498.769,2520.957
2013-12-19 10:10:00+0100,5259,2641.639700770378,2419.895688354969,2921.397085376084,2881.6554467752576,2459.635207531059,2575.5488,2606.5452
2013-12-19 10:20:00+0100,5259,2614.3935930654407,2641.639700770378,2777.682998630218,2858.53202021122,2607.767333151269,2736.2407,2697.9478
2013-12-19 10:30:00+0100,5259,2709.894073069096,2614.3935930654407,2773.9455053657293,3054.149563632905,2690.7249022785772,2783.2485,2718.6333
2013-12-19 10:40:00+0100,5259,2891.087364634499,2709.894073069096,2989.9442461133003,3245.2677396740764,2786.0956168664834,2846.7896,2816.0144
2013-12-19 10:50:00+0100,5259,2683.9439778402448,2891.087364634499,2846.940826252103,3211.103419145569,2866.555203932243,2940.01,2864.653
2013-12-19 11:00:00+0100,5259,2721.84197255224,2683.9439778402448,2811.0321112051606,3167.5944023504853,2849.2516461784726,2862.888,2840.6523
2013-12-19 11:10:00+0100,5259,2922.367457360029,2721.84197255224,3279.428630599752,3685.8827659515664,2805.0838487346996,2841.8157,2853.2083
2013-12-19 11:20:00+0100,5259,2925.5016777291894,2922.367457360029,3163.481597073376,3145.2349028885365,2819.252740504286,2918.3555,2895.107
2013-12-19 11:30:00+0100,5259,2795.0598907768726,2925.5016777291894,3015.9002338228747,3320.985910097137,2947.8871649677117,2947.041,2925.0942
2013-12-19 11:40:00+0100,5259,2981.76524977386,2795.0598907768726,3284.273860002868,3355.439725793898,2865.259210645936,2900.5918,2946.2632
2013-12-19 11:50:00+0100,5259,2826.960844427347,2981.76524977386,3299.768836826086,3107.7018000958487,2945.3476523590543,2972.8433,2984.0635
2013-12-19 12:00:00+0100,5259,2799.4987999880686,2826.960844427347,2981.0392520511523,3160.2832227302715,2893.931008449813,2940.1885,2964.523
2013-12-19 12:10:00+0100,5259,3123.96390225552,2799.4987999880686,3214.531013698317,3265.990525986068,2861.896801154845,2923.4507,3003.0186
2013-12-19 12:20:00+0100,5259,3150.143806966953,3123.96390225552,3171.6144954347983,3192.534138686955,3090.402401416894,3079.3906,3092.916
2013-12-19 12:30:00+0100,5259,3046.845614587888,3150.143806966953,3339.469091385603,3716.705242276192,3151.9814421773194,3181.079,3209.524
2013-12-19 12:40:00+0100,5259,3468.646483756602,3046.845614587888,3410.105131688528,3289.128834354691,3076.6882700242113,3201.0225,3284.1335
2013-12-19 12:50:00+0100,5259,3090.9263949990277,3468.646483756602,3605.238711017184,3166.2245630575344,3460.1087622963073,3404.3298,3431.4565
2013-12-19 13:00:00+0100,5259,3197.6743943095207,3090.9263949990277,3426.002367630601,3704.275936629623,3257.3252160692964,3336.046,3395.8418
2013-12-19 13:10:00+0100,5259,3417.0126074776053,3197.6743943095207,3416.0272650504485,3747.470333822072,3218.8329264711897,3340.6138,3424.8398
2013-12-19 13:20:00+0100,5259,2906.8586053587496,3417.0126074776053,3399.9404617454857,3643.826084924862,3318.447190649992,3422.9246,3431.0996
2013-12-19 13:30:00+0100,5259,3040.7360636172816,2906.8586053587496,3227.800183204934,3588.603021532297,3056.9671837516926,3225.1519,3324.1416
2013-12-19 13:40:00+0100,5259,3329.9261390622705,3040.7360636172816,3338.3108615418896,3581.3933796240017,3068.739234950445,3174.5254,3332.8303
2013-12-19 13:50:00+0100,5259,3320.116162022576,3329.9261390622705,3355.9117700383067,3650.207966310904,3228.095324610772,3264.9429,3327.6204
2013-12-19 14:00:00+0100,5259,3093.6794263003394,3320.116162022576,3166.157046072185,3730.517602304928,3248.8708095345505,3297.463,3353.8948
2013-12-19 14:10:00+0100,5259,3205.8436513124034,3093.6794263003394,3369.870202638209,3513.4746999321505,3161.424072754018,3199.773,3309.647
2013-12-19 14:20:00+0100,5259,2994.40304386802,3205.8436513124034,3113.4395453110337,3587.768663801253,3232.4504752613,3179.971,3233.9792
2013-12-19 14:30:00+0100,5259,2840.915683480911,2994.40304386802,3275.354015546851,3530.858648250811,3076.885923729261,3069.129,3159.2808
2013-12-19 14:40:00+0100,5259,2868.276160210371,2840.915683480911,3055.241415604949,3593.4714123411104,2858.7091634977965,2931.573,3088.5005
2013-12-19 14:50:00+0100,5259,2783.326205700636,2868.276160210371,2968.350891582668,3327.3930177241564,2807.277800442688,2857.933,2969.5913
2013-12-19 15:00:00+0100,5259,2646.1895175212994,2783.326205700636,2976.442600160837,3343.564886659384,2778.2795621424716,2774.2397,2914.7969
2013-12-19 15:10:00+0100,5259,2663.997108615935,2646.1895175212994,2978.9148434679955,3391.645963433198,2640.254521695794,2658.0127,2880.8208
2013-12-19 15:20:00+0100,5259,2644.5558423651382,2663.997108615935,2843.106437462382,3200.0274487882853,2625.697794290551,2588.867,2813.1267
2013-12-19 15:30:00+0100,5259,2672.256727307104,2644.5558423651382,2873.2675785478204,3090.5043326988816,2702.3475357214747,2536.0913,2784.2195
2013-12-19 15:40:00+0100,5259,2697.1329801529646,2672.256727307104,3034.5830287691206,3372.3027958786115,2699.318568040367,2516.8538,2795.482
2013-12-19 15:50:00+0100,5259,2690.958188089542,2697.1329801529646,2952.284005219117,3388.802406656556,2684.36846304211,2518.627,2763.171
2013-12-19 16:00:00+0100,5259,2776.708302929997,2690.958188089542,2992.324385725893,3331.8894262313843,2727.2920039570067,2519.419,2788.606
2013-12-19 16:10:00+0100,5259,2705.3882689503957,2776.708302929997,3030.435136018321,3287.276098373346,2822.8573288457637,2558.8848,2810.0762
2013-12-19 16:20:00+0100,5259,2695.671984963119,2705.3882689503957,2983.1575057683517,3628.385692554526,2741.220969329055,2556.2654,2763.9448
2013-12-19 16:30:00+0100,5259,2693.885406010784,2695.671984963119,2836.9735681442544,3514.6807573195547,2670.5706177376637,2547.4175,2775.3352
2013-12-19 16:40:00+0100,5259,2853.3986860793084,2693.885406010784,2978.4666475122795,3188.4179021790624,2682.684592953492,2539.468,2785.3232
2013-12-19 16:50:00+0100,5259,2749.04720038455,2853.3986860793084,3022.2867676615715,3206.2321053203195,2826.445482274468,2606.8652,2778.5278
2013-12-19 17:00:00+0100,5259,3048.1580493450165,2749.04720038455,2991.5865910053253,3375.474138205871,2779.706498568732,2611.4316,2760.2517
2013-12-19 17:10:00+0100,5259,3068.623621463776,3048.1580493450165,2801.42040852271,3211.14211725723,2957.686615452564,2744.2402,2849.6416
2013-12-19 17:20:00+0100,5259,3087.591408342123,3068.623621463776,2843.4741006605327,3238.319644983858,3038.3563138981976,2847.8928,2837.0024
2013-12-19 17:30:00+0100,5259,3060.1066258829087,3087.591408342123,2739.0618401719257,3205.1150928912684,3081.1133888189397,2922.605,2905.4863
2013-12-19 17:40:00+0100,5259,2897.2188777029514,3060.1066258829087,2828.438683788292,3120.221603786573,3049.277728916673,2953.2407,2894.5435
2013-12-19 17:50:00+0100,5259,2815.630643233657,2897.2188777029514,2639.465294331312,2936.526340790093,2910.2525072452436,2893.8462,2808.476
2013-12-19 18:00:00+0100,5259,2529.0251176804304,2815.630643233657,2697.963682184927,2766.5771248862147,2797.8640940389905,2809.9897,2759.4536
2013-12-19 18:10:00+0100,5259,2245.471249654889,2529.0251176804304,2509.2980008851737,2604.0145123032853,2516.386493176265,2615.7751,2623.6797
2013-12-19 18:20:00+0100,5259,2233.338144481182,2245.471249654889,2373.9258049754426,2433.6718449322507,2251.0923966214605,2344.5896,2321.5334
2013-12-19 18:30:00+0100,5259,2286.004573681392,2233.338144481182,2274.868826903403,2555.4154051002115,2154.46278989178,2163.19,2223.047
2013-12-19 18:40:00+0100,5259,2205.6169660687447,2286.004573681392,2122.9449727758765,2385.589213863015,2119.770801041097,2092.3237,2114.471
2013-12-19 18:50:00+0100,5259,1936.1971586225557,2205.6169660687447,2104.655459612608,2203.58859059494,2107.74752879345,2037.7073,2093.3345
2013-12-19 19:00:00+0100,5259,1866.6300400551409,1936.1971586225557,1954.2173801362517,2159.7372878072783,1959.2342261975164,1896.0569,1942.554
2013-12-19 19:10:00+0100,5259,1681.9673975110054,1866.6300400551409,1900.603954084217,2062.676519036293,1847.2682954939742,1781.0388,1847.272
2013-12-19 19:20:00+0100,5259,1652.021478765644,1681.9673975110054,1830.8047581296412,1893.6130540994927,1629.8121164712766,1638.5688,1680.0024
2013-12-19 19:30:00+0100,5259,1538.9087181910872,1652.021478765644,1645.016293471679,1753.394001668319,1604.8196401496114,1553.246,1610.4408
2013-12-19 19:40:00+0100,5259,1475.517298065126,1538.9087181910872,1657.57281797193,1936.64281086158,1567.7469240285666,1470.3021,1497.056
2013-12-19 19:50:00+0100,5259,1352.842070773244,1475.517298065126,1499.596079133451,2226.282923681661,1427.9218590657006,1406.9263,1440.1772
2013-12-19 20:00:00+0100,5259,1158.379320582375,1352.842070773244,1415.304736316204,1802.0859825666996,1299.2299465202345,1322.6595,1357.6729
2013-12-19 20:10:00+0100,5259,1261.2252336964011,1158.379320582375,1484.5227726101875,1656.9245222955942,1191.2959553065841,1182.931,1241.3958
2013-12-19 20:20:00+0100,5259,1102.8249175846577,1261.2252336964011,1344.5981239899993,1722.0910661574453,1198.8269282582676,1163.487,1226.5293
2013-12-19 20:30:00+0100,5259,1114.793097883463,1102.8249175846577,1296.4246953427792,1700.2055433690548,1113.3954434305551,1085.0563,1103.9435
2013-12-19 20:40:00+0100,5259,1173.9223892614243,1114.793097883463,1235.2767326338217,1690.741837698035,1124.6353370788966,1055.0924,1103.3306
2013-12-19 20:50:00+0100,5259,1068.9014452397823,1173.9223892614243,1203.8081373348832,1755.2752069458363,1118.119096479857,1080.9252,1074.244
2013-12-19 21:00:00+0100,5259,939.7294984161854,1068.9014452397823,1060.9434893727305,1609.5396614074707,1059.8322361824517,1040.0413,1068.6584
2013-12-19 21:10:00+0100,5259,1005.547067001462,939.7294984161854,1170.2113510146737,1541.2901299111545,987.2135824142515,942.1186,993.1155
2013-12-19 21:20:00+0100,5259,993.1733936220407,1005.547067001462,993.6036194572224,1549.997619616799,978.4543893497237,936.0307,968.5066
2013-12-19 21:30:00+0100,5259,919.0537852942944,993.1733936220407,968.9386866455898,1445.86896611657,981.9752604218627,933.6748,965.50134
2013-12-19 21:40:00+0100,5259,906.561665393412,919.0537852942944,1047.573677734472,1480.2122024726125,935.9678891516592,892.47205,950.1903
2013-12-19 21:50:00+0100,5259,883.3216795176268,906.561665393412,1083.426567055285,1387.049349288456,875.1775385097371,871.0847,904.8248
2013-12-19 22:00:00+0100,5259,956.223319619894,883.3216795176268,916.0882319416852,1163.2698353528976,890.8626552830962,851.975,890.31177
2013-12-19 22:10:00+0100,5259,833.2599172145128,956.223319619894,1061.102641314268,1282.6284039942548,940.5719350533026,898.2786,925.0159
2013-12-19 22:20:00+0100,5259,928.9671269953252,833.2599172145128,863.0285469498485,1168.8206521868706,852.1621950744363,839.79785,852.2385
2013-12-19 22:30:00+0100,5259,825.7767035989091,928.9671269953252,815.0375032275915,1316.518852710724,921.9586099965471,886.4728,904.9332
2013-12-19 22:40:00+0100,5259,843.0537327975035,825.7767035989091,800.1888185590506,1245.0737736625597,833.1930072011573,836.3655,846.9352
2013-12-19 22:50:00+0100,5259,873.6688044816256,843.0537327975035,839.2511449754238,1059.8530740495771,853.7713629883218,832.4101,858.3418
2013-12-19 23:00:00+0100,5259,799.6934003531933,873.6688044816256,747.4279917478561,1170.3188481107354,852.2723569523527,853.6725,856.6865
2013-12-19 23:10:00+0100,5259,756.8203016221523,799.6934003531933,753.5594623684883,1056.9801577581093,802.4581575375546,811.35785,822.8635
2013-12-19 23:20:00+0100,5259,680.1864527985454,756.8203016221523,731.6779159754515,1088.7491986490786,764.6818109676069,767.3743,782.88965
2013-12-19 23:30:00+0100,5259,654.8073024749756,680.1864527985454,626.6589998975396,1055.6084145903587,686.172454912861,696.9578,712.6262
2013-12-19 23:40:00+0100,5259,658.9542206898332,654.8073024749756,700.3662824034691,876.2533744722605,642.4969353888928,653.4152,660.0724
2013-12-19 23:50:00+0100,5259,670.3718748092651,658.9542206898332,573.6437288997695,858.8316824436188,618.4551803278675,640.6756,635.66174
2013-12-20 00:00:00+0100,5259,609.7657109722495,670.3718748092651,551.9770444110036,799.463598407805,625.4192401132813,645.7333,642.6553
2013-12-20 00:10:00+0100,5259,572.6031185314059,609.7657109722495,509.2812025398016,680.0061554834247,606.735410304789,608.63477,610.34564
2013-12-20 00:20:00+0100,5259,546.6251134648919,572.6031185314059,505.8967266753316,709.6008967608213,599.9557572174159,572.9567,578.442
2013-12-20 00:30:00+0100,5259,445.5344859883189,546.6251134648919,428.3467574119568,808.2945941537619,561.5131047351954,543.23236,560.8793
2013-12-20 00:40:00+0100,5259,416.4778331965208,445.5344859883189,451.18957848101854,763.7377873510122,458.0291972792251,463.60144,486.0199
2013-12-20 00:50:00+0100,5259,437.1907522827387,416.4778331965208,433.80961560457945,623.3289980888367,393.936264675944,416.1131,440.5
2013-12-20 01:00:00+0100,5259,388.0954797491431,437.1907522827387,382.5023457109928,565.217228770256,409.35743882077486,412.06378,433.70697
2013-12-20 01:10:00+0100,5259,445.26296761631966,388.0954797491431,425.519977748394,567.8499930351973,393.1289918257784,377.37677,411.44617
2013-12-20 01:20:00+0100,5259,432.4437489509583,445.26296761631966,422.12451070547104,526.4193973094225,414.958391221986,404.74738,422.60516
2013-12-20 01:30:00+0100,5259,399.5137699469924,432.4437489509583,365.89776039123535,511.0602669119835,430.00013985995946,405.8119,404.8363
2013-12-20 01:40:00+0100,5259,385.1998445689678,399.5137699469924,390.9812739789486,521.1609032824636,456.6409002081482,385.24115,429.06097
2013-12-20 01:50:00+0100,5259,376.3880088627338,385.1998445689678,364.1540555730462,763.1188205480576,393.4709904484926,368.03986,412.14575
2013-12-20 02:00:00+0100,5259,302.2584032341838,376.3880088627338,346.40921783447266,511.27463344018906,360.9641541375926,354.30774,395.37476
2013-12-20 02:10:00+0100,5259,334.03979671001434,302.2584032341838,363.67041015625,536.5506388396025,330.2048752971725,296.6895,356.92944
2013-12-20 02:20:00+0100,5259,321.2562866210937,334.03979671001434,336.3878173828125,493.54550635814667,314.3154275184364,296.70966,351.6156
2013-12-20 02:30:00+0100,5259,274.6669128835201,321.2562866210937,334.36815781891346,436.4245346784592,317.442695636023,285.95557,308.72827
2013-12-20 02:40:00+0100,5259,295.4777878522873,274.6669128835201,341.2246261537075,469.0952453613281,299.52678742215016,250.43396,311.5869
2013-12-20 02:50:00+0100,5259,303.4792221784592,295.4777878522873,362.49945068359375,443.4157047867775,291.30863171694523,253.62427,294.79865
2013-12-20 03:00:00+0100,5259,269.9535522460937,303.4792221784592,318.2502136230469,439.2750228047371,302.1109098728496,261.55896,277.14197
2013-12-20 03:10:00+0100,5259,264.6365661621094,269.9535522460937,352.7724609375,437.45016925316304,290.1497384048238,243.63977,285.71973
2013-12-20 03:20:00+0100,5259,304.628173828125,264.6365661621094,335.257329761982,417.2503294497728,274.4794738431769,237.06287,273.68152
2013-12-20 03:30:00+0100,5259,258.4850158691406,304.628173828125,325.4012326300144,425.8912446498871,299.3714235861461,266.03345,274.15942
2013-12-20 03:40:00+0100,5259,254.4398651123047,258.4850158691406,332.80956406891346,416.7361191511154,275.5193539057374,245.55957,266.31348
2013-12-20 03:50:00+0100,5259,292.4066772460937,254.4398651123047,322.70390596985817,390.5647277832031,265.9697703915248,239.29773,273.65063
2013-12-20 04:00:00+0100,5259,244.998352214694,292.4066772460937,294.5767868757248,422.2425863742829,292.5714683735383,266.54028,252.1958
2013-12-20 04:10:00+0100,5259,281.62976913154125,244.998352214694,348.2298278808594,412.7996153384447,270.3672977804723,242.39331,256.3877
2013-12-20 04:20:00+0100,5259,310.6495056152344,281.62976913154125,315.64874267578125,414.7038362026215,277.17403945687295,263.69714,280.10437
2013-12-20 04:30:00+0100,5259,270.8539227573201,310.6495056152344,298.32684326171875,401.3666319400072,308.7188865456877,293.06708,260.93152
2013-12-20 04:40:00+0100,5259,288.67059326171875,270.8539227573201,366.7232666015625,405.0963439941406,298.22302147478126,275.4048,283.6969
2013-12-20 04:50:00+0100,5259,311.66559302806854,288.67059326171875,309.5078125,397.58151710033417,291.0779495855857,285.17273,291.84326
2013-12-20 05:00:00+0100,5259,340.3085327148437,311.66559302806854,294.1190490722656,394.9869995117188,316.7087332541464,305.5691,285.09912
2013-12-20 05:10:00+0100,5259,257.40024268627167,340.3085327148437,335.9127197265625,405.1048278808594,344.4208736066568,334.3473,316.69128
2013-12-20 05:20:00+0100,5259,263.8350524902344,257.40024268627167,328.0090373083949,408.2998046875,289.13567284688327,283.1864,294.4735
2013-12-20 05:30:00+0100,5259,236.5823974609375,263.8350524902344,307.7118835449219,397.3356064558029,286.16304701303886,271.93262,295.57214
2013-12-20 05:40:00+0100,5259,278.8231506347656,236.5823974609375,398.0494737625122,387.0892380475998,258.3068719766877,244.47046,264.19507
2013-12-20 05:50:00+0100,5259,284.6566208600998,278.8231506347656,327.98383030854166,396.8070420026779,264.0958645756174,264.4856,288.61804
2013-12-20 06:00:00+0100,5259,254.3376007080078,284.6566208600998,329.0496595874429,410.0317993164063,284.036324480443,274.3058,271.74194
2013-12-20 06:10:00+0100,5259,276.81293189525604,254.3376007080078,384.1741943359375,399.1503952741623,279.0623480745221,256.53467,289.07898
2013-12-20 06:20:00+0100,5259,281.8143920898437,276.81293189525604,277.4793701171875,398.3318212032318,277.9970472019243,269.09314,303.4088
2013-12-20 06:30:00+0100,5259,239.26896020770076,281.8143920898437,274.7256774902344,416.5104703679681,298.8269066218491,277.0625,277.37244
2013-12-20 06:40:00+0100,5259,286.4895066022873,239.26896020770076,325.95721435546875,431.2731883972883,280.80535299278347,248.74805,290.33154
2013-12-20 06:50:00+0100,5259,352.12360458076,286.4895066022873,334.89874267578125,467.5906780511141,302.02042464222404,275.19385,312.4345
2013-12-20 07:00:00+0100,5259,332.0283592194319,352.12360458076,386.3130187988281,536.473680511117,358.45961221943344,332.28662,324.2354
2013-12-20 07:10:00+0100,5259,333.04713091254234,332.0283592194319,424.3793149292469,527.4265622645617,363.3199640255168,338.0666,361.22864
2013-12-20 07:20:00+0100,5259,385.9553475230932,333.04713091254234,477.2926414459944,565.5848926156759,380.0773853638556,344.99548,400.5672
2013-12-20 07:30:00+0100,5259,387.9447509944439,385.9553475230932,715.1280024945736,583.7432250976562,458.54257498306913,388.7757,409.92535
2013-12-20 07:40:00+0100,5259,561.6152389524505,387.9447509944439,884.7259876905009,738.5305814519525,443.9501845344614,404.94708,445.0506
2013-12-20 07:50:00+0100,5259,627.8576510846615,561.6152389524505,785.5410272357985,736.6140604913235,521.5020177974142,546.0272,591.89685
2013-12-20 08:00:00+0100,5259,701.8379012718797,627.8576510846615,678.9754972755909,772.8159974366426,661.6618656616939,647.56165,686.9212
2013-12-20 08:10:00+0100,5259,829.5209272354841,701.8379012718797,819.5874506114051,941.6674625650048,807.7752332508727,752.2641,860.80115
2013-12-20 08:20:00+0100,5259,994.87541013211,829.5209272354841,879.0156956193969,1180.9034203365443,924.4060484122003,903.39325,1033.0529
2013-12-20 08:30:00+0100,5259,1025.4428449925035,994.87541013211,1063.2783889472485,1349.8344064801931,1100.3526977158087,1101.8624,1228.3525
2013-12-20 08:40:00+0100,5259,1384.3285608645529,1025.4428449925035,1343.3222779110074,1637.9188764300195,1191.3938754852027,1212.9148,1360.5123
2013-12-20 08:50:00+0100,5259,1571.4777258513495,1384.3285608645529,1527.747135408223,1893.405081808567,1460.3823760258852,1566.0479,1707.3611
2013-12-20 09:00:00+0100,5259,1814.9303215146065,1571.4777258513495,1859.015755109489,2107.025463797152,1690.060866849205,1822.1196,1875.3767
2013-12-20 09:10:00+0100,5259,2100.20925591141,1814.9303215146065,1937.3192176818848,2433.977515913546,1923.2215755808052,2063.1714,2109.69
2013-12-20 09:20:00+0100,5259,2204.182621544227,2100.20925591141,2040.312598362565,2575.402364733629,2163.7736248933566,2295.7412,2334.9167
2013-12-20 09:30:00+0100,5259,2249.341483759694,2204.182621544227,2293.775602117181,2659.64417969808,2371.114091460913,2393.3447,2405.6228
2013-12-20 09:40:00+0100,5259,2339.186045870185,2249.341483759694,2391.5418705120683,3142.1609781458974,2439.8015984331205,2445.2063,2504.3472
2013-12-20 09:50:00+0100,5259,2431.0935210995376,2339.186045870185,2310.9871936291456,3253.2834270596504,2453.0269794756177,2517.1404,2548.2112
2013-12-20 10:00:00+0100,5259,2359.00964846462,2431.0935210995376,2419.895688354969,3359.406386062503,2478.8763212945705,2585.9302,2573.621
2013-12-20 10:10:00+0100,5259,2436.4666953645647,2359.00964846462,2641.639700770378,3022.3148225545883,2425.8129317922735,2563.452,2568.517
2013-12-20 10:20:00+0100,5259,2569.6575608132407,2436.4666953645647,2614.3935930654407,3082.056074160151,2462.2539871704666,2622.1333,2578.538
2013-12-20 10:30:00+0100,5259,2629.247246598825,2569.6575608132407,2709.894073069096,3058.277069307864,2561.2445363515167,2728.9536,2621.7822
2013-12-20 10:40:00+0100,5259,2746.3516082940623,2629.247246598825,2891.087364634499,2916.882358245552,2635.4457958775747,2794.8667,2703.9946
2013-12-20 10:50:00+0100,5259,2668.5207893801853,2746.3516082940623,2683.9439778402448,3021.53649751842,2751.628680064653,2861.4607,2739.0562
2013-12-20 11:00:00+0100,5259,2748.245925650001,2668.5207893801853,2721.84197255224,3243.3451464623213,2789.5194181428374,2830.7031,2741.4229
2013-12-20 11:10:00+0100,5259,2844.2450457867235,2748.245925650001,2922.367457360029,3167.599463182501,2799.5033325277896,2843.6804,2802.316
2013-12-20 11:20:00+0100,5259,2771.4474437609315,2844.2450457867235,2925.5016777291894,3047.769886270165,2799.4882132846046,2882.9214,2843.0977
2013-12-20 11:30:00+0100,5259,2981.771942744963,2771.4474437609315,2795.0598907768726,3121.028392690234,2816.9939412242397,2858.539,2843.5674
2013-12-20 11:40:00+0100,5259,3096.725539720617,2981.771942744963,2981.76524977386,3108.1877480894327,2959.640331340024,2945.0767,2937.6843
2013-12-20 11:50:00+0100,5259,2980.405194126069,3096.725539720617,2826.960844427347,3030.7082917168736,3027.8628258320205,3037.0842,3007.1172
2013-12-20 12:00:00+0100,5259,2922.023714515381,2980.405194126069,2799.4987999880686,3131.7480704495683,3043.7602846462732,3034.6658,3027.317
2013-12-20 12:10:00+0100,5259,3167.6196119636297,2922.023714515381,3123.96390225552,3090.5811490267515,3032.8209781879495,3021.896,3079.9963
2013-12-20 12:20:00+0100,5259,3094.633153262548,3167.6196119636297,3150.143806966953,3161.2383595285937,3119.3388148860936,3143.9917,3176.8372
2013-12-20 12:30:00+0100,5259,3288.547993630171,3094.633153262548,3046.845614587888,3170.445475759916,3143.8642597876124,3185.7285,3235.7227
2013-12-20 12:40:00+0100,5259,3428.227437102236,3288.547993630171,3468.646483756602,3392.617520848289,3303.0004491676914,3312.4163,3380.1553
2013-12-20 12:50:00+0100,5259,3247.3110032109544,3428.227437102236,3090.9263949990277,3380.443316015415,3370.309413492163,3444.095,3467.7434
2013-12-20 13:00:00+0100,5259,3309.419918554835,3247.3110032109544,3197.6743943095207,3383.319999792613,3351.4005609770766,3432.8223,3493.9077
2013-12-20 13:10:00+0100,5259,3445.0587603775784,3309.419918554835,3417.0126074776053,3526.3325514299795,3341.9852775371683,3445.307,3539.2893
2013-12-20 13:20:00+0100,5259,3121.758975364268,3445.0587603775784,2906.8586053587496,3477.3460472058505,3327.342472325065,3494.7122,3547.8352
2013-12-20 13:30:00+0100,5259,3351.3520291745663,3121.758975364268,3040.7360636172816,3264.697547726333,3228.4336408887857,3367.984,3448.3076
2013-12-20 13:40:00+0100,5259,3261.4305491326377,3351.3520291745663,3329.9261390622705,3512.800517193973,3321.622997193819,3395.908,3462.0688
2013-12-20 13:50:00+0100,5259,3091.6463323039934,3261.4305491326377,3320.116162022576,3178.9376130830497,3237.7832594743054,3354.4644,3386.7168
2013-12-20 14:00:00+0100,5259,3273.6483830092475,3091.6463323039934,3093.6794263003394,3551.356916695833,3147.3972559090917,3241.7898,3342.2627
2013-12-20 14:10:00+0100,5259,3073.1972984503955,3273.6483830092475,3205.8436513124034,3323.3059461191297,3166.301894364081,3242.497,3325.5151
2013-12-20 14:20:00+0100,5259,3069.320159353316,3073.1972984503955,2994.40304386802,3122.66246894002,3034.4724951223034,3146.6274,3224.8015
2013-12-20 14:30:00+0100,5259,2959.339894838631,3069.320159353316,2840.915683480911,3014.8073089076206,3047.407424258421,3088.3835,3211.4292
2013-12-20 14:40:00+0100,5259,3132.4454618049785,2959.339894838631,2868.276160210371,3064.33435286209,2917.7354936374545,3002.7397,3103.538
2013-12-20 14:50:00+0100,5259,2841.379179582,3132.4454618049785,2783.326205700636,2799.588269278407,3037.0920375300248,3027.3674,3069.7148
2013-12-20 15:00:00+0100,5259,2857.4457533238456,2841.379179582,2646.1895175212994,3067.56043607276,2881.5572043463703,2915.412,3007.9998
2013-12-20 15:10:00+0100,5259,2897.928165651858,2857.4457533238456,2663.997108615935,2877.0627937689424,2851.94628308393,2848.7178,2976.7134
2013-12-20 15:20:00+0100,5259,2816.034089582972,2897.928165651858,2644.5558423651382,2977.0365719553083,2843.3215699761295,2822.2378,2933.2996
2013-12-20 15:30:00+0100,5259,2770.797042109072,2816.034089582972,2672.256727307104,2901.4242512239143,2832.6126912031395,2769.039,2945.33
2013-12-20 15:40:00+0100,5259,3127.087594177574,2770.797042109072,2697.1329801529646,3032.021068841219,2792.0458051120268,2711.8938,2908.9182
2013-12-20 15:50:00+0100,5259,2878.534056685865,3127.087594177574,2690.958188089542,2991.5554961264133,3002.4893371196013,2830.1528,2962.864
2013-12-20 16:00:00+0100,5259,3007.193306595087,2878.534056685865,2776.708302929997,3018.2166399769485,2922.19285278428,2807.2605,2982.1462
2013-12-20 16:10:00+0100,5259,2896.5751527203247,3007.193306595087,2705.3882689503957,2935.41804808192,3002.985830696811,2841.4902,3032.3135
2013-12-20 16:20:00+0100,5259,2922.524259778671,2896.5751527203247,2695.671984963119,3001.3850375786424,2901.2139075326604,2813.5698,2971.3735
2013-12-20 16:30:00+0100,5259,2883.484601929784,2922.524259778671,2693.885406010784,2816.8563472134992,2910.112257252169,2802.8271,2990.3403
2013-12-20 16:40:00+0100,5259,2909.83321557194,2883.484601929784,2853.3986860793084,2856.8744340091944,2902.105876112092,2777.7812,2949.1318
2013-12-20 16:50:00+0100,5259,2684.657535001636,2909.83321557194,2749.04720038455,2928.0289658037946,2895.9543211969853,2773.254,2929.0137
2013-12-20 17:00:00+0100,5259,2849.2990644602105,2684.657535001636,3048.1580493450165,2820.556758847088,2734.5126523376025,2669.7078,2852.9937
2013-12-20 17:10:00+0100,5259,2931.2500789240003,2849.2990644602105,3068.623621463776,2787.717691719532,2780.54924421974,2672.7593,2855.5884
2013-12-20 17:20:00+0100,5259,2573.3013124819845,2931.2500789240003,3087.591408342123,2708.419527573511,2828.513746032896,2717.5151,2814.0508
2013-12-20 17:30:00+0100,5259,2515.5429898500443,2573.3013124819845,3060.1066258829087,2576.742887228728,2632.718990321683,2590.9277,2738.3914
2013-12-20 17:40:00+0100,5259,2507.9435688331723,2515.5429898500443,2897.2188777029514,2478.679370939732,2537.19626755249,2470.575,2646.1233
2013-12-20 17:50:00+0100,5259,2226.534677177668,2507.9435688331723,2815.630643233657,2518.6485466063023,2442.7161877469853,2386.7715,2541.1396
2013-12-20 18:00:00+0100,5259,2203.5463608801365,2226.534677177668,2529.0251176804304,2415.1485893651843,2204.443501904051,2207.6562,2391.924
2013-12-20 18:10:00+0100,5259,2082.348854410462,2203.5463608801365,2245.471249654889,2369.0003955466677,2120.8036970059675,2084.6462,2297.2559
2013-12-20 18:20:00+0100,5259,1719.53792232275,2082.348854410462,2233.338144481182,2246.671744558029,2033.3470823126027,1966.1487,2133.1287
2013-12-20 18:30:00+0100,5259,1901.250009040348,1719.53792232275,2286.004573681392,2138.835664602928,1767.5651144114656,1740.8447,1847.9636
2013-12-20 18:40:00+0100,5259,1769.5541625320911,1901.250009040348,2205.6169660687447,2077.5623867092654,1790.7604111996184,1697.856,1871.2974
2013-12-20 18:50:00+0100,5259,1628.490596882999,1769.5541625320911,1936.1971586225557,2111.7170687019825,1668.260558091314,1646.3562,1705.7559
2013-12-20 19:00:00+0100,5259,1499.5220437254757,1628.490596882999,1866.6300400551409,1779.3567699044945,1568.79480566152,1568.8563,1637.7379
2013-12-20 19:10:00+0100,5259,1488.8445067703724,1499.5220437254757,1681.9673975110054,1646.7855112180114,1485.0678739154935,1469.9319,1509.4716
2013-12-20 19:20:00+0100,5259,1333.2394784763455,1488.8445067703724,1652.021478765644,1603.5571436733007,1448.2006687175299,1414.0322,1457.4385
2013-12-20 19:30:00+0100,5259,1216.879796076566,1333.2394784763455,1538.9087181910872,1615.117604228668,1297.4957924529397,1316.8668,1368.654
2013-12-20 19:40:00+0100,5259,1138.0106884445995,1216.879796076566,1475.517298065126,1460.6843685805798,1172.344672701487,1207.9802,1271.3467
2013-12-20 19:50:00+0100,5259,1066.6330708814785,1138.0106884445995,1352.842070773244,1215.102297823876,1076.1950124757318,1113.3036,1157.4414
2013-12-20 20:00:00+0100,5259,1032.1315904539078,1066.6330708814785,1158.379320582375,1214.400137163699,1038.1210132847302,1033.9595,1114.498
2013-12-20 20:10:00+0100,5259,1043.8256559669971,1032.1315904539078,1261.2252336964011,1161.5158251225948,999.9247554207367,983.3877,1072.4113
2013-12-20 20:20:00+0100,5259,1009.7768371552228,1043.8256559669971,1102.8249175846577,1136.7038432266563,968.7191880147369,973.81464,1017.82983
2013-12-20 20:30:00+0100,5259,895.5723613798618,1009.7768371552228,1114.793097883463,980.2428924888372,979.7572800802245,957.3026,994.19165
2013-12-20 20:40:00+0100,5259,914.8564437627792,895.5723613798618,1173.9223892614243,981.7706518620251,907.3769506441301,884.6509,951.9646
2013-12-20 20:50:00+0100,5259,885.6958491904661,914.8564437627792,1068.9014452397823,864.0383823290467,875.959684021814,864.25366,908.3406
2013-12-20 21:00:00+0100,5259,917.4471974549816,885.6958491904661,939.7294984161854,888.7547314688563,874.4161873840902,842.75085,881.84686
2013-12-20 21:10:00+0100,5259,873.7310927584767,917.4471974549816,1005.547067001462,951.2628764910625,905.5638841728903,860.0298,908.61707
2013-12-20 21:20:00+0100,5259,781.0957500515506,873.7310927584767,993.1733936220407,958.4625367820264,859.9300145336044,845.4308,872.85474
2013-12-20 21:30:00+0100,5259,800.3652169732377,781.0957500515506,919.0537852942944,939.4887439832092,807.7072634300708,782.7419,829.84753
2013-12-20 21:40:00+0100,5259,801.4754496589303,800.3652169732377,906.561665393412,860.5304542183876,803.4026499728685,774.0647,818.2771
2013-12-20 21:50:00+0100,5259,840.0715251294896,801.4754496589303,883.3216795176268,897.7282585278153,794.3863411168554,775.2299,802.6798
2013-12-20 22:00:00+0100,5259,769.939583286643,840.0715251294896,956.223319619894,957.7814405560492,831.9415222598553,806.9175,819.6387
2013-12-20 22:10:00+0100,5259,678.9202973600477,769.939583286643,833.2599172145128,1022.8386414460838,796.7378060114685,774.72864,794.696
2013-12-20 22:20:00+0100,5259,827.2145606651902,678.9202973600477,928.9671269953252,1007.3271424025296,698.5027304262373,702.3449,738.26984
2013-12-20 22:30:00+0100,5259,803.5615451037884,827.2145606651902,825.7767035989091,872.0730691626668,766.1344544175063,780.69586,773.02374
2013-12-20 22:40:00+0100,5259,721.7791727893054,803.5615451037884,843.0537327975035,900.0307958126068,792.4097035951474,792.6583,782.78253
2013-12-20 22:50:00+0100,5259,781.7197651267052,721.7791727893054,873.6688044816256,856.5132489129901,764.1417956064674,743.63635,757.46204
2013-12-20 23:00:00+0100,5259,704.713161803782,781.7197651267052,799.6934003531933,954.8539447560906,768.3142247918645,770.79,760.3848
2013-12-20 23:10:00+0100,5259,847.9293958768249,704.713161803782,756.8203016221523,832.8553283018991,735.6913908682977,723.8849,720.8541
2013-12-20 23:20:00+0100,5259,711.7117992714047,847.9293958768249,680.1864527985454,1034.7380194365978,800.1930291579608,810.6582,788.8781
2013-12-20 23:30:00+0100,5259,733.2740586698055,711.7117992714047,654.8073024749756,898.3605004549026,723.4498133596136,742.72473,716.08215
2013-12-20 23:40:00+0100,5259,672.7557832747698,733.2740586698055,658.9542206898332,857.7000474995002,741.0070786253103,737.84546,741.8265
2013-12-20 23:50:00+0100,5259,650.9423236725852,672.7557832747698,670.3718748092651,788.8826312897727,672.2678223851774,690.1751,702.6387
2013-12-21 00:00:00+0100,5259,660.822786718607,650.9423236725852,609.7657109722495,793.4184438362718,654.1991836039892,656.99713,680.731
2013-12-21 00:10:00+0100,5259,704.2964114919305,660.822786718607,572.6031185314059,802.6739280670881,664.0112043381909,650.9268,672.0747
2013-12-21 00:20:00+0100,5259,598.0852518677711,704.2964114919305,546.6251134648919,970.3755896538496,711.7422677630142,679.26953,678.9675
2013-12-21 00:30:00+0100,5259,612.6434864774346,598.0852518677711,445.5344859883189,1086.1817037044093,651.0202430693163,616.06903,624.9391
2013-12-21 00:40:00+0100,5259,574.4143811762333,612.6434864774346,416.4778331965208,1178.2339253406972,648.7080787532052,607.18005,641.36646
2013-12-21 00:50:00+0100,5259,538.633186340332,574.4143811762333,437.1907522827387,1167.142485372722,598.396466893402,576.06854,593.1058
2013-12-21 01:00:00+0100,5259,506.62983107566833,538.633186340332,388.0954797491431,1200.1687129437923,572.063442908811,540.75385,570.54126
2013-12-21 01:10:00+0100,5259,487.7431974187493,506.62983107566833,445.26296761631966,1227.8321533203125,549.2576010978006,506.30768,538.4606
2013-12-21 01:20:00+0100,5259,479.39100646972656,487.7431974187493,432.4437489509583,1264.943603515625,511.7870312013066,481.0982,508.18262
2013-12-21 01:30:00+0100,5259,435.4077881276608,479.39100646972656,399.5137699469924,1243.485244102776,489.60211675440723,466.45984,502.91418
2013-12-21 01:40:00+0100,5259,471.4901797771454,435.4077881276608,385.1998445689678,1213.6748164594171,488.59819868416434,431.44824,476.0567
2013-12-21 01:50:00+0100,5259,396.9170303344727,471.4901797771454,376.3880088627338,1388.9012472629547,504.7591924867522,444.18323,469.43707
2013-12-21 02:00:00+0100,5259,348.55617263913155,396.9170303344727,302.2584032341838,1402.8791936337948,442.88651725045037,397.01715,418.40527
2013-12-21 02:10:00+0100,5259,479.2811364904046,348.55617263913155,334.03979671001434,1375.7229246646166,417.5760348064092,347.74243,401.26465
2013-12-21 02:20:00+0100,5259,344.1962280273437,479.2811364904046,321.2562866210937,1477.2783451676369,451.08350371325116,417.67352,407.6527
2013-12-21 02:30:00+0100,5259,423.16737937927246,344.1962280273437,274.6669128835201,1262.058873936534,384.79738624483593,348.01764,351.04694
2013-12-21 02:40:00+0100,5259,399.7209224253893,423.16737937927246,295.4777878522873,1308.4503437578678,435.90825775381086,380.0877,414.65845
2013-12-21 02:50:00+0100,5259,389.9676223993301,399.7209224253893,303.4792221784592,1143.7032499089837,403.27492967419727,373.36096,356.07092
2013-12-21 03:00:00+0100,5259,368.2229677438736,389.9676223993301,269.9535522460937,1071.7419551312923,399.5716560205375,365.3147,400.91528
2013-12-21 03:10:00+0100,5259,400.0104779973626,368.2229677438736,264.6365661621094,950.458251953125,372.90058860976967,347.68066,380.3897
2013-12-21 03:20:00+0100,5259,342.7416076660156,400.0104779973626,304.628173828125,819.4921875,401.6135603496635,364.27594,373.8673
2013-12-21 03:30:00+0100,5259,298.1574478149414,342.7416076660156,258.4850158691406,844.0266231000423,367.807004685096,329.80005,359.54205
2013-12-21 03:40:00+0100,5259,299.0245056152344,298.1574478149414,254.4398651123047,800.903076171875,329.7610571292943,287.35522,334.31494
2013-12-21 03:50:00+0100,5259,308.54463347792625,299.0245056152344,292.4066772460937,761.3477783203125,309.2983830043743,272.9065,302.53906
2013-12-21 04:00:00+0100,5259,347.90203753113747,308.54463347792625,244.998352214694,748.6944906115532,287.82874210564296,274.36536,292.95874
2013-12-21 04:10:00+0100,5259,346.21343994140625,347.90203753113747,281.62976913154125,551.5218505859375,319.02377997271594,305.19696,308.7417
2013-12-21 04:20:00+0100,5259,249.62515258789065,346.21343994140625,310.6495056152344,509.4553833007813,335.193844165578,318.4735,304.45435
2013-12-21 04:30:00+0100,5259,243.95176696777344,249.62515258789065,270.8539227573201,415.6690285950899,282.8174423732663,257.22156,271.6488
2013-12-21 04:40:00+0100,5259,255.19741821289065,243.95176696777344,288.67059326171875,363.9160461425781,264.63520662814426,234.7373,261.66028
2013-12-21 04:50:00+0100,5259,206.6522521972656,255.19741821289065,311.66559302806854,362.7939453125,246.72313483980224,233.89478,234.20947
2013-12-21 05:00:00+0100,5259,213.54368591308597,206.6522521972656,340.3085327148437,357.9750061035156,214.2405280768394,197.7356,227.46423
2013-12-21 05:10:00+0100,5259,264.4783658757806,213.54368591308597,257.40024268627167,336.8126220703125,212.33401768926126,191.98242,236.69165
2013-12-21 05:20:00+0100,5259,190.69512176513672,264.4783658757806,263.8350524902344,338.2080078125,247.46297570803625,228.09277,225.54822
2013-12-21 05:30:00+0100,5259,212.3159459233284,190.69512176513672,236.5823974609375,327.9330444335937,220.53936683372513,188.52625,228.83118
2013-12-21 05:40:00+0100,5259,240.7087860107422,212.3159459233284,278.8231506347656,336.6008605957031,229.67718788740459,194.5835,254.04419
2013-12-21 05:50:00+0100,5259,186.16050720214844,240.7087860107422,284.6566208600998,324.7960510253906,228.21515528549932,218.06897,230.23584
2013-12-21 06:00:00+0100,5259,223.51171875,186.16050720214844,254.3376007080078,311.83902261406183,209.47200992742634,187.28967,242.58337
2013-12-21 06:10:00+0100,5259,219.18960082530972,223.51171875,276.81293189525604,309.3061578720808,225.39722805040807,206.48535,254.02039
2013-12-21 06:20:00+0100,5259,205.6435416340828,219.18960082530972,281.8143920898437,316.2872619628906,218.11375719123168,209.72546,215.74622
2013-12-21 06:30:00+0100,5259,195.75174789130688,205.6435416340828,239.26896020770076,326.16212114691734,225.77577833766264,201.97424,241.30591
2013-12-21 06:40:00+0100,5259,246.6940086334944,195.75174789130688,286.4895066022873,346.54615435004234,224.94323863826736,193.03479,232.92798
2013-12-21 06:50:00+0100,5259,202.8500213623047,246.6940086334944,352.12360458076,350.0570373535156,250.0950061510051,227.59729,237.08997
2013-12-21 07:00:00+0100,5259,217.661147415638,202.8500213623047,332.0283592194319,344.20301131904125,224.5205661285339,206.7771,241.52075
2013-12-21 07:10:00+0100,5259,227.7935028076172,217.661147415638,333.04713091254234,326.7037048339844,240.50537241552135,212.45776,276.01038
2013-12-21 07:20:00+0100,5259,215.32537493109703,227.7935028076172,385.9553475230932,347.7885788679123,266.48128874077577,221.56396,249.8706
2013-12-21 07:30:00+0100,5259,221.06283569335935,215.32537493109703,387.9447509944439,394.3212888119742,279.6795139886867,215.33789,271.1599
2013-12-21 07:40:00+0100,5259,259.1468505859375,221.06283569335935,561.6152389524505,439.4477844238281,257.1510579378159,217.96472,292.94037
2013-12-21 07:50:00+0100,5259,272.07501220703125,259.1468505859375,627.8576510846615,391.5675129070878,249.39543238696055,246.93982,294.87213
2013-12-21 08:00:00+0100,5259,285.72139878571033,272.07501220703125,701.8379012718797,382.1996443774551,292.6167435464401,266.46472,319.30328
2013-12-21 08:10:00+0100,5259,278.95801012497395,285.72139878571033,829.5209272354841,400.9739907942712,334.3211909007635,284.92004,356.87927
2013-12-21 08:20:00+0100,5259,278.1963909417391,278.95801012497395,994.87541013211,399.3365958184004,334.16679616257466,287.53357,345.76166
2013-12-21 08:30:00+0100,5259,231.95676236599684,278.1963909417391,1025.4428449925035,401.44839011412114,357.6143218277474,288.53162,353.24292
2013-12-21 08:40:00+0100,5259,309.9158776476979,231.95676236599684,1384.3285608645529,439.4247771501541,348.2790764755563,253.37903,348.63452
2013-12-21 08:50:00+0100,5259,275.5203204182908,309.9158776476979,1571.4777258513495,491.4100856510922,370.6342857294151,298.74084,352.05585
2013-12-21 09:00:00+0100,5259,274.7701224684715,275.5203204182908,1814.9303215146065,445.828458070755,361.6593557727358,285.29297,316.32855
2013-12-21 09:10:00+0100,5259,374.7631425857544,274.7701224684715,2100.20925591141,484.93322659563273,355.0790851841028,281.4093,363.62103
2013-12-21 09:20:00+0100,5259,319.24483884871006,374.7631425857544,2204.182621544227,515.3965012431145,405.64875814746017,355.37158,379.98047
2013-12-21 09:30:00+0100,5259,368.6952734589577,319.24483884871006,2249.341483759694,474.10280818026513,426.53511201452824,337.92627,361.58942
2013-12-21 09:40:00+0100,5259,379.0768271461129,368.6952734589577,2339.186045870185,768.2841480821371,444.14798226367225,373.66333,422.66205
2013-12-21 09:50:00+0100,5259,361.6336700674146,379.0768271461129,2431.0935210995376,748.2159191966057,405.0930126776848,393.70996,375.51544
2013-12-21 10:00:00+0100,5259,431.411056551151,361.6336700674146,2359.00964846462,639.2022265866399,410.72448056604026,387.99725,405.2426
2013-12-21 10:10:00+0100,5259,454.8043094752357,431.411056551151,2436.4666953645647,588.9450207725167,470.10466186951066,440.229,426.13086
2013-12-21 10:20:00+0100,5259,413.95542491972446,454.8043094752357,2569.6575608132407,620.4313035905361,493.2308558642539,474.78363,436.96368
2013-12-21 10:30:00+0100,5259,484.3036588132381,413.95542491972446,2629.247246598825,597.7904190747067,502.6701063879789,457.0027,441.40247
2013-12-21 10:40:00+0100,5259,528.7534724054858,484.3036588132381,2746.3516082940623,693.8273852970451,526.2506931945034,507.62433,479.29443
2013-12-21 10:50:00+0100,5259,653.6566920652986,528.7534724054858,2668.5207893801853,707.0148567017168,527.1074185794829,557.4912,492.07513
2013-12-21 11:00:00+0100,5259,439.9082014895976,653.6566920652986,2748.245925650001,679.8415448889136,671.263715771912,674.5934,619.9936
2013-12-21 11:10:00+0100,5259,483.705805985257,439.9082014895976,2844.2450457867235,705.354447722435,563.552228399328,550.4964,459.51727
2013-12-21 11:20:00+0100,5259,482.5962301371619,483.705805985257,2771.4474437609315,659.6850350452587,533.7588141566561,550.5386,487.2223
2013-12-21 11:30:00+0100,5259,496.2711615813896,482.5962301371619,2981.771942744963,673.2971803024411,534.4165359513775,538.3636,462.8001
2013-12-21 11:40:00+0100,5259,505.2123070396483,496.2711615813896,3096.725539720617,741.569541208446,520.2766970396499,535.69116,479.899
2013-12-21 11:50:00+0100,5259,596.369906517677,505.2123070396483,2980.405194126069,678.3230728013441,510.77975198839675,536.00635,462.664
2013-12-21 12:00:00+0100,5259,616.4278953727335,596.369906517677,2922.023714515381,828.5297508016229,636.4181507259925,604.44855,513.8263
2013-12-21 12:10:00+0100,5259,672.2705681025982,616.4278953727335,3167.6196119636297,741.0225389832631,674.696721853498,643.1907,570.71423
2013-12-21 12:20:00+0100,5259,606.2477829456329,672.2705681025982,3094.633153262548,742.009411544539,708.6784071900915,706.181,623.2409
2013-12-21 12:30:00+0100,5259,611.7179951444268,606.2477829456329,3288.547993630171,828.8429652964696,715.7452732934113,681.05853,615.8631
2013-12-21 12:40:00+0100,5259,520.1665841639042,611.7179951444268,3428.227437102236,772.1358840195462,670.6990997721878,680.7227,629.0359
2013-12-21 12:50:00+0100,5259,497.5312389461324,520.1665841639042,3247.3110032109544,763.3707087691873,554.3916448985208,603.026,530.03485
2013-12-21 13:00:00+0100,5259,499.4650425668806,497.5312389461324,3309.419918554835,809.3866688450798,583.6097421549902,550.3478,489.57196
2013-12-21 13:10:00+0100,5259,581.1545286877081,499.4650425668806,3445.0587603775784,837.4253537757322,512.8567630408074,520.9741,484.31897
2013-12-21 13:20:00+0100,5259,552.150576188229,581.1545286877081,3121.758975364268,890.18400989566,523.5629020534013,563.8514,492.27997
2013-12-21 13:30:00+0100,5259,646.7218910939991,552.150576188229,3351.3520291745663,772.163984214887,629.8727275067042,552.87054,495.74042
2013-12-21 13:40:00+0100,5259,643.5366749595851,646.7218910939991,3261.4305491326377,903.1141970856116,677.4510079080815,623.7332,551.58905
2013-12-21 13:50:00+0100,5259,555.0462012467906,643.5366749595851,3091.6463323039934,814.9735384350643,648.458447079762,647.78705,565.97815
2013-12-21 14:00:00+0100,5259,589.1825799494982,555.0462012467906,3273.6483830092475,781.7759434431791,624.5020847150427,595.0324,536.22845
2013-12-21 14:10:00+0100,5259,602.5065224720165,589.1825799494982,3073.1972984503955,791.7343463851139,614.0656124716918,604.42224,556.46295
2013-12-21 14:20:00+0100,5259,520.0025576828048,602.5065224720165,3069.320159353316,836.3032370172441,598.6403783596611,612.67926,531.1
2013-12-21 14:30:00+0100,5259,454.6469088969752,520.0025576828048,2959.339894838631,848.4895359287038,559.5927091068875,551.4506,500.7397
2013-12-21 14:40:00+0100,5259,489.85046785883605,454.6469088969752,3132.4454618049785,817.2457432728261,519.0040238614489,480.60095,447.18665
2013-12-21 14:50:00+0100,5259,527.1475094025955,489.85046785883605,2841.379179582,885.0920062689111,482.605401416402,477.17035,429.39545
2013-12-21 15:00:00+0100,5259,500.5272571966052,527.1475094025955,2857.4457533238456,869.8704167660326,513.8708245949275,498.31372,450.52136
2013-12-21 15:10:00+0100,5259,549.4680244028568,500.5272571966052,2897.928165651858,800.0209253858775,538.6011615317618,486.74432,473.12878
2013-12-21 15:20:00+0100,5259,474.7238163203001,549.4680244028568,2816.034089582972,910.2663774304092,568.5548278739501,521.2057,485.01312
2013-12-21 15:30:00+0100,5259,481.0931854015216,474.7238163203001,2770.797042109072,800.9656842947006,538.0158255750484,480.62292,461.30182
2013-12-21 15:40:00+0100,5259,564.0080904420465,481.0931854015216,3127.087594177574,773.0960199832916,542.8728897898715,473.47406,478.23224
2013-12-21 15:50:00+0100,5259,470.2981452429667,564.0080904420465,2878.534056685865,799.527620613575,565.6689197744187,529.6005,481.646
2013-12-21 16:00:00+0100,5259,507.5578895397484,470.2981452429667,3007.193306595087,829.6226229025051,534.5296374760946,481.1233,445.80396
2013-12-21 16:10:00+0100,5259,481.7478784248233,507.5578895397484,2896.5751527203247,803.0583171406761,522.9905828848317,494.5285,496.62054
2013-12-21 16:20:00+0100,5259,476.9444813532755,481.7478784248233,2922.524259778671,761.552427334711,517.0978313626126,478.74103,459.17383
2013-12-21 16:30:00+0100,5259,472.4901977414265,476.9444813532755,2883.484601929784,757.8198263058439,539.7292081285168,469.76923,462.53345
2013-12-21 16:40:00+0100,5259,574.7180950995535,472.4901977414265,2909.83321557194,905.6817860929297,531.2503545290117,462.76898,457.77997
2013-12-21 16:50:00+0100,5259,477.4722181139514,574.7180950995535,2684.657535001636,983.651947395876,581.7181039549225,535.11786,489.70605
2013-12-21 17:00:00+0100,5259,509.32197753340006,477.4722181139514,2849.2990644602105,914.253370059654,577.9052563843854,490.12415,458.88123
2013-12-21 17:10:00+0100,5259,582.4520264174789,509.32197753340006,2931.2500789240003,951.10931677185,550.7437951555817,502.87732,513.7776
2013-12-21 17:20:00+0100,5259,560.960020381026,582.4520264174789,2573.3013124819845,912.481833409518,562.7605735922311,560.99786,522.3886
2013-12-21 17:30:00+0100,5259,488.4851759886369,560.960020381026,2515.5429898500443,926.3304272890092,594.3481603087297,566.75055,542.38306
2013-12-21 17:40:00+0100,5259,541.7732629813254,488.4851759886369,2507.9435688331723,1030.0837879180908,524.5569650076661,519.0208,508.8744
2013-12-21 17:50:00+0100,5259,444.5749393664301,541.7732629813254,2226.534677177668,918.744912661612,507.3142481937808,543.1992,521.44305
2013-12-21 18:00:00+0100,5259,530.2712399959564,444.5749393664301,2203.5463608801365,859.3561846986413,441.86907072567703,474.5843,463.65918
2013-12-21 18:10:00+0100,5259,533.8649142570794,530.2712399959564,2082.348854410462,846.766625973396,477.29915649875824,513.73944,516.78577
2013-12-21 18:20:00+0100,5259,513.3554652109742,533.8649142570794,1719.53792232275,792.7748672813177,521.7667978492202,525.93805,492.45056
2013-12-21 18:30:00+0100,5259,471.7497623562813,513.3554652109742,1901.250009040348,805.4980332329869,548.203657629035,516.61304,517.9861
2013-12-21 18:40:00+0100,5259,558.7283533541486,471.7497623562813,1769.5541625320911,741.6720658540726,470.50654912224826,484.13757,504.14514
2013-12-21 18:50:00+0100,5259,478.33829961530864,558.7283533541486,1628.490596882999,746.2893511680886,516.084865026348,537.5717,526.03687
2013-12-21 19:00:00+0100,5259,481.8416759921238,478.33829961530864,1499.5220437254757,732.9470068588853,476.5232761979425,494.3717,501.7472
2013-12-21 19:10:00+0100,5259,559.3178620738909,481.8416759921238,1488.8445067703724,673.9712933301926,479.0187455814942,484.4776,510.3058
2013-12-21 19:20:00+0100,5259,554.104037838988,559.3178620738909,1333.2394784763455,674.0197478681803,524.9030044240178,537.1159,513.2887
2013-12-21 19:30:00+0100,5259,547.5673317490146,554.104037838988,1216.879796076566,690.6426713913679,541.4970386399067,551.0329,546.42664
2013-12-21 19:40:00+0100,5259,554.0689059048891,547.5673317490146,1138.0106884445995,702.5971083194017,549.72541182436,555.08325,581.6687
2013-12-21 19:50:00+0100,5259,477.068557202816,554.0689059048891,1066.6330708814785,701.6574913114309,536.9048221797464,563.85455,567.1126
2013-12-21 20:00:00+0100,5259,460.97798027377576,477.068557202816,1032.1315904539078,608.9525503274053,491.61139850559357,509.0694,524.11505
2013-12-21 20:10:00+0100,5259,512.9554696828127,460.97798027377576,1043.8256559669971,558.5307664647698,475.0805680808579,476.65887,518.53796
2013-12-21 20:20:00+0100,5259,443.4748097388074,512.9554696828127,1009.7768371552228,570.3790161386132,481.1349348332517,499.12756,517.8242
2013-12-21 20:30:00+0100,5259,471.7085312185809,443.4748097388074,895.5723613798618,585.7779666036367,481.8767553281011,451.54968,489.5562
2013-12-21 20:40:00+0100,5259,444.98467314988375,471.7085312185809,914.8564437627792,753.8805564492941,507.3179203430443,456.51813,517.2362
2013-12-21 20:50:00+0100,5259,426.4487539511174,444.98467314988375,885.6958491904661,829.4192424453795,457.67104944003404,436.71014,463.15973
2013-12-21 21:00:00+0100,5259,461.8109067082405,426.4487539511174,917.4471974549816,811.406803409569,452.3162363640842,416.38727,478.00598
2013-12-21 21:10:00+0100,5259,464.0794795155525,461.8109067082405,873.7310927584767,859.1671288264915,476.92695336800307,435.06354,489.4104
2013-12-21 21:20:00+0100,5259,454.74393569957465,464.0794795155525,781.0957500515506,905.804371252656,482.5303264226526,443.2439,472.15814
2013-12-21 21:30:00+0100,5259,432.8028406081721,454.74393569957465,800.3652169732377,973.2386411428452,496.8448579882283,441.5788,500.28845
2013-12-21 21:40:00+0100,5259,455.83198705594987,432.8028406081721,801.4754496589303,1064.5852875187993,483.02468975877105,426.9099,497.83588
2013-12-21 21:50:00+0100,5259,469.578068330884,455.83198705594987,840.0715251294896,1066.6947969049215,485.9370428871963,439.6463,497.78802
2013-12-21 22:00:00+0100,5259,430.80714787822217,469.578068330884,769.939583286643,1077.8642205819488,474.9521688311602,454.35712,505.91754
2013-12-21 22:10:00+0100,5259,462.61898905038834,430.80714787822217,678.9202973600477,1038.1529735205695,456.954565664445,432.19696,511.05603
2013-12-21 22:20:00+0100,5259,474.3350710272789,462.61898905038834,827.2145606651902,990.6328873485328,489.2823047564905,449.85437,503.64685
2013-12-21 22:30:00+0100,5259,472.1513925669715,474.3350710272789,803.5615451037884,972.850883245468,484.84684038829073,464.61194,507.8081
2013-12-21 22:40:00+0100,5259,466.9173333067447,472.1513925669715,721.7791727893054,1017.9183348743244,503.364423502573,469.7644,525.1822
2013-12-21 22:50:00+0100,5259,535.2953677801415,466.9173333067447,781.7197651267052,1012.822090181522,510.6261019125851,469.66797,514.1875
2013-12-21 23:00:00+0100,5259,518.0398623943329,535.2953677801415,704.713161803782,1121.059738755226,530.8031532243908,522.61163,530.70184
2013-12-21 23:10:00+0100,5259,441.8685345649719,518.0398623943329,847.9293958768249,969.0970699638128,516.9374203224595,529.2311,554.4671
2013-12-21 23:20:00+0100,5259,385.2777906656265,441.8685345649719,711.7117992714047,898.6709778159857,470.21794474802994,477.4403,504.63715
2013-12-21 23:30:00+0100,5259,364.3630175590515,385.2777906656265,733.2740586698055,858.8146302578971,440.57032083026826,416.44104,458.7721
2013-12-21 23:40:00+0100,5259,409.0307794138789,364.3630175590515,672.7557832747698,943.5048564923928,386.0008230611637,373.5298,449.9516
2013-12-21 23:50:00+0100,5259,324.79206600319594,409.0307794138789,650.9423236725852,856.8148299977183,398.81815630042104,385.37634,429.33704
2013-12-22 00:00:00+0100,5259,464.26359287649393,324.79206600319594,660.822786718607,957.7267332775518,388.2839774494881,323.2389,382.0893
2013-12-22 00:10:00+0100,5259,556.5269844308496,464.26359287649393,704.2964114919305,1134.3608375070617,467.3100581598653,406.33472,444.92505
2013-12-22 00:20:00+0100,5259,559.4771777614951,556.5269844308496,598.0852518677711,1129.5073090223595,541.5334867139262,504.32446,455.18018
2013-12-22 00:30:00+0100,5259,679.3174493834376,559.4771777614951,612.6434864774346,1247.914067124948,602.8254923216938,549.51526,555.95807
2013-12-22 00:40:00+0100,5259,820.9843943296,679.3174493834376,574.4143811762333,1277.8326485389844,706.0272737294871,669.5054,660.686
2013-12-22 00:50:00+0100,5259,884.4168569594622,820.9843943296,538.633186340332,1365.870182275772,857.5278596394803,831.6565,772.0465
2013-12-22 01:00:00+0100,5259,1037.050126373768,884.4168569594622,506.62983107566833,1628.2661450318992,915.3665788992985,954.3485,926.16296
2013-12-22 01:10:00+0100,5259,994.9923043847084,1037.050126373768,487.7431974187493,1455.8025737404823,1034.7672306508498,1141.1912,1112.1112
2013-12-22 01:20:00+0100,5259,1163.5909741297364,994.9923043847084,479.39100646972656,1502.3126508025452,1087.9548504389866,1187.9858,1114.9377
2013-12-22 01:30:00+0100,5259,957.0945023149252,1163.5909741297364,435.4077881276608,1743.5912155490369,1207.9248099424135,1354.1522,1266.2594
2013-12-22 01:40:00+0100,5259,955.5931026637554,957.0945023149252,471.4901797771454,1844.5757019743323,1054.320799385596,1226.3213,1083.622
2013-12-22 01:50:00+0100,5259,995.6390049234031,955.5931026637554,396.9170303344727,1706.7007879372686,999.7225593625622,1168.2809,1040.5371
2013-12-22 02:00:00+0100,5259,985.5196056244896,995.6390049234031,348.55617263913155,1746.525869037025,988.3880515577697,1145.4128,1002.49506
2013-12-22 02:10:00+0100,5259,1118.0166568756104,985.5196056244896,479.2811364904046,1646.862795281224,983.7554872447653,1091.9194,991.0144
2013-12-22 02:20:00+0100,5259,1052.2269612550735,1118.0166568756104,344.1962280273437,1613.2202266156671,1072.6763805950736,1152.9446,1043.2927
2013-12-22 02:30:00+0100,5259,1061.643681526184,1052.2269612550735,423.16737937927246,1639.2960657356307,1098.0545483902813,1103.5049,999.08984
2013-12-22 02:40:00+0100,5259,835.6273641586304,1061.643681526184,399.7209224253893,1669.6033935546875,1088.3782648164124,1088.0875,1029.3372
2013-12-22 02:50:00+0100,5259,1041.649884223938,835.6273641586304,389.9676223993301,1530.8673095703125,926.5870919829306,904.64545,812.7959
2013-12-22 03:00:00+0100,5259,999.2084453999996,1041.649884223938,368.2229677438736,1597.0030635297298,1003.7944253129342,992.2163,925.879
2013-12-22 03:10:00+0100,5259,820.409705042839,999.2084453999996,400.0104779973626,1529.9921875,944.2885761623594,983.9497,907.2061
2013-12-22 03:20:00+0100,5259,755.2862924337387,820.409705042839,342.7416076660156,1255.3953857421875,854.4486913103135,855.6668,829.76306
2013-12-22 03:30:00+0100,5259,766.4912538528442,755.2862924337387,298.1574478149414,1241.6431884765625,790.7496462366769,767.67175,725.4313
2013-12-22 03:40:00+0100,5259,650.0858716964722,766.4912538528442,299.0245056152344,1205.567626953125,745.179339587169,743.8496,729.35
2013-12-22 03:50:00+0100,5259,542.8725738227367,650.0858716964722,308.54463347792625,1061.0590133443477,632.8384214002255,655.3304,637.7248
2013-12-22 04:00:00+0100,5259,566.5800274312496,542.8725738227367,347.90203753113747,935.5220545232296,558.931020852251,556.2259,518.92
2013-12-22 04:10:00+0100,5259,569.781193614006,566.5800274312496,346.21343994140625,910.7272970676422,547.7235962480937,541.93835,515.458
2013-12-22 04:20:00+0100,5259,532.1655883789062,569.781193614006,249.62515258789065,852.828068614006,529.4675602869961,541.9331,518.0923
2013-12-22 04:30:00+0100,5259,370.3822021484375,532.1655883789062,243.95176696777344,814.0933609008789,515.6708959888401,521.53796,495.75244
2013-12-22 04:40:00+0100,5259,393.5229158401489,370.3822021484375,255.19741821289065,714.8816528320312,407.72893625675795,410.68457,361.78595
2013-12-22 04:50:00+0100,5259,431.6819055974484,393.5229158401489,206.6522521972656,592.0689940005541,385.54009477226543,388.6208,360.22705
2013-12-22 05:00:00+0100,5259,362.1343402862549,431.6819055974484,213.54368591308597,570.1552734375,373.40451183593973,403.43787,341.67706
2013-12-22 05:10:00+0100,5259,220.0657196044922,362.1343402862549,264.4783658757806,394.2449658811093,325.43503425861905,362.69897,328.59406
2013-12-22 05:20:00+0100,5259,183.95947265625,220.0657196044922,190.69512176513672,274.626953125,246.6807045032017,255.23901,222.56323
2013-12-22 05:30:00+0100,5259,186.99693298339844,183.95947265625,212.3159459233284,243.2546539306641,204.20785597779806,190.35767,183.82385
2013-12-22 05:40:00+0100,5259,184.6120468080044,186.99693298339844,240.7087860107422,240.17556762695312,166.11765241793813,163.82239,168.16895
2013-12-22 05:50:00+0100,5259,196.37655510008332,184.6120468080044,186.16050720214844,213.4386032819748,152.6349443013043,149.5199,155.05237
2013-12-22 06:00:00+0100,5259,167.44131469726562,196.37655510008332,223.51171875,206.1868438720703,184.57332903524548,150.97473,130.89612
2013-12-22 06:10:00+0100,5259,171.16751098632812,167.44131469726562,219.18960082530972,213.62037034332752,183.41184673180194,132.96936,132.18481
2013-12-22 06:20:00+0100,5259,191.29348754882807,171.16751098632812,205.6435416340828,220.3898468017578,182.96267007094104,130.37012,132.49634
2013-12-22 06:30:00+0100,5259,161.44585494697094,191.29348754882807,195.75174789130688,263.1749801412225,194.7320327824631,144.83423,123.36011
2013-12-22 06:40:00+0100,5259,170.60726928710938,161.44585494697094,246.6940086334944,252.20763002336025,183.86135013968698,132.43909,145.52051
2013-12-22 06:50:00+0100,5259,174.696407020092,170.60726928710938,202.8500213623047,241.4323272705078,187.01899870476063,137.69165,150.12366
2013-12-22 07:00:00+0100,5259,181.15367126464844,174.696407020092,217.661147415638,302.5989246368408,183.78484374179453,145.08289,128.31995
2013-12-22 07:10:00+0100,5259,198.8233427554369,181.15367126464844,227.7935028076172,264.2826886177063,181.26078512095566,154.90442,150.17126
2013-12-22 07:20:00+0100,5259,179.38575744628906,198.8233427554369,215.32537493109703,218.8335876464844,200.83086023181986,173.64929,157.98376
2013-12-22 07:30:00+0100,5259,180.7942047119141,179.38575744628906,221.06283569335935,234.3765690922737,207.06069991805487,168.5763,165.00757
2013-12-22 07:40:00+0100,5259,190.41839599609372,180.7942047119141,259.1468505859375,214.09871459007263,213.04263970515905,170.1886,175.91345
2013-12-22 07:50:00+0100,5259,172.8142852783203,190.41839599609372,272.07501220703125,223.05412769317627,207.5957879308667,178.62268,171.60315
2013-12-22 08:00:00+0100,5259,196.853679984808,172.8142852783203,285.72139878571033,224.95204446464777,201.44587734779626,169.16187,172.70532
2013-12-22 08:10:00+0100,5259,315.6802722364664,196.853679984808,278.95801012497395,240.8789108991623,221.32654360234585,184.19446,184.59143
2013-12-22 08:20:00+0100,5259,185.09996737539768,315.6802722364664,278.1963909417391,253.7721924185753,296.0337231356286,276.74426,230.27551
2013-12-22 08:30:00+0100,5259,205.30139437317848,185.09996737539768,231.95676236599684,260.2268464565277,256.4669936105135,212.83655,198.40417
2013-12-22 08:40:00+0100,5259,277.99747632443905,205.30139437317848,309.9158776476979,272.85060672741383,276.9082220292679,210.87537,232.43152
2013-12-22 08:50:00+0100,5259,269.7077634036541,277.99747632443905,275.5203204182908,264.0875096283853,291.5972446449062,261.78247,216.93872
2013-12-22 09:00:00+0100,5259,229.31062622368336,269.7077634036541,274.7701224684715,310.0061668632552,309.18445150847214,270.70837,254.46106
2013-12-22 09:10:00+0100,5259,251.14209866523743,229.31062622368336,374.7631425857544,267.56319403648376,281.9039608452762,245.55579,264.14465
2013-12-22 09:20:00+0100,5259,241.2510057538748,251.14209866523743,319.24483884871006,275.0236298441887,273.1668502883125,254.0326,271.85498
2013-12-22 09:30:00+0100,5259,260.7456752434373,241.2510057538748,368.6952734589577,284.07871456444263,263.7325175808236,247.30151,266.9641
2013-12-22 09:40:00+0100,5259,289.5526951579377,260.7456752434373,379.0768271461129,301.4908053986728,282.1729884515071,258.6449,293.3485
2013-12-22 09:50:00+0100,5259,317.6176852127537,289.5526951579377,361.6336700674146,383.1866394653917,297.0797102149179,283.36804,286.15808
2013-12-22 10:00:00+0100,5259,268.85624950379133,317.6176852127537,431.411056551151,374.5168108046055,325.1373257598941,313.2166,317.63727
2013-12-22 10:10:00+0100,5259,294.9297614125535,268.85624950379133,454.8043094752357,403.2712383270264,305.6690114762861,288.15015,325.14
2013-12-22 10:20:00+0100,5259,320.8619492202997,294.9297614125535,413.95542491972446,325.87304659187794,316.94045542928234,300.94458,325.97638
2013-12-22 10:30:00+0100,5259,332.91960399597883,320.8619492202997,484.3036588132381,373.0206205276773,346.5664462686068,323.09796,309.87152
2013-12-22 10:40:00+0100,5259,343.0650784447789,332.91960399597883,528.7534724054858,421.3176275184378,350.91643365108456,339.0185,364.76196
2013-12-22 10:50:00+0100,5259,319.65429247915745,343.0650784447789,653.6566920652986,408.5028627961874,346.402896125098,352.93945,363.60864
2013-12-22 11:00:00+0100,5259,393.0424275724217,319.65429247915745,439.9082014895976,397.17484221979976,337.0187084111225,340.51398,352.065
2013-12-22 11:10:00+0100,5259,390.8764166980982,393.0424275724217,483.705805985257,385.791742330417,384.99328632031796,392.37494,409.24316
2013-12-22 11:20:00+0100,5259,340.5895468201488,390.8764166980982,482.5962301371619,384.0332568790764,404.5755552303629,406.87885,395.74213
2013-12-22 11:30:00+0100,5259,336.1698710648343,340.5895468201488,496.2711615813896,437.6118837473914,405.17720230072496,375.26245,396.30292
2013-12-22 11:40:00+0100,5259,408.239665478468,336.1698710648343,505.2123070396483,468.2718291096389,364.3301196484175,361.60864,381.9264
2013-12-22 11:50:00+0100,5259,390.3638920933008,408.239665478468,596.369906517677,460.2287787599489,383.88048514727507,408.6424,387.75598
2013-12-22 12:00:00+0100,5259,392.3363105757162,390.3638920933008,616.4278953727335,461.2698522806168,404.7516608265721,407.8971,378.24298
2013-12-22 12:10:00+0100,5259,410.1356318667531,392.3363105757162,672.2705681025982,452.1032290458679,428.77898789183445,410.96497,407.09137
2013-12-22 12:20:00+0100,5259,415.6022378681228,410.1356318667531,606.2477829456329,521.82032600604,420.1970167105086,426.03992,395.3896
2013-12-22 12:30:00+0100,5259,443.7890473753214,415.6022378681228,611.7179951444268,455.2435113545507,443.09158536578616,434.76245,417.60114
2013-12-22 12:40:00+0100,5259,465.2192938476801,443.7890473753214,520.1665841639042,515.8655534442514,440.4480043601369,459.56628,444.12952
2013-12-22 12:50:00+0100,5259,453.2819961216301,465.2192938476801,497.5312389461324,524.9861258417368,458.99345716978246,484.73016,443.75525
2013-12-22 13:00:00+0100,5259,546.5486855143681,453.2819961216301,499.4650425668806,568.1585626807064,486.7911189425298,485.19006,467.26056
2013-12-22 13:10:00+0100,5259,502.91729359328747,546.5486855143681,581.1545286877081,545.4894560631365,518.2191548837181,559.27246,525.49097
2013-12-22 13:20:00+0100,5259,499.9190306151286,502.91729359328747,552.150576188229,521.9415884418413,514.1271968283032,550.54474,497.56213
2013-12-22 13:30:00+0100,5259,481.3729149326682,499.9190306151286,646.7218910939991,584.4990066941828,542.2001778490635,549.3558,528.284
2013-12-22 13:40:00+0100,5259,523.1231831386685,481.3729149326682,643.5366749595851,544.5050895987079,475.6608084712206,533.35144,511.09778
2013-12-22 13:50:00+0100,5259,493.44873328041285,523.1231831386685,555.0462012467906,576.538045684807,515.5320995829863,556.9852,507.18048
2013-12-22 14:00:00+0100,5259,613.056755409576,493.44873328041285,589.1825799494982,608.8552237972617,503.55876187207645,537.31464,502.14685
2013-12-22 14:10:00+0100,5259,622.0890835821629,613.056755409576,602.5065224720165,574.1188851296902,562.1418073056744,622.7809,583.8768
2013-12-22 14:20:00+0100,5259,585.462091515772,622.0890835821629,520.0025576828048,597.5659903315827,594.1339290901174,657.4477,596.0152
2013-12-22 14:30:00+0100,5259,575.9383674347773,585.462091515772,454.6469088969752,545.3737309835851,610.139889390656,646.2134,613.4088
2013-12-22 14:40:00+0100,5259,565.0086087435484,575.9383674347773,489.85046785883605,583.5854285433888,599.6586847337222,638.1271,627.62915
2013-12-22 14:50:00+0100,5259,508.6246763989329,565.0086087435484,527.1475094025955,579.256310865283,557.9408997278676,623.22327,601.8605
2013-12-22 15:00:00+0100,5259,573.563644528389,508.6246763989329,500.5272571966052,614.3338115019724,537.4723807512859,567.63824,558.54364
2013-12-22 15:10:00+0100,5259,540.9849686026573,573.563644528389,549.4680244028568,660.3100777864456,553.3166296741574,592.0112,579.81335
2013-12-22 15:20:00+0100,5259,499.3559753894806,540.9849686026573,474.7238163203001,630.1402148753405,530.8639352719149,566.8033,567.5646
2013-12-22 15:30:00+0100,5259,538.5697650369257,499.3559753894806,481.0931854015216,688.5080226538703,547.7746233201715,524.0015,556.92194
2013-12-22 15:40:00+0100,5259,542.6969340769574,538.5697650369257,564.0080904420465,669.7483560023829,558.0349363596315,536.1658,564.4187
2013-12-22 15:50:00+0100,5259,526.4453563150018,542.6969340769574,470.2981452429667,756.3937603160739,521.0357118712258,539.6791,557.7688
2013-12-22 16:00:00+0100,5259,529.1865463014692,526.4453563150018,507.5578895397484,651.9961198223755,532.2331794483403,528.88837,570.58093
2013-12-22 16:10:00+0100,5259,572.5314377248287,529.1865463014692,481.7478784248233,682.1540401652455,527.0011789951056,528.0758,565.8854
2013-12-22 16:20:00+0100,5259,532.5490498719737,572.5314377248287,476.9444813532755,642.4847436957061,575.9371872597728,559.9267,577.8102
2013-12-22 16:30:00+0100,5259,580.4256789498031,532.5490498719737,472.4901977414265,780.3022797880694,560.8899170450338,541.4993,570.03577
2013-12-22 16:40:00+0100,5259,647.1941164461896,580.4256789498031,574.7180950995535,733.3014641562477,557.728666261138,572.9016,606.4924
2013-12-22 16:50:00+0100,5259,558.8858438460156,647.1941164461896,477.4722181139514,663.2268812637776,611.9338650743085,633.4279,613.60504
2013-12-22 17:00:00+0100,5259,547.6403179466724,558.8858438460156,509.32197753340006,705.7347487360239,632.7188818620402,590.6687,593.35675
2013-12-22 17:10:00+0100,5259,564.817243129015,547.6403179466724,582.4520264174789,798.0473781228065,557.4878318186225,571.1152,586.51105
2013-12-22 17:20:00+0100,5259,590.0938586592674,564.817243129015,560.960020381026,650.0516304448247,519.4164528778904,573.8199,576.7745
2013-12-22 17:30:00+0100,5259,563.3900396889076,590.0938586592674,488.4851759886369,698.8134564161301,567.514688926962,590.0434,595.70215
2013-12-22 17:40:00+0100,5259,624.6272622346878,563.3900396889076,541.7732629813254,645.9125882834196,565.6482378644394,574.6948,599.90686
2013-12-22 17:50:00+0100,5259,532.3870129883289,624.6272622346878,444.5749393664301,818.2466655727476,587.652296279768,615.67426,616.90393
2013-12-22 18:00:00+0100,5259,516.3780461959541,532.3870129883289,530.2712399959564,638.7757386937737,549.0211922637241,560.5237,573.913
2013-12-22 18:10:00+0100,5259,556.7154299160466,516.3780461959541,533.8649142570794,683.1794547047466,505.00974282070115,531.0633,573.26794
2013-12-22 18:20:00+0100,5259,513.0400096504018,556.7154299160466,513.3554652109742,632.77072035335,518.6715920292816,546.9958,557.2295
2013-12-22 18:30:00+0100,5259,496.2418304234743,513.0400096504018,471.7497623562813,644.2330415248871,529.3827167958049,517.4786,550.75885
2013-12-22 18:40:00+0100,5259,521.3202460585162,496.2418304234743,558.7283533541486,650.6837803898379,487.4033809246715,495.51874,538.9948
2013-12-22 18:50:00+0100,5259,449.22076846659184,521.3202460585162,478.33829961530864,616.4275977127254,493.1653820739357,505.15936,538.88586
2013-12-22 19:00:00+0100,5259,456.6103872982785,449.22076846659184,481.8416759921238,640.2411038978025,471.4310683611933,455.20343,494.0398
2013-12-22 19:10:00+0100,5259,406.3913017734885,456.6103872982785,559.3178620738909,659.4586179358885,451.22439616489845,443.81525,511.9167
2013-12-22 19:20:00+0100,5259,376.7384744212032,406.3913017734885,554.104037838988,565.1807717131451,388.89385955437814,401.66418,458.37292
2013-12-22 19:30:00+0100,5259,331.3847910715267,376.7384744212032,547.5673317490146,529.3002015128732,375.016026330103,364.89496,442.8556
2013-12-22 19:40:00+0100,5259,360.70958233624697,331.3847910715267,554.0689059048891,547.7617338076234,325.80579911919045,318.05316,390.8714
2013-12-22 19:50:00+0100,5259,288.14632654190063,360.70958233624697,477.068557202816,470.55847942177206,325.700250889427,320.86877,376.0158
2013-12-22 20:00:00+0100,5259,307.3615231588483,288.14632654190063,460.97798027377576,434.2098797438666,302.13029038166985,269.70105,324.4356
2013-12-22 20:10:00+0100,5259,340.16920302063227,307.3615231588483,512.9554696828127,452.1059746174142,310.7317053838201,266.35278,332.82208
2013-12-22 20:20:00+0100,5259,283.1995478300378,340.16920302063227,443.4748097388074,438.89739813189954,306.6518330639686,288.42773,306.68243
2013-12-22 20:30:00+0100,5259,283.03538079559803,283.1995478300378,471.7085312185809,382.8554359180853,294.57959899846617,258.2423,316.98193
2013-12-22 20:40:00+0100,5259,243.07598839700225,283.03538079559803,444.98467314988375,413.78156645875424,294.176318919073,251.06018,312.64594
2013-12-22 20:50:00+0100,5259,211.08590891957283,243.07598839700225,426.4487539511174,382.254664696753,261.3042552813024,221.79419,262.6715
2013-12-22 21:00:00+0100,5259,229.33756060898304,211.08590891957283,461.8109067082405,385.3298591999337,234.19661485669766,190.56604,253.17554
2013-12-22 21:10:00+0100,5259,252.6313063604757,229.33756060898304,464.0794795155525,400.9537355154753,214.9980598299888,194.09204,235.50757
2013-12-22 21:20:00+0100,5259,232.5563433542848,252.6313063604757,454.74393569957465,363.7834879010916,236.255771470556,213.65527,227.52136
2013-12-22 21:30:00+0100,5259,243.38851533085108,232.5563433542848,432.8028406081721,383.6260601654649,248.05316995880332,209.28125,237.24622
2013-12-22 21:40:00+0100,5259,239.4494090527296,243.38851533085108,455.83198705594987,384.9312411332503,263.4622455657907,219.64368,259.18176
2013-12-22 21:50:00+0100,5259,226.13972082734108,239.4494090527296,469.578068330884,399.5326794981957,254.84371046892693,223.03723,232.84314
2013-12-22 22:00:00+0100,5259,218.93284825980663,226.13972082734108,430.80714787822217,403.2884575454518,227.45931787460108,216.77344,244.08643
2013-12-22 22:10:00+0100,5259,234.4774257838726,218.93284825980663,462.61898905038834,367.3488396508619,230.55469813847694,210.93494,244.05139
2013-12-22 22:20:00+0100,5259,231.87493855785576,234.4774257838726,474.3350710272789,330.2740032374859,248.05687432487676,221.0039,230.4137
2013-12-22 22:30:00+0100,5259,213.883544921875,231.87493855785576,472.1513925669715,340.20810512267053,235.7756818025047,222.95471,230.28088
2013-12-22 22:40:00+0100,5259,209.93727228045464,213.883544921875,466.9173333067447,359.22537560854107,239.54428224030372,211.47327,238.46411
2013-12-22 22:50:00+0100,5259,209.0928248167038,209.93727228045464,535.2953677801415,403.9897912442684,227.52181097486005,205.4541,221.71521
2013-12-22 23:00:00+0100,5259,213.3053958071396,209.0928248167038,518.0398623943329,329.9343264726922,213.02877062168068,202.66772,216.90881
2013-12-22 23:10:00+0100,5259,238.21700793504715,213.3053958071396,441.8685345649719,344.0484482133761,215.283912406308,204.76794,230.84216
2013-12-22 23:20:00+0100,5259,188.37274918705225,238.21700793504715,385.2777906656265,329.4347664443776,218.77752970126295,224.20288,228.75183
2013-12-22 23:30:00+0100,5259,219.6161221591756,188.37274918705225,364.3630175590515,298.965388417244,206.79190902343643,194.69641,222.93066
2013-12-22 23:40:00+0100,5259,247.00483829528093,219.6161221591756,409.0307794138789,283.50646214187145,213.75159317060567,209.13452,237.3628
2013-12-22 23:50:00+0100,5259,202.41368436813357,247.00483829528093,324.79206600319594,252.5377538204193,234.04433283011429,233.49023,227.2378
